Liczba wypadków,Liczba zabitych,Liczba rannych,Rok,Warunki atmosferyczne,Rodzaj zdarzenia,Warunki atmosferyczne,Oświetlenie,Charakterystyka miejsca zdarzenia,IDKSIP zdarzenia,Godzina,Dzień,Ranny,GPS x,GPS y,Numer drogi,Obszar,Geometria drogi,Kategoria drogi 1,Rodzaj drogi,Czy w zdarzeniu był sprawca nietrzeźwy,Powiat,Gmina
1,0,1,2018,Dobre warunki atmosferyczne,Inne,Dobre warunki atmosferyczne,Światło dzienne,Jezdnia,EWK-107292135F,18,2018-09-06,Lekko,21*10'034,51*07'103,P3553W,Obszar zabudowany,"Zakręt, łuk",Droga powiatowa,Jednojezdniowa dwukierunkowa,N,POWIAT RADOMSKI,IŁŻA - OBSZAR WIEJSKI
1,0,1,2018,Dobre warunki atmosferyczne,Inne,Dobre warunki atmosferyczne,Światło dzienne,Jezdnia,EWK-107309807U,7,2018-09-19,Lekko,21*35'469,51*51'130,P1325W,Obszar zabudowany,Odcinek prosty,Droga powiatowa,Jednojezdniowa dwukierunkowa,N,POWIAT GARWOLIŃSKI,GARWOLIN - OBSZAR WIEJSKI
1,0,1,2018,Dobre warunki atmosferyczne,Inne,Dobre warunki atmosferyczne,Światło dzienne,Jezdnia,EWK-107322084F,12,2018-09-28,Lekko,21*24'125,52*36'068,GMINNA,Obszar zabudowany,Odcinek prosty,Droga gminna,Jednojezdniowa dwukierunkowa,N,POWIAT WYSZKOWSKI,WYSZKÓW - OBSZAR WIEJSKI
1,0,0,2018,Dobre warunki atmosferyczne,Inne,Dobre warunki atmosferyczne,Światło dzienne,Jezdnia,EWK-107322084F,12,2018-09-28,Nieokreślone (puste pole),21*24'125,52*36'068,GMINNA,Obszar zabudowany,Odcinek prosty,Droga gminna,Jednojezdniowa dwukierunkowa,N,POWIAT WYSZKOWSKI,WYSZKÓW - OBSZAR WIEJSKI
1,0,1,2018,Dobre warunki atmosferyczne,Inne,Dobre warunki atmosferyczne,Światło dzienne,Jezdnia,EWK-107370714W,9,2018-10-12,Lekko,21*10'317,53*02'058,544,Obszar niezabudowany,Odcinek prosty,Droga wojewódzka,Jednojezdniowa dwukierunkowa,N,POWIAT MAKOWSKI,KRASNOSIELC - OBSZAR WIEJSKI
1,0,0,2018,Dobre warunki atmosferyczne,Inne,Dobre warunki atmosferyczne,Światło dzienne,Jezdnia,EWK-107370714W,9,2018-10-12,Nieokreślone (puste pole),21*10'317,53*02'058,544,Obszar niezabudowany,Odcinek prosty,Droga wojewódzka,Jednojezdniowa dwukierunkowa,N,POWIAT MAKOWSKI,KRASNOSIELC - OBSZAR WIEJSKI
1,0,1,2018,Dobre warunki atmosferyczne,Inne,Dobre warunki atmosferyczne,Światło dzienne,Jezdnia,EWK-107382710F,16,2018-10-16,Lekko,20*41'009,51*27'551,727,Obszar zabudowany,Odcinek prosty,Droga wojewódzka,Jednojezdniowa dwukierunkowa,N,POWIAT PRZYSUSKI,KLWÓW - OBSZAR WIEJSKI
1,0,0,2018,Dobre warunki atmosferyczne,Inne,Dobre warunki atmosferyczne,Światło dzienne,Jezdnia,EWK-107382710F,16,2018-10-16,Nieokreślone (puste pole),20*41'009,51*27'551,727,Obszar zabudowany,Odcinek prosty,Droga wojewódzka,Jednojezdniowa dwukierunkowa,N,POWIAT PRZYSUSKI,KLWÓW - OBSZAR WIEJSKI
1,0,1,2018,Dobre warunki atmosferyczne,Inne,Dobre warunki atmosferyczne,Światło dzienne,Jezdnia,EWK-107394516K,15,2018-10-22,Lekko,20*53'576,51*52'309,K50S,Obszar zabudowany,Wzniesienie,Droga krajowa,Jednojezdniowa dwukierunkowa,N,POWIAT GRÓJECKI,GRÓJEC - OBSZAR WIEJSKI
1,0,0,2018,Dobre warunki atmosferyczne,Inne,Dobre warunki atmosferyczne,Światło dzienne,Jezdnia,EWK-107394516K,15,2018-10-22,Nieokreślone (puste pole),20*53'576,51*52'309,K50S,Obszar zabudowany,Wzniesienie,Droga krajowa,Jednojezdniowa dwukierunkowa,N,POWIAT GRÓJECKI,GRÓJEC - OBSZAR WIEJSKI
1,0,2,2018,Dobre warunki atmosferyczne,Inne,Dobre warunki atmosferyczne,Światło dzienne,Jezdnia,EWK-107437589L,12,2018-11-13,Ciężko,20*49'393,51*50'240,728,Obszar niezabudowany,Spadek,Droga wojewódzka,Jednojezdniowa dwukierunkowa,N,POWIAT GRÓJECKI,BELSK DUŻY - OBSZAR WIEJSKI
1,0,0,2018,Dobre warunki atmosferyczne,Inne,Dobre warunki atmosferyczne,Światło dzienne,Jezdnia,EWK-107437589L,12,2018-11-13,Nieokreślone (puste pole),20*49'393,51*50'240,728,Obszar niezabudowany,Spadek,Droga wojewódzka,Jednojezdniowa dwukierunkowa,N,POWIAT GRÓJECKI,BELSK DUŻY - OBSZAR WIEJSKI
1,0,1,2018,Dobre warunki atmosferyczne,Inne,Dobre warunki atmosferyczne,Światło dzienne,Pobocze,EWK-106665698M,10,2018-01-09,Lekko,19*49'113,52*36'221,568,Obszar niezabudowany,Odcinek prosty,Droga wojewódzka,Jednojezdniowa dwukierunkowa,N,POWIAT PŁOCKI,RADZANOWO - OBSZAR WIEJSKI
1,0,1,2018,Dobre warunki atmosferyczne,Inne,Dobre warunki atmosferyczne,Światło dzienne,Pobocze,EWK-106811224Q,5,2018-03-23,Lekko,22*17'379,52*23'380,62,Obszar niezabudowany,Odcinek prosty,Droga krajowa,Jednojezdniowa dwukierunkowa,N,POWIAT SOKOŁOWSKI,SOKOŁÓW PODLASKI - OBSZAR WIEJSKI
1,0,0,2018,Dobre warunki atmosferyczne,Inne,Dobre warunki atmosferyczne,Światło dzienne,Pobocze,EWK-106811224Q,5,2018-03-23,Nieokreślone (puste pole),22*17'379,52*23'380,62,Obszar niezabudowany,Odcinek prosty,Droga krajowa,Jednojezdniowa dwukierunkowa,N,POWIAT SOKOŁOWSKI,SOKOŁÓW PODLASKI - OBSZAR WIEJSKI
1,0,1,2018,Dobre warunki atmosferyczne,Inne,Dobre warunki atmosferyczne,Światło dzienne,Pobocze,EWK-107026200U,20,2018-06-16,Ciężko,21*21'292,51*37'230,P1712W,Obszar niezabudowany,Odcinek prosty,Droga powiatowa,Jednojezdniowa dwukierunkowa,N,POWIAT KOZIENICKI,GŁOWACZÓW - OBSZAR WIEJSKI
1,0,1,2018,Dobre warunki atmosferyczne,Inne,Dobre warunki atmosferyczne,Światło dzienne,Pobocze,EWK-107026200U,20,2018-06-16,Lekko,21*21'292,51*37'230,P1712W,Obszar niezabudowany,Odcinek prosty,Droga powiatowa,Jednojezdniowa dwukierunkowa,N,POWIAT KOZIENICKI,GŁOWACZÓW - OBSZAR WIEJSKI
1,0,0,2018,Dobre warunki atmosferyczne,Inne,Dobre warunki atmosferyczne,Światło dzienne,Pobocze,EWK-107026200U,20,2018-06-16,Nieokreślone (puste pole),21*21'292,51*37'230,P1712W,Obszar niezabudowany,Odcinek prosty,Droga powiatowa,Jednojezdniowa dwukierunkowa,N,POWIAT KOZIENICKI,GŁOWACZÓW - OBSZAR WIEJSKI
1,0,1,2018,Dobre warunki atmosferyczne,Inne,Dobre warunki atmosferyczne,Światło dzienne,Pobocze,EWK-107090455R,14,2018-07-08,Lekko,21*39'420,51*44'502,,Obszar zabudowany,Odcinek prosty,Nieokreślone (puste pole),Jednojezdniowa dwukierunkowa,N,POWIAT GARWOLIŃSKI,SOBOLEW - OBSZAR WIEJSKI
1,0,0,2018,Dobre warunki atmosferyczne,Inne,Dobre warunki atmosferyczne,Światło dzienne,Pobocze,EWK-107090455R,14,2018-07-08,Nieokreślone (puste pole),21*39'420,51*44'502,,Obszar zabudowany,Odcinek prosty,Nieokreślone (puste pole),Jednojezdniowa dwukierunkowa,N,POWIAT GARWOLIŃSKI,SOBOLEW - OBSZAR WIEJSKI
1,0,1,2018,Dobre warunki atmosferyczne,Inne,Dobre warunki atmosferyczne,Światło dzienne,Pobocze,EWK-107276870J,9,2018-09-12,Lekko,21*30'442,53*22'183,647,Obszar niezabudowany,,Droga wojewódzka,Jednojezdniowa dwukierunkowa,N,POWIAT OSTROŁĘCKI,ŁYSE - OBSZAR WIEJSKI
1,0,0,2018,Dobre warunki atmosferyczne,Inne,Dobre warunki atmosferyczne,Światło dzienne,Pobocze,EWK-107276870J,9,2018-09-12,Nieokreślone (puste pole),21*30'442,53*22'183,647,Obszar niezabudowany,,Droga wojewódzka,Jednojezdniowa dwukierunkowa,N,POWIAT OSTROŁĘCKI,ŁYSE - OBSZAR WIEJSKI
1,0,1,2018,Dobre warunki atmosferyczne,Inne,Dobre warunki atmosferyczne,Światło dzienne,Przejście dla pieszych,EWK-107063881D,12,2018-06-26,Lekko,20*14'449,52*13'579,GMINNA,Obszar zabudowany,,Droga gminna,Jednojezdniowa dwukierunkowa,N,POWIAT SOCHACZEWSKI,SOCHACZEW - OBSZAR MIEJSKI
1,0,0,2018,Dobre warunki atmosferyczne,Inne,Dobre warunki atmosferyczne,Światło dzienne,Przejście dla pieszych,EWK-107063881D,12,2018-06-26,Nieokreślone (puste pole),20*14'449,52*13'579,GMINNA,Obszar zabudowany,,Droga gminna,Jednojezdniowa dwukierunkowa,N,POWIAT SOCHACZEWSKI,SOCHACZEW - OBSZAR MIEJSKI
1,0,1,2018,Dobre warunki atmosferyczne,Inne,Dobre warunki atmosferyczne,Światło dzienne,"Roboty drogowe, oznakowanie tymczasowe",EWK-107093003N,14,2018-07-04,Ciężko,19*40'364,52*33'579,5207W,Obszar zabudowany,Odcinek prosty,Droga powiatowa,Jednojezdniowa dwukierunkowa,N,POWIAT PŁOCK,PŁOCK - OBSZAR MIEJSKI
1,0,0,2018,Dobre warunki atmosferyczne,Inne,Dobre warunki atmosferyczne,Światło dzienne,"Roboty drogowe, oznakowanie tymczasowe",EWK-107093003N,14,2018-07-04,Nieokreślone (puste pole),19*40'364,52*33'579,5207W,Obszar zabudowany,Odcinek prosty,Droga powiatowa,Jednojezdniowa dwukierunkowa,N,POWIAT PŁOCK,PŁOCK - OBSZAR MIEJSKI
1,0,1,2018,Dobre warunki atmosferyczne,Inne,Dobre warunki atmosferyczne,Światło dzienne,"Skarpa, rów",EWK-106891141P,18,2018-04-15,Lekko,20*48'279,52*43'271,P1242W,Obszar niezabudowany,Odcinek prosty,Droga powiatowa,Jednojezdniowa dwukierunkowa,T,POWIAT PUŁTUSKI,GZY - OBSZAR WIEJSKI
1,0,0,2018,Dobre warunki atmosferyczne,Inne,Dobre warunki atmosferyczne,Światło dzienne,"Skarpa, rów",EWK-106891141P,18,2018-04-15,Nieokreślone (puste pole),20*48'279,52*43'271,P1242W,Obszar niezabudowany,Odcinek prosty,Droga powiatowa,Jednojezdniowa dwukierunkowa,T,POWIAT PUŁTUSKI,GZY - OBSZAR WIEJSKI
1,0,1,2018,Dobre warunki atmosferyczne,Inne,Dobre warunki atmosferyczne,Światło dzienne,"Skarpa, rów",EWK-106891498T,7,2018-04-13,Lekko,23*02'097,52*11'166,698,Obszar niezabudowany,"Zakręt, łuk",Droga wojewódzka,Jednojezdniowa dwukierunkowa,N,POWIAT ŁOSICKI,STARA KORNICA - OBSZAR WIEJSKI
1,0,1,2018,Dobre warunki atmosferyczne,Inne,Dobre warunki atmosferyczne,Światło dzienne,"Skarpa, rów",EWK-107098767X,13,2018-07-11,Lekko,20*40'493,51*28'546,727,Obszar zabudowany,,Droga wojewódzka,Jednojezdniowa dwukierunkowa,T,POWIAT PRZYSUSKI,KLWÓW - OBSZAR WIEJSKI
1,0,0,2018,Dobre warunki atmosferyczne,Inne,Dobre warunki atmosferyczne,Światło dzienne,"Skarpa, rów",EWK-107098767X,13,2018-07-11,Nieokreślone (puste pole),20*40'493,51*28'546,727,Obszar zabudowany,,Droga wojewódzka,Jednojezdniowa dwukierunkowa,T,POWIAT PRZYSUSKI,KLWÓW - OBSZAR WIEJSKI
1,0,3,2018,Dobre warunki atmosferyczne,Inne,Dobre warunki atmosferyczne,Światło dzienne,"Skarpa, rów",EWK-107256005D,18,2018-09-02,Lekko,20*57'018,51*12'203,P4015W,Obszar zabudowany,"Zakręt, łuk; Wzniesienie",Droga powiatowa,Jednojezdniowa dwukierunkowa,N,POWIAT SZYDŁOWIECKI,JASTRZĄB - OBSZAR WIEJSKI
1,0,0,2018,Dobre warunki atmosferyczne,Inne,Dobre warunki atmosferyczne,Światło dzienne,"Skarpa, rów",EWK-107256005D,18,2018-09-02,Nieokreślone (puste pole),20*57'018,51*12'203,P4015W,Obszar zabudowany,"Zakręt, łuk; Wzniesienie",Droga powiatowa,Jednojezdniowa dwukierunkowa,N,POWIAT SZYDŁOWIECKI,JASTRZĄB - OBSZAR WIEJSKI
1,0,1,2018,Dobre warunki atmosferyczne,Inne,Dobre warunki atmosferyczne,Światło dzienne,"Skarpa, rów",EWK-107269157A,9,2018-09-09,Lekko,19*48'168,52*26'026,575,Obszar niezabudowany,"Zakręt, łuk",Droga wojewódzka,Jednojezdniowa dwukierunkowa,N,POWIAT PŁOCKI,GĄBIN - OBSZAR WIEJSKI
1,0,1,2018,Dobre warunki atmosferyczne,Inne,Dobre warunki atmosferyczne,Światło dzienne,"Skarpa, rów",EWK-107277094K,12,2018-09-12,Ciężko,21*12'077,51*46'057,730,Obszar niezabudowany,Odcinek prosty,Droga wojewódzka,Jednojezdniowa dwukierunkowa,N,POWIAT KOZIENICKI,GRABÓW NAD PILICĄ - OBSZAR WIEJSKI
1,0,0,2018,Dobre warunki atmosferyczne,Inne,Dobre warunki atmosferyczne,Światło dzienne,"Skarpa, rów",EWK-107277094K,12,2018-09-12,Nieokreślone (puste pole),21*12'077,51*46'057,730,Obszar niezabudowany,Odcinek prosty,Droga wojewódzka,Jednojezdniowa dwukierunkowa,N,POWIAT KOZIENICKI,GRABÓW NAD PILICĄ - OBSZAR WIEJSKI
1,0,1,2018,Dobre warunki atmosferyczne,Inne,Dobre warunki atmosferyczne,Światło dzienne,"Skarpa, rów",EWK-107387568M,11,2018-10-18,Ciężko,19*36'042,52*25'487,P1452W,Obszar niezabudowany,Odcinek prosty,Droga powiatowa,Jednojezdniowa dwukierunkowa,N,POWIAT PŁOCKI,ŁĄCK - OBSZAR WIEJSKI
1,0,3,2018,Dobre warunki atmosferyczne,Inne,Dobre warunki atmosferyczne,Światło dzienne,"Wjazd, wyjazd z posesji, pola",EWK-107432243E,15,2018-11-07,Lekko,21*08'205,51*23'265,12,Obszar zabudowany,Odcinek prosty,Droga krajowa,Jednojezdniowa dwukierunkowa,N,POWIAT RADOM,RADOM - OBSZAR MIEJSKI
1,0,0,2018,Dobre warunki atmosferyczne,Inne,Dobre warunki atmosferyczne,Światło dzienne,"Wjazd, wyjazd z posesji, pola",EWK-107432243E,15,2018-11-07,Nieokreślone (puste pole),21*08'205,51*23'265,12,Obszar zabudowany,Odcinek prosty,Droga krajowa,Jednojezdniowa dwukierunkowa,N,POWIAT RADOM,RADOM - OBSZAR MIEJSKI
1,0,1,2018,Dobre warunki atmosferyczne,Inne,Dobre warunki atmosferyczne,"Świt, zmrok",Jezdnia,EWK-106917316Y,5,2018-04-29,Lekko,19*55'326,52*36'475,567,Obszar niezabudowany,Odcinek prosty,Droga wojewódzka,Jednojezdniowa dwukierunkowa,T,POWIAT PŁOCKI,STAROŹREBY - OBSZAR WIEJSKI
1,0,1,2018,Dobre warunki atmosferyczne,Inne,Dobre warunki atmosferyczne,"Świt, zmrok",Jezdnia,EWK-106922945G,20,2018-05-02,Ciężko,22*12'559,52*47'313,P2608W,Obszar zabudowany,Odcinek prosty,Droga powiatowa,Jednojezdniowa dwukierunkowa,N,POWIAT OSTROWSKI,ANDRZEJEWO - OBSZAR WIEJSKI
1,0,0,2018,Dobre warunki atmosferyczne,Inne,Dobre warunki atmosferyczne,"Świt, zmrok",Jezdnia,EWK-106922945G,20,2018-05-02,Nieokreślone (puste pole),22*12'559,52*47'313,P2608W,Obszar zabudowany,Odcinek prosty,Droga powiatowa,Jednojezdniowa dwukierunkowa,N,POWIAT OSTROWSKI,ANDRZEJEWO - OBSZAR WIEJSKI
1,0,1,2018,Dobre warunki atmosferyczne,Inne,Dobre warunki atmosferyczne,"Świt, zmrok",Jezdnia,EWK-107265644F,19,2018-09-07,Lekko,21*53'235,51*48'365,807,Obszar zabudowany,,Droga wojewódzka,Jednojezdniowa dwukierunkowa,N,POWIAT GARWOLIŃSKI,ŻELECHÓW - OBSZAR MIEJSKI
1,0,0,2018,Dobre warunki atmosferyczne,Inne,Dobre warunki atmosferyczne,"Świt, zmrok",Jezdnia,EWK-107265644F,19,2018-09-07,Nieokreślone (puste pole),21*53'235,51*48'365,807,Obszar zabudowany,,Droga wojewódzka,Jednojezdniowa dwukierunkowa,N,POWIAT GARWOLIŃSKI,ŻELECHÓW - OBSZAR MIEJSKI
1,0,1,2018,Dobre warunki atmosferyczne,Inne,Dobre warunki atmosferyczne,"Świt, zmrok",Pobocze,EWK-106970749K,4,2018-05-27,Lekko,22*40'053,52*12'443,698,Obszar niezabudowany,Odcinek prosty,Droga wojewódzka,Jednojezdniowa dwukierunkowa,T,POWIAT ŁOSICKI,ŁOSICE - OBSZAR WIEJSKI
1,0,0,2018,Dobre warunki atmosferyczne,Inne,Dobre warunki atmosferyczne,"Świt, zmrok",Pobocze,EWK-106970749K,4,2018-05-27,Nieokreślone (puste pole),22*40'053,52*12'443,698,Obszar niezabudowany,Odcinek prosty,Droga wojewódzka,Jednojezdniowa dwukierunkowa,T,POWIAT ŁOSICKI,ŁOSICE - OBSZAR WIEJSKI
1,0,1,2018,Dobre warunki atmosferyczne,Najechanie na barierę ochronną,Dobre warunki atmosferyczne,Noc - droga nieoświetlona,Jezdnia,EWK-106750499U,20,2018-02-22,Ciężko,20*51'205,51*52'438,S7,Obszar niezabudowany,Odcinek prosty,Droga krajowa,Ekspresowa,N,POWIAT GRÓJECKI,GRÓJEC - OBSZAR MIEJSKI
1,0,0,2018,Dobre warunki atmosferyczne,Najechanie na barierę ochronną,Dobre warunki atmosferyczne,Noc - droga nieoświetlona,Jezdnia,EWK-106750499U,20,2018-02-22,Nieokreślone (puste pole),20*51'205,51*52'438,S7,Obszar niezabudowany,Odcinek prosty,Droga krajowa,Ekspresowa,N,POWIAT GRÓJECKI,GRÓJEC - OBSZAR MIEJSKI
1,0,1,2018,Dobre warunki atmosferyczne,Najechanie na barierę ochronną,Dobre warunki atmosferyczne,Noc - droga oświetlona,"Most, wiadukt, łącznica, tunel",EWK-106955795D,2,2018-05-19,Ciężko,19*43'358,52*31'128,60,Obszar niezabudowany,Odcinek prosty,Droga krajowa,Dwie jezdnie jednokierunkowe,N,POWIAT PŁOCK,PŁOCK - OBSZAR MIEJSKI
1,0,2,2018,Dobre warunki atmosferyczne,Najechanie na barierę ochronną,Dobre warunki atmosferyczne,Noc - droga oświetlona,"Most, wiadukt, łącznica, tunel",EWK-106955795D,2,2018-05-19,Lekko,19*43'358,52*31'128,60,Obszar niezabudowany,Odcinek prosty,Droga krajowa,Dwie jezdnie jednokierunkowe,N,POWIAT PŁOCK,PŁOCK - OBSZAR MIEJSKI
1,0,0,2018,Dobre warunki atmosferyczne,Najechanie na barierę ochronną,Dobre warunki atmosferyczne,Noc - droga oświetlona,"Most, wiadukt, łącznica, tunel",EWK-106955795D,2,2018-05-19,Nieokreślone (puste pole),19*43'358,52*31'128,60,Obszar niezabudowany,Odcinek prosty,Droga krajowa,Dwie jezdnie jednokierunkowe,N,POWIAT PŁOCK,PŁOCK - OBSZAR MIEJSKI
1,0,1,2018,Dobre warunki atmosferyczne,Najechanie na barierę ochronną,Dobre warunki atmosferyczne,Noc - droga oświetlona,Pobocze,EWK-107254239M,22,2018-09-03,Lekko,20*21'249,52*05'163,A2,Obszar niezabudowany,"Zakręt, łuk",Autostrada,Autostrada,N,POWIAT ŻYRARDOWSKI,WISKITKI - OBSZAR WIEJSKI
1,0,1,2018,Dobre warunki atmosferyczne,Najechanie na barierę ochronną,Dobre warunki atmosferyczne,Światło dzienne,"Chodnik, droga dla pieszych",EWK-107026340U,6,2018-06-17,Lekko,20*34'282,51*58'171,1527W,Obszar niezabudowany,,Droga powiatowa,Jednojezdniowa dwukierunkowa,T,POWIAT ŻYRARDOWSKI,MSZCZONÓW - OBSZAR WIEJSKI
1,0,1,2018,Dobre warunki atmosferyczne,Najechanie na barierę ochronną,Dobre warunki atmosferyczne,Światło dzienne,"Chodnik, droga dla pieszych",EWK-107251175R,11,2018-09-02,Lekko,22*15'172,52*10'102,P,Obszar zabudowany,Odcinek prosty,Droga powiatowa,Jednojezdniowa dwukierunkowa,N,POWIAT SIEDLCE,SIEDLCE - OBSZAR MIEJSKI
1,0,1,2018,Dobre warunki atmosferyczne,Najechanie na barierę ochronną,Dobre warunki atmosferyczne,Światło dzienne,Jezdnia,EWK-106675356C,13,2018-01-15,Lekko,21*06'479,51*30'573,7,Obszar niezabudowany,Odcinek prosty,Droga krajowa,Dwie jezdnie jednokierunkowe,N,POWIAT RADOMSKI,JEDLIŃSK - OBSZAR WIEJSKI
1,0,1,2018,Dobre warunki atmosferyczne,Najechanie na barierę ochronną,Dobre warunki atmosferyczne,Światło dzienne,Jezdnia,EWK-106918733E,10,2018-05-01,Ciężko,20*21'239,52*05'110,A2,Obszar niezabudowany,Odcinek prosty,Autostrada,Autostrada,N,POWIAT ŻYRARDOWSKI,WISKITKI - OBSZAR WIEJSKI
1,0,0,2018,Dobre warunki atmosferyczne,Najechanie na barierę ochronną,Dobre warunki atmosferyczne,Światło dzienne,Jezdnia,EWK-106918733E,10,2018-05-01,Nieokreślone (puste pole),20*21'239,52*05'110,A2,Obszar niezabudowany,Odcinek prosty,Autostrada,Autostrada,N,POWIAT ŻYRARDOWSKI,WISKITKI - OBSZAR WIEJSKI
1,0,3,2018,Dobre warunki atmosferyczne,Najechanie na barierę ochronną,Dobre warunki atmosferyczne,Światło dzienne,Jezdnia,EWK-107053097R,11,2018-06-22,Lekko,22*22'021,52*05'124,,Obszar zabudowany,Odcinek prosty,Nieokreślone (puste pole),Jednojezdniowa dwukierunkowa,N,POWIAT SIEDLECKI,ZBUCZYN - OBSZAR WIEJSKI
1,0,0,2018,Dobre warunki atmosferyczne,Najechanie na barierę ochronną,Dobre warunki atmosferyczne,Światło dzienne,Jezdnia,EWK-107053097R,11,2018-06-22,Nieokreślone (puste pole),22*22'021,52*05'124,,Obszar zabudowany,Odcinek prosty,Nieokreślone (puste pole),Jednojezdniowa dwukierunkowa,N,POWIAT SIEDLECKI,ZBUCZYN - OBSZAR WIEJSKI
1,0,1,2018,Dobre warunki atmosferyczne,Najechanie na barierę ochronną,Dobre warunki atmosferyczne,Światło dzienne,"Skarpa, rów",EWK-106901243Q,15,2018-04-20,Ciężko,19*38'191,52*48'158,G370513W,Obszar niezabudowany,Odcinek prosty,Droga gminna,Jednojezdniowa dwukierunkowa,T,POWIAT SIERPECKI,SIERPC - OBSZAR WIEJSKI
1,0,1,2018,Dobre warunki atmosferyczne,Najechanie na barierę ochronną,Dobre warunki atmosferyczne,Światło dzienne,"Skarpa, rów",EWK-107265342F,17,2018-09-07,Lekko,21*01'472,53*10'472,P3234W,Obszar niezabudowany,Odcinek prosty,Droga powiatowa,Jednojezdniowa dwukierunkowa,N,POWIAT PRZASNYSKI,JEDNOROŻEC - OBSZAR WIEJSKI
1,0,1,2018,Dobre warunki atmosferyczne,Najechanie na barierę ochronną,Dobre warunki atmosferyczne,"Świt, zmrok",Jezdnia,EWK-107323479M,5,2018-09-29,Lekko,21*30'255,52*37'342,S8W,Obszar niezabudowany,"Zakręt, łuk",Droga krajowa,Ekspresowa,N,POWIAT WYSZKOWSKI,BRAŃSZCZYK - OBSZAR WIEJSKI
1,0,0,2018,Dobre warunki atmosferyczne,Najechanie na barierę ochronną,Dobre warunki atmosferyczne,"Świt, zmrok",Jezdnia,EWK-107323479M,5,2018-09-29,Nieokreślone (puste pole),21*30'255,52*37'342,S8W,Obszar niezabudowany,"Zakręt, łuk",Droga krajowa,Ekspresowa,N,POWIAT WYSZKOWSKI,BRAŃSZCZYK - OBSZAR WIEJSKI
1,2,0,2018,Dobre warunki atmosferyczne,Najechanie na drzewo,Dobre warunki atmosferyczne,Noc - droga nieoświetlona,Jezdnia,EWK-106673830F,21,2018-01-14,Nieokreślone (puste pole),21*27'485,52*34'043,GMINNA,Obszar niezabudowany,Odcinek prosty,Droga gminna,Jednojezdniowa dwukierunkowa,N,POWIAT WYSZKOWSKI,WYSZKÓW - OBSZAR WIEJSKI
1,1,0,2018,Dobre warunki atmosferyczne,Najechanie na drzewo,Dobre warunki atmosferyczne,Noc - droga nieoświetlona,Jezdnia,EWK-106789995W,4,2018-03-11,Nieokreślone (puste pole),21*35'528,51*44'338,P1348W,Obszar niezabudowany,Odcinek prosty,Droga powiatowa,Jednojezdniowa dwukierunkowa,N,POWIAT GARWOLIŃSKI,SOBOLEW - OBSZAR WIEJSKI
1,0,1,2018,Dobre warunki atmosferyczne,Najechanie na drzewo,Dobre warunki atmosferyczne,Noc - droga nieoświetlona,Jezdnia,EWK-106807812R,23,2018-03-21,Lekko,19*50'302,52*22'282,P1455W,Obszar zabudowany,Odcinek prosty,Droga powiatowa,Jednojezdniowa dwukierunkowa,N,POWIAT GOSTYNIŃSKI,SANNIKI - OBSZAR WIEJSKI
1,1,0,2018,Dobre warunki atmosferyczne,Najechanie na drzewo,Dobre warunki atmosferyczne,Noc - droga nieoświetlona,Jezdnia,EWK-106817205A,5,2018-03-27,Nieokreślone (puste pole),20*29'257,52*56'518,615,Obszar niezabudowany,Odcinek prosty,Droga wojewódzka,Jednojezdniowa dwukierunkowa,N,POWIAT CIECHANOWSKI,REGIMIN - OBSZAR WIEJSKI
1,0,1,2018,Dobre warunki atmosferyczne,Najechanie na drzewo,Dobre warunki atmosferyczne,Noc - droga nieoświetlona,Jezdnia,EWK-106956745U,7,2018-05-20,Lekko,20*04'395,52*22'010,GMINNA,Obszar niezabudowany,Odcinek prosty,Droga gminna,Jednojezdniowa dwukierunkowa,N,POWIAT SOCHACZEWSKI,IŁÓW - OBSZAR WIEJSKI
1,0,0,2018,Dobre warunki atmosferyczne,Najechanie na drzewo,Dobre warunki atmosferyczne,Noc - droga nieoświetlona,Jezdnia,EWK-106956745U,7,2018-05-20,Nieokreślone (puste pole),20*04'395,52*22'010,GMINNA,Obszar niezabudowany,Odcinek prosty,Droga gminna,Jednojezdniowa dwukierunkowa,N,POWIAT SOCHACZEWSKI,IŁÓW - OBSZAR WIEJSKI
1,0,1,2018,Dobre warunki atmosferyczne,Najechanie na drzewo,Dobre warunki atmosferyczne,Noc - droga nieoświetlona,Jezdnia,EWK-106962582U,0,2018-05-23,Lekko,22*23'330,52*43'337,690,Obszar niezabudowany,"Zakręt, łuk",Droga wojewódzka,Jednojezdniowa dwukierunkowa,N,POWIAT OSTROWSKI,BOGUTY-PIANKI - OBSZAR WIEJSKI
1,0,1,2018,Dobre warunki atmosferyczne,Najechanie na drzewo,Dobre warunki atmosferyczne,Noc - droga nieoświetlona,Jezdnia,EWK-107192013X,2,2018-08-07,Ciężko,22*22'354,52*06'443,2,Obszar niezabudowany,Odcinek prosty,Droga krajowa,Jednojezdniowa dwukierunkowa,N,POWIAT SIEDLECKI,ZBUCZYN - OBSZAR WIEJSKI