Liczba wypadków,Liczba zabitych,Liczba rannych,Rok,Warunki atmosferyczne,Rodzaj zdarzenia,Warunki atmosferyczne,Oświetlenie,Charakterystyka miejsca zdarzenia,IDKSIP zdarzenia,Godzina,Dzień,Ranny,GPS x,GPS y,Numer drogi,Obszar,Geometria drogi,Kategoria drogi 1,Rodzaj drogi,Czy w zdarzeniu był sprawca nietrzeźwy,Powiat,Gmina
1,0,1,2018,Dobre warunki atmosferyczne,Najechanie na pieszego,Dobre warunki atmosferyczne,"Świt, zmrok",Jezdnia,EWK-107322535H,19,2018-09-28,Ciężko,19*43'226,52*35'218,5205W,Obszar niezabudowany,Odcinek prosty,Droga powiatowa,Jednojezdniowa dwukierunkowa,N,POWIAT PŁOCKI,STARA BIAŁA - OBSZAR WIEJSKI
1,0,0,2018,Dobre warunki atmosferyczne,Najechanie na pieszego,Dobre warunki atmosferyczne,"Świt, zmrok",Jezdnia,EWK-107322535H,19,2018-09-28,Nieokreślone (puste pole),19*43'226,52*35'218,5205W,Obszar niezabudowany,Odcinek prosty,Droga powiatowa,Jednojezdniowa dwukierunkowa,N,POWIAT PŁOCKI,STARA BIAŁA - OBSZAR WIEJSKI
1,1,0,2018,Dobre warunki atmosferyczne,Najechanie na pieszego,Dobre warunki atmosferyczne,"Świt, zmrok",Jezdnia,EWK-107381625Y,18,2018-10-15,Nieokreślone (puste pole),22*34'576,52*04'084,GMINNA,Obszar niezabudowany,Odcinek prosty,Droga gminna,Jednojezdniowa dwukierunkowa,N,POWIAT SIEDLECKI,ZBUCZYN - OBSZAR WIEJSKI
1,0,1,2018,Dobre warunki atmosferyczne,Najechanie na pieszego,Dobre warunki atmosferyczne,"Świt, zmrok",Jezdnia,EWK-107423957J,16,2018-10-31,Ciężko,21*47'150,52*31'035,GMINNA,Obszar niezabudowany,,Droga gminna,Jednojezdniowa dwukierunkowa,N,POWIAT WĘGROWSKI,ŁOCHÓW - OBSZAR MIEJSKI
1,0,0,2018,Dobre warunki atmosferyczne,Najechanie na pieszego,Dobre warunki atmosferyczne,"Świt, zmrok",Jezdnia,EWK-107423957J,16,2018-10-31,Nieokreślone (puste pole),21*47'150,52*31'035,GMINNA,Obszar niezabudowany,,Droga gminna,Jednojezdniowa dwukierunkowa,N,POWIAT WĘGROWSKI,ŁOCHÓW - OBSZAR MIEJSKI
1,0,1,2018,Dobre warunki atmosferyczne,Najechanie na pieszego,Dobre warunki atmosferyczne,"Świt, zmrok",Jezdnia,EWK-107466470C,16,2018-11-28,Lekko,21*11'133,51*47'126,G161088W,Obszar zabudowany,Odcinek prosty,Droga gminna,Jednojezdniowa dwukierunkowa,N,POWIAT GRÓJECKI,WARKA - OBSZAR MIEJSKI
1,0,0,2018,Dobre warunki atmosferyczne,Najechanie na pieszego,Dobre warunki atmosferyczne,"Świt, zmrok",Jezdnia,EWK-107466470C,16,2018-11-28,Nieokreślone (puste pole),21*11'133,51*47'126,G161088W,Obszar zabudowany,Odcinek prosty,Droga gminna,Jednojezdniowa dwukierunkowa,N,POWIAT GRÓJECKI,WARKA - OBSZAR MIEJSKI
1,0,1,2018,Dobre warunki atmosferyczne,Najechanie na pieszego,Dobre warunki atmosferyczne,"Świt, zmrok",Jezdnia,EWK-107469519Q,6,2018-11-29,Ciężko,19*38'394,52*37'039,6905W,Obszar niezabudowany,,Droga powiatowa,Jednojezdniowa dwukierunkowa,N,POWIAT PŁOCKI,STARA BIAŁA - OBSZAR WIEJSKI
1,0,0,2018,Dobre warunki atmosferyczne,Najechanie na pieszego,Dobre warunki atmosferyczne,"Świt, zmrok",Jezdnia,EWK-107469519Q,6,2018-11-29,Nieokreślone (puste pole),19*38'394,52*37'039,6905W,Obszar niezabudowany,,Droga powiatowa,Jednojezdniowa dwukierunkowa,N,POWIAT PŁOCKI,STARA BIAŁA - OBSZAR WIEJSKI
1,0,1,2018,Dobre warunki atmosferyczne,Najechanie na pieszego,Dobre warunki atmosferyczne,"Świt, zmrok",Jezdnia,EWK-107501290L,16,2018-12-14,Ciężko,20*34'450,52*53'463,615,Obszar niezabudowany,Odcinek prosty,Droga wojewódzka,Jednojezdniowa dwukierunkowa,T,POWIAT CIECHANOWSKI,CIECHANÓW - OBSZAR WIEJSKI
1,0,0,2018,Dobre warunki atmosferyczne,Najechanie na pieszego,Dobre warunki atmosferyczne,"Świt, zmrok",Jezdnia,EWK-107501290L,16,2018-12-14,Nieokreślone (puste pole),20*34'450,52*53'463,615,Obszar niezabudowany,Odcinek prosty,Droga wojewódzka,Jednojezdniowa dwukierunkowa,T,POWIAT CIECHANOWSKI,CIECHANÓW - OBSZAR WIEJSKI
1,0,1,2018,Dobre warunki atmosferyczne,Najechanie na pieszego,Dobre warunki atmosferyczne,"Świt, zmrok",Pobocze,EWK-106974127R,19,2018-05-24,Lekko,22*23'441,52*24'435,P3926W,Obszar niezabudowany,Odcinek prosty,Droga powiatowa,Jednojezdniowa dwukierunkowa,N,POWIAT SOKOŁOWSKI,REPKI - OBSZAR WIEJSKI
1,0,0,2018,Dobre warunki atmosferyczne,Najechanie na pieszego,Dobre warunki atmosferyczne,"Świt, zmrok",Pobocze,EWK-106974127R,19,2018-05-24,Nieokreślone (puste pole),22*23'441,52*24'435,P3926W,Obszar niezabudowany,Odcinek prosty,Droga powiatowa,Jednojezdniowa dwukierunkowa,N,POWIAT SOKOŁOWSKI,REPKI - OBSZAR WIEJSKI
1,0,1,2018,Dobre warunki atmosferyczne,Najechanie na pieszego,Dobre warunki atmosferyczne,"Świt, zmrok",Pobocze,EWK-107056994N,21,2018-06-24,Lekko,21*13'392,51*20'302,9,Obszar zabudowany,Odcinek prosty,Droga krajowa,Jednojezdniowa dwukierunkowa,N,POWIAT RADOMSKI,SKARYSZEW - OBSZAR WIEJSKI
1,0,0,2018,Dobre warunki atmosferyczne,Najechanie na pieszego,Dobre warunki atmosferyczne,"Świt, zmrok",Pobocze,EWK-107056994N,21,2018-06-24,Nieokreślone (puste pole),21*13'392,51*20'302,9,Obszar zabudowany,Odcinek prosty,Droga krajowa,Jednojezdniowa dwukierunkowa,N,POWIAT RADOMSKI,SKARYSZEW - OBSZAR WIEJSKI
1,1,0,2018,Dobre warunki atmosferyczne,Najechanie na pieszego,Dobre warunki atmosferyczne,"Świt, zmrok",Przejście dla pieszych,EWK-106675645G,16,2018-01-15,Nieokreślone (puste pole),21*08'369,51*24'377,P5305W,Obszar zabudowany,Odcinek prosty,Droga powiatowa,Dwie jezdnie jednokierunkowe,N,POWIAT RADOM,RADOM - OBSZAR MIEJSKI
1,0,1,2018,Dobre warunki atmosferyczne,Najechanie na pieszego,Dobre warunki atmosferyczne,"Świt, zmrok",Przejście dla pieszych,EWK-106707841U,7,2018-02-01,Lekko,19*40'590,52*33'146,5207W,Obszar zabudowany,,Droga powiatowa,Jednojezdniowa dwukierunkowa,N,POWIAT PŁOCK,PŁOCK - OBSZAR MIEJSKI
1,0,0,2018,Dobre warunki atmosferyczne,Najechanie na pieszego,Dobre warunki atmosferyczne,"Świt, zmrok",Przejście dla pieszych,EWK-106707841U,7,2018-02-01,Nieokreślone (puste pole),19*40'590,52*33'146,5207W,Obszar zabudowany,,Droga powiatowa,Jednojezdniowa dwukierunkowa,N,POWIAT PŁOCK,PŁOCK - OBSZAR MIEJSKI
1,0,1,2018,Dobre warunki atmosferyczne,Najechanie na pieszego,Dobre warunki atmosferyczne,"Świt, zmrok",Przejście dla pieszych,EWK-106791435X,18,2018-03-12,Lekko,19*42'414,52*33'045,5213W,Obszar zabudowany,,Droga powiatowa,Dwie jezdnie jednokierunkowe,N,POWIAT PŁOCK,PŁOCK - OBSZAR MIEJSKI
1,0,0,2018,Dobre warunki atmosferyczne,Najechanie na pieszego,Dobre warunki atmosferyczne,"Świt, zmrok",Przejście dla pieszych,EWK-106791435X,18,2018-03-12,Nieokreślone (puste pole),19*42'414,52*33'045,5213W,Obszar zabudowany,,Droga powiatowa,Dwie jezdnie jednokierunkowe,N,POWIAT PŁOCK,PŁOCK - OBSZAR MIEJSKI
1,0,1,2018,Dobre warunki atmosferyczne,Najechanie na pieszego,Dobre warunki atmosferyczne,"Świt, zmrok",Przejście dla pieszych,EWK-107387640J,18,2018-10-18,Lekko,20*26'190,52*03'101,GMINNA,Obszar zabudowany,Odcinek prosty,Droga gminna,Jednojezdniowa dwukierunkowa,N,POWIAT ŻYRARDOWSKI,ŻYRARDÓW - OBSZAR MIEJSKI
1,0,0,2018,Dobre warunki atmosferyczne,Najechanie na pieszego,Dobre warunki atmosferyczne,"Świt, zmrok",Przejście dla pieszych,EWK-107387640J,18,2018-10-18,Nieokreślone (puste pole),20*26'190,52*03'101,GMINNA,Obszar zabudowany,Odcinek prosty,Droga gminna,Jednojezdniowa dwukierunkowa,N,POWIAT ŻYRARDOWSKI,ŻYRARDÓW - OBSZAR MIEJSKI
1,0,1,2018,Dobre warunki atmosferyczne,Najechanie na pieszego,Dobre warunki atmosferyczne,"Świt, zmrok",Przejście dla pieszych,EWK-107405340X,17,2018-10-27,Lekko,22*14'388,52*24'237,P3943W,Obszar zabudowany,Odcinek prosty,Droga powiatowa,Jednojezdniowa dwukierunkowa,N,POWIAT SOKOŁOWSKI,SOKOŁÓW PODLASKI - OBSZAR MIEJSKI
1,0,0,2018,Dobre warunki atmosferyczne,Najechanie na pieszego,Dobre warunki atmosferyczne,"Świt, zmrok",Przejście dla pieszych,EWK-107405340X,17,2018-10-27,Nieokreślone (puste pole),22*14'388,52*24'237,P3943W,Obszar zabudowany,Odcinek prosty,Droga powiatowa,Jednojezdniowa dwukierunkowa,N,POWIAT SOKOŁOWSKI,SOKOŁÓW PODLASKI - OBSZAR MIEJSKI
1,0,1,2018,Dobre warunki atmosferyczne,Najechanie na pieszego,Dobre warunki atmosferyczne,"Świt, zmrok",Przejście dla pieszych,EWK-107408174F,18,2018-10-27,Lekko,21*35'425,51*54'487,GMINNA,Obszar niezabudowany,Odcinek prosty,Droga gminna,Jednojezdniowa dwukierunkowa,N,POWIAT GARWOLIŃSKI,GARWOLIN - OBSZAR MIEJSKI
1,0,0,2018,Dobre warunki atmosferyczne,Najechanie na pieszego,Dobre warunki atmosferyczne,"Świt, zmrok",Przejście dla pieszych,EWK-107408174F,18,2018-10-27,Nieokreślone (puste pole),21*35'425,51*54'487,GMINNA,Obszar niezabudowany,Odcinek prosty,Droga gminna,Jednojezdniowa dwukierunkowa,N,POWIAT GARWOLIŃSKI,GARWOLIN - OBSZAR MIEJSKI
1,0,1,2018,Dobre warunki atmosferyczne,Najechanie na pieszego,Dobre warunki atmosferyczne,"Świt, zmrok",Przejście dla pieszych,EWK-107430080P,17,2018-11-06,Ciężko,21*09'299,51*24'129,P5302W,Obszar zabudowany,,Droga powiatowa,Jednojezdniowa dwukierunkowa,N,POWIAT RADOM,RADOM - OBSZAR MIEJSKI
1,0,0,2018,Dobre warunki atmosferyczne,Najechanie na pieszego,Dobre warunki atmosferyczne,"Świt, zmrok",Przejście dla pieszych,EWK-107430080P,17,2018-11-06,Nieokreślone (puste pole),21*09'299,51*24'129,P5302W,Obszar zabudowany,,Droga powiatowa,Jednojezdniowa dwukierunkowa,N,POWIAT RADOM,RADOM - OBSZAR MIEJSKI
1,0,1,2018,Dobre warunki atmosferyczne,Najechanie na pieszego,Dobre warunki atmosferyczne,"Świt, zmrok",Przejście dla pieszych,EWK-107445624A,19,2018-11-16,Lekko,21*22'517,51*22'422,12,Obszar zabudowany,Odcinek prosty,Droga krajowa,Jednojezdniowa dwukierunkowa,N,POWIAT RADOMSKI,GÓZD - OBSZAR WIEJSKI
1,0,0,2018,Dobre warunki atmosferyczne,Najechanie na pieszego,Dobre warunki atmosferyczne,"Świt, zmrok",Przejście dla pieszych,EWK-107445624A,19,2018-11-16,Nieokreślone (puste pole),21*22'517,51*22'422,12,Obszar zabudowany,Odcinek prosty,Droga krajowa,Jednojezdniowa dwukierunkowa,N,POWIAT RADOMSKI,GÓZD - OBSZAR WIEJSKI
1,0,1,2018,Dobre warunki atmosferyczne,Najechanie na pieszego,Dobre warunki atmosferyczne,"Świt, zmrok",Przejście dla pieszych,EWK-107449261W,16,2018-11-13,Lekko,19*40'193,52*50'520,G370499W,Obszar zabudowany,Odcinek prosty,Droga gminna,Jednojezdniowa dwukierunkowa,N,POWIAT SIERPECKI,SIERPC - OBSZAR MIEJSKI
1,0,0,2018,Dobre warunki atmosferyczne,Najechanie na pieszego,Dobre warunki atmosferyczne,"Świt, zmrok",Przejście dla pieszych,EWK-107449261W,16,2018-11-13,Nieokreślone (puste pole),19*40'193,52*50'520,G370499W,Obszar zabudowany,Odcinek prosty,Droga gminna,Jednojezdniowa dwukierunkowa,N,POWIAT SIERPECKI,SIERPC - OBSZAR MIEJSKI
1,0,1,2018,Dobre warunki atmosferyczne,Najechanie na pieszego,Dobre warunki atmosferyczne,"Świt, zmrok",Przejście dla pieszych,EWK-107473926T,15,2018-12-02,Lekko,21*53'496,52*48'178,627,Obszar zabudowany,Odcinek prosty,Droga wojewódzka,Jednojezdniowa dwukierunkowa,N,POWIAT OSTROWSKI,OSTRÓW MAZOWIECKA - OBSZAR MIEJSKI
1,0,0,2018,Dobre warunki atmosferyczne,Najechanie na pieszego,Dobre warunki atmosferyczne,"Świt, zmrok",Przejście dla pieszych,EWK-107473926T,15,2018-12-02,Nieokreślone (puste pole),21*53'496,52*48'178,627,Obszar zabudowany,Odcinek prosty,Droga wojewódzka,Jednojezdniowa dwukierunkowa,N,POWIAT OSTROWSKI,OSTRÓW MAZOWIECKA - OBSZAR MIEJSKI
1,0,1,2018,Dobre warunki atmosferyczne,Najechanie na pieszego,Dobre warunki atmosferyczne,"Świt, zmrok",Przejście dla pieszych,EWK-107481739E,16,2018-12-06,Lekko,21*37'216,51*53'170,,Obszar zabudowany,Odcinek prosty,Nieokreślone (puste pole),Jednojezdniowa dwukierunkowa,N,POWIAT GARWOLIŃSKI,GARWOLIN - OBSZAR MIEJSKI
1,0,0,2018,Dobre warunki atmosferyczne,Najechanie na pieszego,Dobre warunki atmosferyczne,"Świt, zmrok",Przejście dla pieszych,EWK-107481739E,16,2018-12-06,Nieokreślone (puste pole),21*37'216,51*53'170,,Obszar zabudowany,Odcinek prosty,Nieokreślone (puste pole),Jednojezdniowa dwukierunkowa,N,POWIAT GARWOLIŃSKI,GARWOLIN - OBSZAR MIEJSKI
1,2,0,2018,Dobre warunki atmosferyczne,Najechanie na pieszego,Dobre warunki atmosferyczne,"Świt, zmrok",Przejście dla pieszych,EWK-107488403F,16,2018-12-09,Nieokreślone (puste pole),20*13'176,52*28'020,50,Obszar niezabudowany,Odcinek prosty,Droga krajowa,Jednojezdniowa dwukierunkowa,N,POWIAT PŁOCKI,WYSZOGRÓD - OBSZAR WIEJSKI
1,0,1,2018,Dobre warunki atmosferyczne,Najechanie na pieszego,Dobre warunki atmosferyczne,"Świt, zmrok",Przejście dla pieszych,EWK-107512667G,6,2018-12-19,Ciężko,20*37'386,52*52'528,60,Obszar zabudowany,Odcinek prosty,Droga krajowa,Dwie jezdnie jednokierunkowe,N,POWIAT CIECHANOWSKI,CIECHANÓW - OBSZAR MIEJSKI
1,0,0,2018,Dobre warunki atmosferyczne,Najechanie na pieszego,Dobre warunki atmosferyczne,"Świt, zmrok",Przejście dla pieszych,EWK-107512667G,6,2018-12-19,Nieokreślone (puste pole),20*37'386,52*52'528,60,Obszar zabudowany,Odcinek prosty,Droga krajowa,Dwie jezdnie jednokierunkowe,N,POWIAT CIECHANOWSKI,CIECHANÓW - OBSZAR MIEJSKI
1,0,1,2018,Dobre warunki atmosferyczne,Najechanie na pojazd unieruchomiony,Dobre warunki atmosferyczne,Noc - droga nieoświetlona,Jezdnia,EWK-106670407U,18,2018-01-09,Ciężko,19*51'083,53*06'057,541,Obszar niezabudowany,Odcinek prosty,Droga wojewódzka,Jednojezdniowa dwukierunkowa,N,POWIAT ŻUROMIŃSKI,LUBOWIDZ - OBSZAR WIEJSKI
1,0,1,2018,Dobre warunki atmosferyczne,Najechanie na pojazd unieruchomiony,Dobre warunki atmosferyczne,Noc - droga nieoświetlona,Jezdnia,EWK-106670407U,18,2018-01-09,Lekko,19*51'083,53*06'057,541,Obszar niezabudowany,Odcinek prosty,Droga wojewódzka,Jednojezdniowa dwukierunkowa,N,POWIAT ŻUROMIŃSKI,LUBOWIDZ - OBSZAR WIEJSKI
1,0,0,2018,Dobre warunki atmosferyczne,Najechanie na pojazd unieruchomiony,Dobre warunki atmosferyczne,Noc - droga nieoświetlona,Jezdnia,EWK-106670407U,18,2018-01-09,Nieokreślone (puste pole),19*51'083,53*06'057,541,Obszar niezabudowany,Odcinek prosty,Droga wojewódzka,Jednojezdniowa dwukierunkowa,N,POWIAT ŻUROMIŃSKI,LUBOWIDZ - OBSZAR WIEJSKI
1,0,1,2018,Dobre warunki atmosferyczne,Najechanie na pojazd unieruchomiony,Dobre warunki atmosferyczne,Noc - droga nieoświetlona,Jezdnia,EWK-106979678Y,22,2018-05-30,Ciężko,20*51'423,53*15'232,3234W,Obszar niezabudowany,Odcinek prosty,Droga powiatowa,Jednojezdniowa dwukierunkowa,N,POWIAT PRZASNYSKI,CHORZELE - OBSZAR WIEJSKI
1,0,1,2018,Dobre warunki atmosferyczne,Najechanie na pojazd unieruchomiony,Dobre warunki atmosferyczne,Noc - droga oświetlona,Jezdnia,EWK-107284445W,22,2018-09-14,Lekko,20*30'445,51*58'364,GMINNA,Obszar zabudowany,Odcinek prosty,Droga gminna,Jednojezdniowa dwukierunkowa,N,POWIAT ŻYRARDOWSKI,MSZCZONÓW - OBSZAR MIEJSKI
1,0,1,2018,Dobre warunki atmosferyczne,Najechanie na pojazd unieruchomiony,Dobre warunki atmosferyczne,Noc - droga oświetlona,Jezdnia,EWK-107446036R,21,2018-11-16,Lekko,22*08'228,52*35'03,,Obszar zabudowany,Odcinek prosty,Nieokreślone (puste pole),Jednojezdniowa dwukierunkowa,T,POWIAT SOKOŁOWSKI,KOSÓW LACKI - OBSZAR MIEJSKI
1,0,0,2018,Dobre warunki atmosferyczne,Najechanie na pojazd unieruchomiony,Dobre warunki atmosferyczne,Noc - droga oświetlona,Jezdnia,EWK-107446036R,21,2018-11-16,Nieokreślone (puste pole),22*08'228,52*35'03,,Obszar zabudowany,Odcinek prosty,Nieokreślone (puste pole),Jednojezdniowa dwukierunkowa,T,POWIAT SOKOŁOWSKI,KOSÓW LACKI - OBSZAR MIEJSKI
1,0,1,2018,Dobre warunki atmosferyczne,Najechanie na pojazd unieruchomiony,Dobre warunki atmosferyczne,Światło dzienne,Jezdnia,EWK-106954727Q,19,2018-05-20,Lekko,21*02'260,53*12'596,GMINNA,Obszar niezabudowany,Odcinek prosty,Droga gminna,Jednojezdniowa dwukierunkowa,T,POWIAT PRZASNYSKI,JEDNOROŻEC - OBSZAR WIEJSKI
1,0,1,2018,Dobre warunki atmosferyczne,Najechanie na pojazd unieruchomiony,Dobre warunki atmosferyczne,Światło dzienne,Jezdnia,EWK-106980680C,15,2018-06-01,Lekko,21*27'118,51*20'186,GMINNA,Obszar zabudowany,Odcinek prosty,Droga gminna,Jednojezdniowa dwukierunkowa,N,POWIAT ZWOLEŃSKI,TCZÓW - OBSZAR WIEJSKI
1,0,0,2018,Dobre warunki atmosferyczne,Najechanie na pojazd unieruchomiony,Dobre warunki atmosferyczne,Światło dzienne,Jezdnia,EWK-106980680C,15,2018-06-01,Nieokreślone (puste pole),21*27'118,51*20'186,GMINNA,Obszar zabudowany,Odcinek prosty,Droga gminna,Jednojezdniowa dwukierunkowa,N,POWIAT ZWOLEŃSKI,TCZÓW - OBSZAR WIEJSKI
1,0,1,2018,Dobre warunki atmosferyczne,Najechanie na pojazd unieruchomiony,Dobre warunki atmosferyczne,Światło dzienne,Jezdnia,EWK-106981912K,15,2018-05-12,Lekko,22*08'487,52*35'410,695,Obszar zabudowany,,Droga wojewódzka,Jednojezdniowa dwukierunkowa,N,POWIAT SOKOŁOWSKI,KOSÓW LACKI - OBSZAR WIEJSKI
1,0,0,2018,Dobre warunki atmosferyczne,Najechanie na pojazd unieruchomiony,Dobre warunki atmosferyczne,Światło dzienne,Jezdnia,EWK-106981912K,15,2018-05-12,Nieokreślone (puste pole),22*08'487,52*35'410,695,Obszar zabudowany,,Droga wojewódzka,Jednojezdniowa dwukierunkowa,N,POWIAT SOKOŁOWSKI,KOSÓW LACKI - OBSZAR WIEJSKI
1,1,0,2018,Dobre warunki atmosferyczne,Najechanie na pojazd unieruchomiony,Dobre warunki atmosferyczne,Światło dzienne,Jezdnia,EWK-107000647H,19,2018-06-11,Nieokreślone (puste pole),20*51'341,51*10'404,S7,Obszar niezabudowany,Odcinek prosty,Droga krajowa,Ekspresowa,N,POWIAT SZYDŁOWIECKI,SZYDŁOWIEC - OBSZAR WIEJSKI
1,0,2,2018,Dobre warunki atmosferyczne,Najechanie na pojazd unieruchomiony,Dobre warunki atmosferyczne,Światło dzienne,Jezdnia,EWK-107201836W,17,2018-08-14,Lekko,20*57'068,51*22'336,12,Obszar zabudowany,Odcinek prosty,Droga krajowa,Jednojezdniowa dwukierunkowa,N,POWIAT RADOMSKI,WOLANÓW - OBSZAR WIEJSKI
1,0,0,2018,Dobre warunki atmosferyczne,Najechanie na pojazd unieruchomiony,Dobre warunki atmosferyczne,Światło dzienne,Jezdnia,EWK-107201836W,17,2018-08-14,Nieokreślone (puste pole),20*57'068,51*22'336,12,Obszar zabudowany,Odcinek prosty,Droga krajowa,Jednojezdniowa dwukierunkowa,N,POWIAT RADOMSKI,WOLANÓW - OBSZAR WIEJSKI
1,0,2,2018,Dobre warunki atmosferyczne,Najechanie na pojazd unieruchomiony,Dobre warunki atmosferyczne,Światło dzienne,Jezdnia,EWK-107377840E,8,2018-10-14,Lekko,20*7'000,53*0'000,P2334W,Obszar zabudowany,Odcinek prosty,Droga powiatowa,Jednojezdniowa dwukierunkowa,T,POWIAT MŁAWSKI,SZREŃSK - OBSZAR WIEJSKI
1,0,0,2018,Dobre warunki atmosferyczne,Najechanie na pojazd unieruchomiony,Dobre warunki atmosferyczne,Światło dzienne,Jezdnia,EWK-107377840E,8,2018-10-14,Nieokreślone (puste pole),20*7'000,53*0'000,P2334W,Obszar zabudowany,Odcinek prosty,Droga powiatowa,Jednojezdniowa dwukierunkowa,T,POWIAT MŁAWSKI,SZREŃSK - OBSZAR WIEJSKI
1,0,1,2018,Dobre warunki atmosferyczne,Najechanie na pojazd unieruchomiony,Dobre warunki atmosferyczne,Światło dzienne,"Skarpa, rów",EWK-107125032N,6,2018-07-25,Ciężko,19*54'099,52*19'209,577,Obszar zabudowany,Odcinek prosty,Droga wojewódzka,Jednojezdniowa dwukierunkowa,N,POWIAT GOSTYNIŃSKI,SANNIKI - OBSZAR WIEJSKI
1,0,1,2018,Dobre warunki atmosferyczne,Najechanie na pojazd unieruchomiony,Dobre warunki atmosferyczne,Światło dzienne,"Wjazd, wyjazd z posesji, pola",EWK-106813308X,9,2018-03-25,Lekko,20*33'465,51*57'229,GMINNA,Obszar niezabudowany,Odcinek prosty,Droga gminna,Jednojezdniowa dwukierunkowa,N,POWIAT ŻYRARDOWSKI,MSZCZONÓW - OBSZAR WIEJSKI
1,0,1,2018,Dobre warunki atmosferyczne,Najechanie na pojazd unieruchomiony,Dobre warunki atmosferyczne,Światło dzienne,"Wjazd, wyjazd z posesji, pola",EWK-107058965G,16,2018-06-22,Lekko,20*38'133,51*21'428,G330610W,Obszar zabudowany,Odcinek prosty,Droga gminna,Jednojezdniowa dwukierunkowa,N,POWIAT PRZYSUSKI,PRZYSUCHA - OBSZAR MIEJSKI
1,0,0,2018,Dobre warunki atmosferyczne,Najechanie na pojazd unieruchomiony,Dobre warunki atmosferyczne,Światło dzienne,"Wjazd, wyjazd z posesji, pola",EWK-107058965G,16,2018-06-22,Nieokreślone (puste pole),20*38'133,51*21'428,G330610W,Obszar zabudowany,Odcinek prosty,Droga gminna,Jednojezdniowa dwukierunkowa,N,POWIAT PRZYSUSKI,PRZYSUCHA - OBSZAR MIEJSKI
1,0,1,2018,Dobre warunki atmosferyczne,Najechanie na pojazd unieruchomiony,Dobre warunki atmosferyczne,"Świt, zmrok",Jezdnia,EWK-107349837A,18,2018-10-05,Lekko,21*06'595,51*23'553,GMINNA,Obszar zabudowany,Odcinek prosty,Droga gminna,Jednojezdniowa dwukierunkowa,T,POWIAT RADOM,RADOM - OBSZAR MIEJSKI
1,0,0,2018,Dobre warunki atmosferyczne,Najechanie na pojazd unieruchomiony,Dobre warunki atmosferyczne,"Świt, zmrok",Jezdnia,EWK-107349837A,18,2018-10-05,Nieokreślone (puste pole),21*06'595,51*23'553,GMINNA,Obszar zabudowany,Odcinek prosty,Droga gminna,Jednojezdniowa dwukierunkowa,T,POWIAT RADOM,RADOM - OBSZAR MIEJSKI
1,0,1,2018,Dobre warunki atmosferyczne,"Najechanie na słup, znak",Dobre warunki atmosferyczne,Noc - droga nieoświetlona,Pobocze,EWK-107091891E,1,2018-07-09,Lekko,21*46'043,51*30'561,P1731W,Obszar zabudowany,Odcinek prosty,Droga powiatowa,Jednojezdniowa dwukierunkowa,T,POWIAT KOZIENICKI,SIECIECHÓW - OBSZAR WIEJSKI
1,0,0,2018,Dobre warunki atmosferyczne,"Najechanie na słup, znak",Dobre warunki atmosferyczne,Noc - droga nieoświetlona,Pobocze,EWK-107091891E,1,2018-07-09,Nieokreślone (puste pole),21*46'043,51*30'561,P1731W,Obszar zabudowany,Odcinek prosty,Droga powiatowa,Jednojezdniowa dwukierunkowa,T,POWIAT KOZIENICKI,SIECIECHÓW - OBSZAR WIEJSKI
1,0,1,2018,Dobre warunki atmosferyczne,"Najechanie na słup, znak",Dobre warunki atmosferyczne,Noc - droga nieoświetlona,"Roboty drogowe, oznakowanie tymczasowe",EWK-107087085G,23,2018-07-05,Lekko,21*39'238,51*51'193,S17G,Obszar niezabudowany,"Zakręt, łuk",Droga krajowa,Ekspresowa,N,POWIAT GARWOLIŃSKI,GARWOLIN - OBSZAR WIEJSKI
1,0,0,2018,Dobre warunki atmosferyczne,"Najechanie na słup, znak",Dobre warunki atmosferyczne,Noc - droga nieoświetlona,"Roboty drogowe, oznakowanie tymczasowe",EWK-107087085G,23,2018-07-05,Nieokreślone (puste pole),21*39'238,51*51'193,S17G,Obszar niezabudowany,"Zakręt, łuk",Droga krajowa,Ekspresowa,N,POWIAT GARWOLIŃSKI,GARWOLIN - OBSZAR WIEJSKI
1,0,1,2018,Dobre warunki atmosferyczne,"Najechanie na słup, znak",Dobre warunki atmosferyczne,Noc - droga oświetlona,Jezdnia,EWK-106890260T,20,2018-04-15,Lekko,22*53'210,52*18'559,19,Obszar zabudowany,"Zakręt, łuk",Droga krajowa,Jednojezdniowa dwukierunkowa,T,POWIAT ŁOSICKI,SARNAKI - OBSZAR WIEJSKI