Liczba wypadków,Liczba zabitych,Liczba rannych,Rok,Warunki atmosferyczne,Rodzaj zdarzenia,Warunki atmosferyczne,Oświetlenie,Charakterystyka miejsca zdarzenia,IDKSIP zdarzenia,Godzina,Dzień,Ranny,GPS x,GPS y,Numer drogi,Obszar,Geometria drogi,Kategoria drogi 1,Rodzaj drogi,Czy w zdarzeniu był sprawca nietrzeźwy,Powiat,Gmina
1,0,0,2018,Dobre warunki atmosferyczne,"Najechanie na słup, znak",Dobre warunki atmosferyczne,Noc - droga oświetlona,Jezdnia,EWK-106890260T,20,2018-04-15,Nieokreślone (puste pole),22*53'210,52*18'559,19,Obszar zabudowany,"Zakręt, łuk",Droga krajowa,Jednojezdniowa dwukierunkowa,T,POWIAT ŁOSICKI,SARNAKI - OBSZAR WIEJSKI
1,1,0,2018,Dobre warunki atmosferyczne,"Najechanie na słup, znak",Dobre warunki atmosferyczne,Noc - droga oświetlona,Jezdnia,EWK-106958350Q,21,2018-05-20,Nieokreślone (puste pole),21*33'460,53*06'418,2538W,Obszar zabudowany,"Zakręt, łuk",Droga powiatowa,Jednojezdniowa dwukierunkowa,N,POWIAT OSTROŁĘCKI,LELIS - OBSZAR WIEJSKI
1,0,1,2018,Dobre warunki atmosferyczne,"Najechanie na słup, znak",Dobre warunki atmosferyczne,Noc - droga oświetlona,Jezdnia,EWK-107446723E,0,2018-11-18,Ciężko,21*07'477,51*24'458,7,Obszar zabudowany,,Droga krajowa,Jednojezdniowa dwukierunkowa,T,POWIAT RADOM,RADOM - OBSZAR MIEJSKI
1,1,0,2018,Dobre warunki atmosferyczne,"Najechanie na słup, znak",Dobre warunki atmosferyczne,Noc - droga oświetlona,Jezdnia,EWK-107446723E,0,2018-11-18,Nieokreślone (puste pole),21*07'477,51*24'458,7,Obszar zabudowany,,Droga krajowa,Jednojezdniowa dwukierunkowa,T,POWIAT RADOM,RADOM - OBSZAR MIEJSKI
1,0,1,2018,Dobre warunki atmosferyczne,"Najechanie na słup, znak",Dobre warunki atmosferyczne,Światło dzienne,Jezdnia,EWK-106769103F,13,2018-03-01,Ciężko,19*45'454,52*43'172,560,Obszar niezabudowany,Odcinek prosty,Droga wojewódzka,Jednojezdniowa dwukierunkowa,T,POWIAT SIERPECKI,GOZDOWO - OBSZAR WIEJSKI
1,0,1,2018,Dobre warunki atmosferyczne,"Najechanie na słup, znak",Dobre warunki atmosferyczne,Światło dzienne,Jezdnia,EWK-106957155P,17,2018-05-20,Ciężko,21*09'493,51*22'259,12,Obszar zabudowany,,Droga krajowa,Jednojezdniowa dwukierunkowa,N,POWIAT RADOM,RADOM - OBSZAR MIEJSKI
1,0,0,2018,Dobre warunki atmosferyczne,"Najechanie na słup, znak",Dobre warunki atmosferyczne,Światło dzienne,Jezdnia,EWK-106957155P,17,2018-05-20,Nieokreślone (puste pole),21*09'493,51*22'259,12,Obszar zabudowany,,Droga krajowa,Jednojezdniowa dwukierunkowa,N,POWIAT RADOM,RADOM - OBSZAR MIEJSKI
1,0,1,2018,Dobre warunki atmosferyczne,"Najechanie na słup, znak",Dobre warunki atmosferyczne,Światło dzienne,Jezdnia,EWK-106997355H,20,2018-06-09,Ciężko,20*25'704,53*7''529,P2306W,Obszar zabudowany,"Zakręt, łuk",Droga powiatowa,Jednojezdniowa dwukierunkowa,N,POWIAT MŁAWSKI,SZYDŁOWO - OBSZAR WIEJSKI
1,0,1,2018,Dobre warunki atmosferyczne,"Najechanie na słup, znak",Dobre warunki atmosferyczne,Światło dzienne,Jezdnia,EWK-107001171F,6,2018-06-11,Lekko,21*28'436,51*27'181,P3520W,Obszar zabudowany,"Zakręt, łuk",Droga powiatowa,Jednojezdniowa dwukierunkowa,N,POWIAT RADOMSKI,PIONKI - OBSZAR WIEJSKI
1,0,0,2018,Dobre warunki atmosferyczne,"Najechanie na słup, znak",Dobre warunki atmosferyczne,Światło dzienne,Jezdnia,EWK-107001171F,6,2018-06-11,Nieokreślone (puste pole),21*28'436,51*27'181,P3520W,Obszar zabudowany,"Zakręt, łuk",Droga powiatowa,Jednojezdniowa dwukierunkowa,N,POWIAT RADOMSKI,PIONKI - OBSZAR WIEJSKI
1,0,1,2018,Dobre warunki atmosferyczne,"Najechanie na słup, znak",Dobre warunki atmosferyczne,Światło dzienne,Jezdnia,EWK-107057739A,20,2018-06-19,Lekko,21*11'104,51*22'167,GMINNA,Obszar zabudowany,,Droga gminna,Jednojezdniowa dwukierunkowa,N,POWIAT RADOM,RADOM - OBSZAR MIEJSKI
1,0,0,2018,Dobre warunki atmosferyczne,"Najechanie na słup, znak",Dobre warunki atmosferyczne,Światło dzienne,Jezdnia,EWK-107057739A,20,2018-06-19,Nieokreślone (puste pole),21*11'104,51*22'167,GMINNA,Obszar zabudowany,,Droga gminna,Jednojezdniowa dwukierunkowa,N,POWIAT RADOM,RADOM - OBSZAR MIEJSKI
1,1,0,2018,Dobre warunki atmosferyczne,"Najechanie na słup, znak",Dobre warunki atmosferyczne,Światło dzienne,Jezdnia,EWK-107084030T,19,2018-07-03,Nieokreślone (puste pole),21*44'025,51*14'568,P1913W,Obszar niezabudowany,"Zakręt, łuk",Droga powiatowa,Jednojezdniowa dwukierunkowa,T,POWIAT LIPSKI,CHOTCZA - OBSZAR WIEJSKI
1,0,1,2018,Dobre warunki atmosferyczne,"Najechanie na słup, znak",Dobre warunki atmosferyczne,Światło dzienne,Jezdnia,EWK-107086050H,2,2018-07-05,Lekko,21*10'156,51*22'471,12,Obszar zabudowany,,Droga krajowa,Dwie jezdnie jednokierunkowe,N,POWIAT RADOM,RADOM - OBSZAR MIEJSKI
1,0,1,2018,Dobre warunki atmosferyczne,"Najechanie na słup, znak",Dobre warunki atmosferyczne,Światło dzienne,Jezdnia,EWK-107094717Y,10,2018-07-10,Lekko,21*37'336,51*27'025,79,Obszar zabudowany,Odcinek prosty,Droga krajowa,Jednojezdniowa dwukierunkowa,N,POWIAT ZWOLEŃSKI,POLICZNA - OBSZAR WIEJSKI
1,0,0,2018,Dobre warunki atmosferyczne,"Najechanie na słup, znak",Dobre warunki atmosferyczne,Światło dzienne,Jezdnia,EWK-107094717Y,10,2018-07-10,Nieokreślone (puste pole),21*37'336,51*27'025,79,Obszar zabudowany,Odcinek prosty,Droga krajowa,Jednojezdniowa dwukierunkowa,N,POWIAT ZWOLEŃSKI,POLICZNA - OBSZAR WIEJSKI
1,0,1,2018,Dobre warunki atmosferyczne,"Najechanie na słup, znak",Dobre warunki atmosferyczne,Światło dzienne,Jezdnia,EWK-107211055F,19,2018-08-22,Ciężko,21*08'554,51*24'246,P3508W,Obszar zabudowany,Odcinek prosty,Droga powiatowa,Jednojezdniowa dwukierunkowa,N,POWIAT RADOM,RADOM - OBSZAR MIEJSKI
1,0,1,2018,Dobre warunki atmosferyczne,"Najechanie na słup, znak",Dobre warunki atmosferyczne,Światło dzienne,Jezdnia,EWK-107289832W,9,2018-09-14,Lekko,22*44'553,52*09'104,19,Obszar niezabudowany,"Zakręt, łuk",Droga krajowa,Jednojezdniowa dwukierunkowa,N,POWIAT ŁOSICKI,OLSZANKA - OBSZAR WIEJSKI
1,0,1,2018,Dobre warunki atmosferyczne,"Najechanie na słup, znak",Dobre warunki atmosferyczne,Światło dzienne,Jezdnia,EWK-107511563N,14,2018-12-18,Lekko,19*54'030,52*56'193,GMINNA,Obszar zabudowany,Odcinek prosty,Droga gminna,Jednojezdniowa dwukierunkowa,N,POWIAT ŻUROMIŃSKI,BIEŻUŃ - OBSZAR WIEJSKI
1,0,2,2018,Dobre warunki atmosferyczne,"Najechanie na słup, znak",Dobre warunki atmosferyczne,Światło dzienne,Pobocze,EWK-107055203G,5,2018-06-24,Ciężko,21*24'408,51*41'341,79,Obszar niezabudowany,"Zakręt, łuk",Droga krajowa,Jednojezdniowa dwukierunkowa,N,POWIAT KOZIENICKI,MAGNUSZEW - OBSZAR WIEJSKI
1,0,0,2018,Dobre warunki atmosferyczne,"Najechanie na słup, znak",Dobre warunki atmosferyczne,Światło dzienne,Pobocze,EWK-107055203G,5,2018-06-24,Nieokreślone (puste pole),21*24'408,51*41'341,79,Obszar niezabudowany,"Zakręt, łuk",Droga krajowa,Jednojezdniowa dwukierunkowa,N,POWIAT KOZIENICKI,MAGNUSZEW - OBSZAR WIEJSKI
1,0,1,2018,Dobre warunki atmosferyczne,"Najechanie na słup, znak",Dobre warunki atmosferyczne,Światło dzienne,Przejazd dla rowerzystów,EWK-107262182W,12,2018-09-06,Lekko,21*08'050,51*22'111,G530154W,Obszar zabudowany,Odcinek prosty,Droga gminna,Jednojezdniowa dwukierunkowa,T,POWIAT RADOM,RADOM - OBSZAR MIEJSKI
1,1,0,2018,Dobre warunki atmosferyczne,"Najechanie na słup, znak",Dobre warunki atmosferyczne,Światło dzienne,"Skarpa, rów",EWK-107026349C,7,2018-06-17,Nieokreślone (puste pole),20*40'450,51*49'271,P0244T,Obszar niezabudowany,Odcinek prosty,Droga powiatowa,Jednojezdniowa dwukierunkowa,N,POWIAT GRÓJECKI,BŁĘDÓW - OBSZAR WIEJSKI
1,0,1,2018,Dobre warunki atmosferyczne,Najechanie na zwierzę,Dobre warunki atmosferyczne,Noc - droga nieoświetlona,Jezdnia,EWK-106706347C,17,2018-01-31,Lekko,21*37'459,51*12'188,79,Obszar niezabudowany,Odcinek prosty,Droga krajowa,Jednojezdniowa dwukierunkowa,N,POWIAT LIPSKI,CIEPIELÓW - OBSZAR WIEJSKI
1,0,0,2018,Dobre warunki atmosferyczne,Najechanie na zwierzę,Dobre warunki atmosferyczne,Noc - droga nieoświetlona,Jezdnia,EWK-106706347C,17,2018-01-31,Nieokreślone (puste pole),21*37'459,51*12'188,79,Obszar niezabudowany,Odcinek prosty,Droga krajowa,Jednojezdniowa dwukierunkowa,N,POWIAT LIPSKI,CIEPIELÓW - OBSZAR WIEJSKI
1,0,1,2018,Dobre warunki atmosferyczne,Najechanie na zwierzę,Dobre warunki atmosferyczne,Noc - droga nieoświetlona,Jezdnia,EWK-106904662F,23,2018-04-22,Lekko,20*54'266,51*12'491,P4015W,Obszar niezabudowany,Odcinek prosty,Droga powiatowa,Jednojezdniowa dwukierunkowa,N,POWIAT SZYDŁOWIECKI,SZYDŁOWIEC - OBSZAR MIEJSKI
1,0,0,2018,Dobre warunki atmosferyczne,Najechanie na zwierzę,Dobre warunki atmosferyczne,Noc - droga nieoświetlona,Jezdnia,EWK-106904662F,23,2018-04-22,Nieokreślone (puste pole),20*54'266,51*12'491,P4015W,Obszar niezabudowany,Odcinek prosty,Droga powiatowa,Jednojezdniowa dwukierunkowa,N,POWIAT SZYDŁOWIECKI,SZYDŁOWIEC - OBSZAR MIEJSKI
1,0,1,2018,Dobre warunki atmosferyczne,Najechanie na zwierzę,Dobre warunki atmosferyczne,Noc - droga nieoświetlona,Jezdnia,EWK-106920791P,20,2018-05-01,Lekko,21*42'298,51*08'201,P1928W,Obszar niezabudowany,Odcinek prosty,Droga powiatowa,Jednojezdniowa dwukierunkowa,N,POWIAT LIPSKI,SOLEC NAD WISŁĄ - OBSZAR WIEJSKI
1,0,1,2018,Dobre warunki atmosferyczne,Najechanie na zwierzę,Dobre warunki atmosferyczne,Noc - droga nieoświetlona,Jezdnia,EWK-106956618T,22,2018-05-19,Ciężko,20*03'569,52*25'445,62,Obszar niezabudowany,Odcinek prosty,Droga krajowa,Jednojezdniowa dwukierunkowa,N,POWIAT PŁOCKI,MAŁA WIEŚ - OBSZAR WIEJSKI
1,0,0,2018,Dobre warunki atmosferyczne,Najechanie na zwierzę,Dobre warunki atmosferyczne,Noc - droga nieoświetlona,Jezdnia,EWK-106956618T,22,2018-05-19,Nieokreślone (puste pole),20*03'569,52*25'445,62,Obszar niezabudowany,Odcinek prosty,Droga krajowa,Jednojezdniowa dwukierunkowa,N,POWIAT PŁOCKI,MAŁA WIEŚ - OBSZAR WIEJSKI
1,0,1,2018,Dobre warunki atmosferyczne,Najechanie na zwierzę,Dobre warunki atmosferyczne,Noc - droga nieoświetlona,Jezdnia,EWK-106962497R,21,2018-05-22,Lekko,20*56'325,53*07'078,544,Obszar niezabudowany,Odcinek prosty,Droga wojewódzka,Jednojezdniowa dwukierunkowa,N,POWIAT MŁAWSKI,SZYDŁOWO - OBSZAR WIEJSKI
1,0,1,2018,Dobre warunki atmosferyczne,Najechanie na zwierzę,Dobre warunki atmosferyczne,Noc - droga nieoświetlona,Jezdnia,EWK-107529461T,16,2018-12-24,Lekko,20*43'368,52*42'580,G120963W,Obszar niezabudowany,Odcinek prosty,Droga gminna,Jednojezdniowa dwukierunkowa,N,POWIAT CIECHANOWSKI,SOŃSK - OBSZAR WIEJSKI
1,0,0,2018,Dobre warunki atmosferyczne,Najechanie na zwierzę,Dobre warunki atmosferyczne,Noc - droga nieoświetlona,Jezdnia,EWK-107529461T,16,2018-12-24,Nieokreślone (puste pole),20*43'368,52*42'580,G120963W,Obszar niezabudowany,Odcinek prosty,Droga gminna,Jednojezdniowa dwukierunkowa,N,POWIAT CIECHANOWSKI,SOŃSK - OBSZAR WIEJSKI
1,0,1,2018,Dobre warunki atmosferyczne,Najechanie na zwierzę,Dobre warunki atmosferyczne,Noc - droga nieoświetlona,Pobocze,EWK-107392320M,22,2018-10-21,Lekko,21*26'376,51*07'361,P3536W,Obszar niezabudowany,Odcinek prosty,Droga powiatowa,Jednojezdniowa dwukierunkowa,N,POWIAT LIPSKI,RZECZNIÓW - OBSZAR WIEJSKI
1,0,1,2018,Dobre warunki atmosferyczne,Najechanie na zwierzę,Dobre warunki atmosferyczne,Noc - droga oświetlona,Jezdnia,EWK-106973086G,21,2018-05-27,Lekko,20*33'156,51*31'309,728,Obszar zabudowany,Odcinek prosty,Droga wojewódzka,Jednojezdniowa dwukierunkowa,N,POWIAT PRZYSUSKI,ODRZYWÓŁ - OBSZAR WIEJSKI
1,0,2,2018,Dobre warunki atmosferyczne,Najechanie na zwierzę,Dobre warunki atmosferyczne,Światło dzienne,Jezdnia,EWK-106761373G,10,2018-02-26,Lekko,19*59'232,52*30'124,P2952W,Obszar niezabudowany,Odcinek prosty,Droga powiatowa,Jednojezdniowa dwukierunkowa,N,POWIAT PŁOCKI,BODZANÓW - OBSZAR WIEJSKI
1,0,1,2018,Dobre warunki atmosferyczne,Najechanie na zwierzę,Dobre warunki atmosferyczne,Światło dzienne,Jezdnia,EWK-106918237G,2,2018-04-27,Ciężko,21*41'599,51*08'355,747,Obszar zabudowany,Odcinek prosty,Droga wojewódzka,Jednojezdniowa dwukierunkowa,N,POWIAT LIPSKI,SOLEC NAD WISŁĄ - OBSZAR WIEJSKI
1,0,1,2018,Dobre warunki atmosferyczne,Najechanie na zwierzę,Dobre warunki atmosferyczne,Światło dzienne,Jezdnia,EWK-106918906M,6,2018-04-30,Lekko,21*23'531,51*50'392,,Obszar niezabudowany,,Nieokreślone (puste pole),Jednojezdniowa dwukierunkowa,N,POWIAT GARWOLIŃSKI,WILGA - OBSZAR WIEJSKI
1,0,1,2018,Dobre warunki atmosferyczne,Najechanie na zwierzę,Dobre warunki atmosferyczne,Światło dzienne,Jezdnia,EWK-106931088M,18,2018-05-02,Lekko,21*17'119,51*31'048,P1715W,Obszar zabudowany,Odcinek prosty,Droga powiatowa,Jednojezdniowa dwukierunkowa,N,POWIAT RADOMSKI,JASTRZĘBIA - OBSZAR WIEJSKI
1,0,1,2018,Dobre warunki atmosferyczne,Najechanie na zwierzę,Dobre warunki atmosferyczne,Światło dzienne,Jezdnia,EWK-107150532P,12,2018-08-04,Lekko,21*24'274,52*49'388,P2128W,Obszar niezabudowany,Odcinek prosty,Droga powiatowa,Jednojezdniowa dwukierunkowa,N,POWIAT MAKOWSKI,RZEWNIE - OBSZAR WIEJSKI
1,0,1,2018,Dobre warunki atmosferyczne,Najechanie na zwierzę,Dobre warunki atmosferyczne,Światło dzienne,Jezdnia,EWK-107333118L,17,2018-09-30,Ciężko,21*47'359,51*28'534,738,Obszar niezabudowany,Odcinek prosty,Droga wojewódzka,Jednojezdniowa dwukierunkowa,N,POWIAT KOZIENICKI,GNIEWOSZÓW - OBSZAR WIEJSKI
1,0,1,2018,Dobre warunki atmosferyczne,Najechanie na zwierzę,Dobre warunki atmosferyczne,Światło dzienne,Jezdnia,EWK-107554880K,11,2018-12-23,Lekko,21*21'219,51*45'200,730,Obszar niezabudowany,Odcinek prosty,Droga wojewódzka,Jednojezdniowa dwukierunkowa,N,POWIAT KOZIENICKI,GRABÓW NAD PILICĄ - OBSZAR WIEJSKI
1,0,0,2018,Dobre warunki atmosferyczne,Najechanie na zwierzę,Dobre warunki atmosferyczne,Światło dzienne,Jezdnia,EWK-107554880K,11,2018-12-23,Nieokreślone (puste pole),21*21'219,51*45'200,730,Obszar niezabudowany,Odcinek prosty,Droga wojewódzka,Jednojezdniowa dwukierunkowa,N,POWIAT KOZIENICKI,GRABÓW NAD PILICĄ - OBSZAR WIEJSKI
1,0,2,2018,Dobre warunki atmosferyczne,Najechanie na zwierzę,Dobre warunki atmosferyczne,"Świt, zmrok",Jezdnia,EWK-106660359X,16,2018-01-06,Lekko,20*58'569,51*18'279,7,Obszar niezabudowany,,Droga krajowa,Jednojezdniowa dwukierunkowa,N,POWIAT SZYDŁOWIECKI,OROŃSKO - OBSZAR WIEJSKI
1,0,0,2018,Dobre warunki atmosferyczne,Najechanie na zwierzę,Dobre warunki atmosferyczne,"Świt, zmrok",Jezdnia,EWK-106660359X,16,2018-01-06,Nieokreślone (puste pole),20*58'569,51*18'279,7,Obszar niezabudowany,,Droga krajowa,Jednojezdniowa dwukierunkowa,N,POWIAT SZYDŁOWIECKI,OROŃSKO - OBSZAR WIEJSKI
1,0,1,2018,Dobre warunki atmosferyczne,Wywrócenie się pojazdu,Dobre warunki atmosferyczne,Noc - droga nieoświetlona,Jezdnia,EWK-106740645X,17,2018-02-17,Ciężko,21*23'215,51*18'209,GMINNA,Obszar niezabudowany,Odcinek prosty,Droga gminna,Jednojezdniowa dwukierunkowa,T,POWIAT ZWOLEŃSKI,KAZANÓW - OBSZAR WIEJSKI
1,1,0,2018,Dobre warunki atmosferyczne,Wywrócenie się pojazdu,Dobre warunki atmosferyczne,Noc - droga nieoświetlona,Jezdnia,EWK-106797057X,19,2018-03-14,Nieokreślone (puste pole),21*11'546,51*18'597,P3540W,Obszar niezabudowany,"Zakręt, łuk",Droga powiatowa,Jednojezdniowa dwukierunkowa,N,POWIAT RADOMSKI,SKARYSZEW - OBSZAR WIEJSKI
1,0,2,2018,Dobre warunki atmosferyczne,Wywrócenie się pojazdu,Dobre warunki atmosferyczne,Noc - droga nieoświetlona,Jezdnia,EWK-106928027U,21,2018-05-05,Lekko,19*58'569,52*23'110,GMINNA,Obszar niezabudowany,Odcinek prosty,Droga gminna,Jednojezdniowa dwukierunkowa,N,POWIAT SOCHACZEWSKI,IŁÓW - OBSZAR WIEJSKI
1,0,0,2018,Dobre warunki atmosferyczne,Wywrócenie się pojazdu,Dobre warunki atmosferyczne,Noc - droga nieoświetlona,Jezdnia,EWK-106928027U,21,2018-05-05,Nieokreślone (puste pole),19*58'569,52*23'110,GMINNA,Obszar niezabudowany,Odcinek prosty,Droga gminna,Jednojezdniowa dwukierunkowa,N,POWIAT SOCHACZEWSKI,IŁÓW - OBSZAR WIEJSKI
1,0,1,2018,Dobre warunki atmosferyczne,Wywrócenie się pojazdu,Dobre warunki atmosferyczne,Noc - droga nieoświetlona,Jezdnia,EWK-106941406E,21,2018-05-13,Lekko,21*54'558,52*22'321,W637,Obszar niezabudowany,"Zakręt, łuk",Droga wojewódzka,Jednojezdniowa dwukierunkowa,N,POWIAT WĘGROWSKI,LIW - OBSZAR WIEJSKI
1,0,0,2018,Dobre warunki atmosferyczne,Wywrócenie się pojazdu,Dobre warunki atmosferyczne,Noc - droga nieoświetlona,Jezdnia,EWK-106941406E,21,2018-05-13,Nieokreślone (puste pole),21*54'558,52*22'321,W637,Obszar niezabudowany,"Zakręt, łuk",Droga wojewódzka,Jednojezdniowa dwukierunkowa,N,POWIAT WĘGROWSKI,LIW - OBSZAR WIEJSKI
1,0,1,2018,Dobre warunki atmosferyczne,Wywrócenie się pojazdu,Dobre warunki atmosferyczne,Noc - droga nieoświetlona,Jezdnia,EWK-106949076Q,1,2018-05-11,Lekko,22*10'294,52*07'384,803,Obszar zabudowany,"Zakręt, łuk",Droga wojewódzka,Jednojezdniowa dwukierunkowa,T,POWIAT SIEDLECKI,SKÓRZEC - OBSZAR WIEJSKI
1,0,1,2018,Dobre warunki atmosferyczne,Wywrócenie się pojazdu,Dobre warunki atmosferyczne,Noc - droga nieoświetlona,Jezdnia,EWK-107152102R,2,2018-08-05,Ciężko,20*11'548,52*14'589,GMINNA,Obszar zabudowany,Odcinek prosty,Droga gminna,Jednojezdniowa dwukierunkowa,T,POWIAT SOCHACZEWSKI,RYBNO - OBSZAR WIEJSKI
1,0,1,2018,Dobre warunki atmosferyczne,Wywrócenie się pojazdu,Dobre warunki atmosferyczne,Noc - droga nieoświetlona,Jezdnia,EWK-107265783J,22,2018-09-07,Lekko,21*38'422,51*09'033,79,Obszar zabudowany,Odcinek prosty,Droga krajowa,Jednojezdniowa dwukierunkowa,N,POWIAT LIPSKI,LIPSKO - OBSZAR WIEJSKI
1,0,0,2018,Dobre warunki atmosferyczne,Wywrócenie się pojazdu,Dobre warunki atmosferyczne,Noc - droga nieoświetlona,Jezdnia,EWK-107265783J,22,2018-09-07,Nieokreślone (puste pole),21*38'422,51*09'033,79,Obszar zabudowany,Odcinek prosty,Droga krajowa,Jednojezdniowa dwukierunkowa,N,POWIAT LIPSKI,LIPSKO - OBSZAR WIEJSKI
1,0,1,2018,Dobre warunki atmosferyczne,Wywrócenie się pojazdu,Dobre warunki atmosferyczne,Noc - droga nieoświetlona,Jezdnia,EWK-107267788C,20,2018-09-08,Lekko,21*22'346,51*36'041,48,Obszar niezabudowany,Odcinek prosty,Droga krajowa,Jednojezdniowa dwukierunkowa,N,POWIAT KOZIENICKI,GŁOWACZÓW - OBSZAR WIEJSKI
1,0,0,2018,Dobre warunki atmosferyczne,Wywrócenie się pojazdu,Dobre warunki atmosferyczne,Noc - droga nieoświetlona,Jezdnia,EWK-107267788C,20,2018-09-08,Nieokreślone (puste pole),21*22'346,51*36'041,48,Obszar niezabudowany,Odcinek prosty,Droga krajowa,Jednojezdniowa dwukierunkowa,N,POWIAT KOZIENICKI,GŁOWACZÓW - OBSZAR WIEJSKI
1,0,4,2018,Dobre warunki atmosferyczne,Wywrócenie się pojazdu,Dobre warunki atmosferyczne,Noc - droga nieoświetlona,Jezdnia,EWK-107290853W,3,2018-09-16,Lekko,22*16'582,52*35'223,63,Obszar niezabudowany,Odcinek prosty,Droga krajowa,Jednojezdniowa dwukierunkowa,N,POWIAT SOKOŁOWSKI,STERDYŃ - OBSZAR WIEJSKI
1,0,1,2018,Dobre warunki atmosferyczne,Wywrócenie się pojazdu,Dobre warunki atmosferyczne,Noc - droga nieoświetlona,Jezdnia,EWK-107324836C,21,2018-09-29,Ciężko,19*34'422,52*50'301,P,Obszar zabudowany,"Zakręt, łuk",Droga powiatowa,Jednojezdniowa dwukierunkowa,N,POWIAT SIERPECKI,SIERPC - OBSZAR WIEJSKI
1,1,0,2018,Dobre warunki atmosferyczne,Wywrócenie się pojazdu,Dobre warunki atmosferyczne,Noc - droga nieoświetlona,Jezdnia,EWK-107376235D,3,2018-10-14,Nieokreślone (puste pole),20*28'153,52*12'294,92,Obszar niezabudowany,Odcinek prosty,Droga krajowa,Jednojezdniowa dwukierunkowa,N,POWIAT SOCHACZEWSKI,TERESIN - OBSZAR WIEJSKI
1,0,1,2018,Dobre warunki atmosferyczne,Wywrócenie się pojazdu,Dobre warunki atmosferyczne,Noc - droga nieoświetlona,Jezdnia,EWK-107393871R,19,2018-10-19,Lekko,22*58'479,52*11'125,698,Obszar niezabudowany,Odcinek prosty,Droga wojewódzka,Jednojezdniowa dwukierunkowa,N,POWIAT ŁOSICKI,STARA KORNICA - OBSZAR WIEJSKI
1,0,1,2018,Dobre warunki atmosferyczne,Wywrócenie się pojazdu,Dobre warunki atmosferyczne,Noc - droga nieoświetlona,Jezdnia,EWK-107436931U,19,2018-11-12,Ciężko,20*53'381,52*43'190,P1242W,Obszar niezabudowany,"Zakręt, łuk",Droga powiatowa,Jednojezdniowa dwukierunkowa,N,POWIAT PUŁTUSKI,GZY - OBSZAR WIEJSKI
1,0,1,2018,Dobre warunki atmosferyczne,Wywrócenie się pojazdu,Dobre warunki atmosferyczne,Noc - droga nieoświetlona,Jezdnia,EWK-107436931U,19,2018-11-12,Lekko,20*53'381,52*43'190,P1242W,Obszar niezabudowany,"Zakręt, łuk",Droga powiatowa,Jednojezdniowa dwukierunkowa,N,POWIAT PUŁTUSKI,GZY - OBSZAR WIEJSKI
1,0,1,2018,Dobre warunki atmosferyczne,Wywrócenie się pojazdu,Dobre warunki atmosferyczne,Noc - droga nieoświetlona,Jezdnia,EWK-107454298R,20,2018-11-21,Ciężko,19*36'396,52*51'420,GMINNA,Obszar niezabudowany,"Zakręt, łuk",Droga gminna,Jednojezdniowa dwukierunkowa,N,POWIAT SIERPECKI,SIERPC - OBSZAR WIEJSKI
1,0,0,2018,Dobre warunki atmosferyczne,Wywrócenie się pojazdu,Dobre warunki atmosferyczne,Noc - droga nieoświetlona,Jezdnia,EWK-107454298R,20,2018-11-21,Nieokreślone (puste pole),19*36'396,52*51'420,GMINNA,Obszar niezabudowany,"Zakręt, łuk",Droga gminna,Jednojezdniowa dwukierunkowa,N,POWIAT SIERPECKI,SIERPC - OBSZAR WIEJSKI
1,1,0,2018,Dobre warunki atmosferyczne,Wywrócenie się pojazdu,Dobre warunki atmosferyczne,Noc - droga nieoświetlona,Pobocze,EWK-107096453H,22,2018-07-10,Nieokreślone (puste pole),19*43'356,52*21'377,P6909W,Obszar zabudowany,"Zakręt, łuk",Droga powiatowa,Jednojezdniowa dwukierunkowa,T,POWIAT PŁOCKI,GĄBIN - OBSZAR WIEJSKI
1,0,1,2018,Dobre warunki atmosferyczne,Wywrócenie się pojazdu,Dobre warunki atmosferyczne,Noc - droga nieoświetlona,Pobocze,EWK-107191912D,22,2018-08-15,Ciężko,21*16'442,51*38'267,GMINNA,Obszar niezabudowany,"Zakręt, łuk",Droga gminna,Jednojezdniowa dwukierunkowa,T,POWIAT KOZIENICKI,GŁOWACZÓW - OBSZAR WIEJSKI
1,0,1,2018,Dobre warunki atmosferyczne,Wywrócenie się pojazdu,Dobre warunki atmosferyczne,Noc - droga nieoświetlona,Pobocze,EWK-107282425U,1,2018-09-11,Ciężko,21*22'052,51*32'586,P1716W,Obszar niezabudowany,,Droga powiatowa,Jednojezdniowa dwukierunkowa,T,POWIAT KOZIENICKI,GŁOWACZÓW - OBSZAR WIEJSKI
1,0,1,2018,Dobre warunki atmosferyczne,Wywrócenie się pojazdu,Dobre warunki atmosferyczne,Noc - droga nieoświetlona,Pobocze,EWK-107282425U,1,2018-09-11,Lekko,21*22'052,51*32'586,P1716W,Obszar niezabudowany,,Droga powiatowa,Jednojezdniowa dwukierunkowa,T,POWIAT KOZIENICKI,GŁOWACZÓW - OBSZAR WIEJSKI
1,0,0,2018,Dobre warunki atmosferyczne,Wywrócenie się pojazdu,Dobre warunki atmosferyczne,Noc - droga nieoświetlona,Pobocze,EWK-107282425U,1,2018-09-11,Nieokreślone (puste pole),21*22'052,51*32'586,P1716W,Obszar niezabudowany,,Droga powiatowa,Jednojezdniowa dwukierunkowa,T,POWIAT KOZIENICKI,GŁOWACZÓW - OBSZAR WIEJSKI