Liczba wypadków,Liczba zabitych,Liczba rannych,Rok,Warunki atmosferyczne,Rodzaj zdarzenia,Warunki atmosferyczne,Oświetlenie,Charakterystyka miejsca zdarzenia,IDKSIP zdarzenia,Godzina,Dzień,Ranny,GPS x,GPS y,Numer drogi,Obszar,Geometria drogi,Kategoria drogi 1,Rodzaj drogi,Czy w zdarzeniu był sprawca nietrzeźwy,Powiat,Gmina
1,0,1,2018,Dobre warunki atmosferyczne,Wywrócenie się pojazdu,Dobre warunki atmosferyczne,Światło dzienne,Jezdnia,EWK-107120582D,17,2018-07-23,Lekko,19*42'597,52*32'414,5213W,Obszar zabudowany,,Droga powiatowa,Jednojezdniowa dwukierunkowa,N,POWIAT PŁOCK,PŁOCK - OBSZAR MIEJSKI
1,0,0,2018,Dobre warunki atmosferyczne,Wywrócenie się pojazdu,Dobre warunki atmosferyczne,Światło dzienne,Jezdnia,EWK-107120582D,17,2018-07-23,Nieokreślone (puste pole),19*42'597,52*32'414,5213W,Obszar zabudowany,,Droga powiatowa,Jednojezdniowa dwukierunkowa,N,POWIAT PŁOCK,PŁOCK - OBSZAR MIEJSKI
1,0,1,2018,Dobre warunki atmosferyczne,Wywrócenie się pojazdu,Dobre warunki atmosferyczne,Światło dzienne,Jezdnia,EWK-107121066X,11,2018-07-20,Lekko,19*46'362,52*48'104,G370709W,Obszar niezabudowany,"Zakręt, łuk",Droga gminna,Jednojezdniowa dwukierunkowa,T,POWIAT SIERPECKI,ZAWIDZ - OBSZAR WIEJSKI
1,0,2,2018,Dobre warunki atmosferyczne,Wywrócenie się pojazdu,Dobre warunki atmosferyczne,Światło dzienne,Jezdnia,EWK-107124427A,14,2018-07-24,Lekko,20*13'547,52*39'21,P3061W,Obszar niezabudowany,"Zakręt, łuk",Droga powiatowa,Jednojezdniowa dwukierunkowa,N,POWIAT PŁOŃSKI,BABOSZEWO - OBSZAR WIEJSKI
1,0,1,2018,Dobre warunki atmosferyczne,Wywrócenie się pojazdu,Dobre warunki atmosferyczne,Światło dzienne,Jezdnia,EWK-107129905F,12,2018-07-29,Ciężko,19*53'093,53*04'177,541,Obszar zabudowany,Odcinek prosty,Droga wojewódzka,Jednojezdniowa dwukierunkowa,N,POWIAT ŻUROMIŃSKI,ŻUROMIN - OBSZAR MIEJSKI
1,0,1,2018,Dobre warunki atmosferyczne,Wywrócenie się pojazdu,Dobre warunki atmosferyczne,Światło dzienne,Jezdnia,EWK-107130882G,5,2018-07-29,Ciężko,19*38'304,52*43'280,G370115W,Obszar zabudowany,Odcinek prosty,Droga gminna,Jednojezdniowa dwukierunkowa,T,POWIAT SIERPECKI,GOZDOWO - OBSZAR WIEJSKI
1,0,0,2018,Dobre warunki atmosferyczne,Wywrócenie się pojazdu,Dobre warunki atmosferyczne,Światło dzienne,Jezdnia,EWK-107130882G,5,2018-07-29,Nieokreślone (puste pole),19*38'304,52*43'280,G370115W,Obszar zabudowany,Odcinek prosty,Droga gminna,Jednojezdniowa dwukierunkowa,T,POWIAT SIERPECKI,GOZDOWO - OBSZAR WIEJSKI
1,0,1,2018,Dobre warunki atmosferyczne,Wywrócenie się pojazdu,Dobre warunki atmosferyczne,Światło dzienne,Jezdnia,EWK-107133284P,15,2018-07-30,Lekko,21*27'316,53*13'451,GMINNA,Obszar zabudowany,,Droga gminna,Jednojezdniowa dwukierunkowa,N,POWIAT OSTROŁĘCKI,KADZIDŁO - OBSZAR WIEJSKI
1,0,1,2018,Dobre warunki atmosferyczne,Wywrócenie się pojazdu,Dobre warunki atmosferyczne,Światło dzienne,Jezdnia,EWK-107136982L,18,2018-08-01,Lekko,20*38'054,52*53'437,617,Obszar zabudowany,,Droga wojewódzka,Jednokierunkowa,N,POWIAT CIECHANOWSKI,CIECHANÓW - OBSZAR MIEJSKI
1,0,2,2018,Dobre warunki atmosferyczne,Wywrócenie się pojazdu,Dobre warunki atmosferyczne,Światło dzienne,Jezdnia,EWK-107147211N,17,2018-08-03,Lekko,21*38'141,51*58'347,,Obszar niezabudowany,"Zakręt, łuk",Nieokreślone (puste pole),Jednojezdniowa dwukierunkowa,N,POWIAT GARWOLIŃSKI,PARYSÓW - OBSZAR WIEJSKI
1,0,0,2018,Dobre warunki atmosferyczne,Wywrócenie się pojazdu,Dobre warunki atmosferyczne,Światło dzienne,Jezdnia,EWK-107147211N,17,2018-08-03,Nieokreślone (puste pole),21*38'141,51*58'347,,Obszar niezabudowany,"Zakręt, łuk",Nieokreślone (puste pole),Jednojezdniowa dwukierunkowa,N,POWIAT GARWOLIŃSKI,PARYSÓW - OBSZAR WIEJSKI
1,0,1,2018,Dobre warunki atmosferyczne,Wywrócenie się pojazdu,Dobre warunki atmosferyczne,Światło dzienne,Jezdnia,EWK-107155137E,15,2018-08-06,Lekko,21*23'476,52*34'594,62,Obszar niezabudowany,Odcinek prosty,Droga krajowa,Jednojezdniowa dwukierunkowa,N,POWIAT WYSZKOWSKI,WYSZKÓW - OBSZAR WIEJSKI
1,0,1,2018,Dobre warunki atmosferyczne,Wywrócenie się pojazdu,Dobre warunki atmosferyczne,Światło dzienne,Jezdnia,EWK-107196149Y,12,2018-08-18,Ciężko,20*51'533,51*50'268,P1638W,Obszar niezabudowany,Odcinek prosty,Droga powiatowa,Jednojezdniowa dwukierunkowa,T,POWIAT GRÓJECKI,GRÓJEC - OBSZAR WIEJSKI
1,0,1,2018,Dobre warunki atmosferyczne,Wywrócenie się pojazdu,Dobre warunki atmosferyczne,Światło dzienne,Jezdnia,EWK-107196149Y,12,2018-08-18,Lekko,20*51'533,51*50'268,P1638W,Obszar niezabudowany,Odcinek prosty,Droga powiatowa,Jednojezdniowa dwukierunkowa,T,POWIAT GRÓJECKI,GRÓJEC - OBSZAR WIEJSKI
1,0,1,2018,Dobre warunki atmosferyczne,Wywrócenie się pojazdu,Dobre warunki atmosferyczne,Światło dzienne,Jezdnia,EWK-107199069J,15,2018-08-19,Lekko,19*42'367,52*53'314,541,Obszar niezabudowany,Odcinek prosty,Droga wojewódzka,Jednojezdniowa dwukierunkowa,N,POWIAT SIERPECKI,ROŚCISZEWO - OBSZAR WIEJSKI
1,0,0,2018,Dobre warunki atmosferyczne,Wywrócenie się pojazdu,Dobre warunki atmosferyczne,Światło dzienne,Jezdnia,EWK-107199069J,15,2018-08-19,Nieokreślone (puste pole),19*42'367,52*53'314,541,Obszar niezabudowany,Odcinek prosty,Droga wojewódzka,Jednojezdniowa dwukierunkowa,N,POWIAT SIERPECKI,ROŚCISZEWO - OBSZAR WIEJSKI
1,0,1,2018,Dobre warunki atmosferyczne,Wywrócenie się pojazdu,Dobre warunki atmosferyczne,Światło dzienne,Jezdnia,EWK-107234439Q,14,2018-08-27,Lekko,19*58'520,52*59'207,P4640W,Obszar niezabudowany,Odcinek prosty,Droga powiatowa,Jednojezdniowa dwukierunkowa,N,POWIAT ŻUROMIŃSKI,BIEŻUŃ - OBSZAR WIEJSKI
1,0,0,2018,Dobre warunki atmosferyczne,Wywrócenie się pojazdu,Dobre warunki atmosferyczne,Światło dzienne,Jezdnia,EWK-107234439Q,14,2018-08-27,Nieokreślone (puste pole),19*58'520,52*59'207,P4640W,Obszar niezabudowany,Odcinek prosty,Droga powiatowa,Jednojezdniowa dwukierunkowa,N,POWIAT ŻUROMIŃSKI,BIEŻUŃ - OBSZAR WIEJSKI
1,0,1,2018,Dobre warunki atmosferyczne,Wywrócenie się pojazdu,Dobre warunki atmosferyczne,Światło dzienne,Jezdnia,EWK-107243613D,14,2018-08-30,Lekko,21*02'488,51*19'552,P3559W,Obszar zabudowany,,Droga powiatowa,Jednojezdniowa dwukierunkowa,N,POWIAT RADOMSKI,KOWALA - OBSZAR WIEJSKI
1,0,0,2018,Dobre warunki atmosferyczne,Wywrócenie się pojazdu,Dobre warunki atmosferyczne,Światło dzienne,Jezdnia,EWK-107243613D,14,2018-08-30,Nieokreślone (puste pole),21*02'488,51*19'552,P3559W,Obszar zabudowany,,Droga powiatowa,Jednojezdniowa dwukierunkowa,N,POWIAT RADOMSKI,KOWALA - OBSZAR WIEJSKI
1,0,1,2018,Dobre warunki atmosferyczne,Wywrócenie się pojazdu,Dobre warunki atmosferyczne,Światło dzienne,Jezdnia,EWK-107243660C,16,2018-08-30,Lekko,22*00'249,52*11'556,2,Obszar niezabudowany,Odcinek prosty,Droga krajowa,Jednojezdniowa dwukierunkowa,N,POWIAT SIEDLECKI,KOTUŃ - OBSZAR WIEJSKI
1,0,1,2018,Dobre warunki atmosferyczne,Wywrócenie się pojazdu,Dobre warunki atmosferyczne,Światło dzienne,Jezdnia,EWK-107247065T,16,2018-08-31,Lekko,19*45'358,52*42'291,5201W,Obszar niezabudowany,Odcinek prosty,Droga powiatowa,Jednojezdniowa dwukierunkowa,N,POWIAT SIERPECKI,GOZDOWO - OBSZAR WIEJSKI
1,0,1,2018,Dobre warunki atmosferyczne,Wywrócenie się pojazdu,Dobre warunki atmosferyczne,Światło dzienne,Jezdnia,EWK-107276410C,17,2018-09-08,Ciężko,21*01'435,51*20'454,GMINNA,Obszar zabudowany,"Zakręt, łuk",Droga gminna,Jednojezdniowa dwukierunkowa,T,POWIAT RADOMSKI,KOWALA - OBSZAR WIEJSKI
1,0,1,2018,Dobre warunki atmosferyczne,Wywrócenie się pojazdu,Dobre warunki atmosferyczne,Światło dzienne,Jezdnia,EWK-107277141D,12,2018-09-12,Lekko,22*18'438,52*08'397,63,Obszar zabudowany,"Zakręt, łuk",Droga krajowa,Jednojezdniowa dwukierunkowa,N,POWIAT SIEDLCE,SIEDLCE - OBSZAR MIEJSKI
1,0,0,2018,Dobre warunki atmosferyczne,Wywrócenie się pojazdu,Dobre warunki atmosferyczne,Światło dzienne,Jezdnia,EWK-107277141D,12,2018-09-12,Nieokreślone (puste pole),22*18'438,52*08'397,63,Obszar zabudowany,"Zakręt, łuk",Droga krajowa,Jednojezdniowa dwukierunkowa,N,POWIAT SIEDLCE,SIEDLCE - OBSZAR MIEJSKI
1,0,1,2018,Dobre warunki atmosferyczne,Wywrócenie się pojazdu,Dobre warunki atmosferyczne,Światło dzienne,Jezdnia,EWK-107292077X,9,2018-09-18,Lekko,21*23'263,51*29'101,737,Obszar niezabudowany,Odcinek prosty,Droga wojewódzka,Jednojezdniowa dwukierunkowa,N,POWIAT RADOMSKI,PIONKI - OBSZAR WIEJSKI
1,0,0,2018,Dobre warunki atmosferyczne,Wywrócenie się pojazdu,Dobre warunki atmosferyczne,Światło dzienne,Jezdnia,EWK-107292077X,9,2018-09-18,Nieokreślone (puste pole),21*23'263,51*29'101,737,Obszar niezabudowany,Odcinek prosty,Droga wojewódzka,Jednojezdniowa dwukierunkowa,N,POWIAT RADOMSKI,PIONKI - OBSZAR WIEJSKI
1,0,1,2018,Dobre warunki atmosferyczne,Wywrócenie się pojazdu,Dobre warunki atmosferyczne,Światło dzienne,Jezdnia,EWK-107325971Y,18,2018-09-29,Ciężko,21*44'594,51*05'585,P1931W,Obszar zabudowany,Odcinek prosty,Droga powiatowa,Jednojezdniowa dwukierunkowa,T,POWIAT LIPSKI,SOLEC NAD WISŁĄ - OBSZAR WIEJSKI
1,1,0,2018,Dobre warunki atmosferyczne,Wywrócenie się pojazdu,Dobre warunki atmosferyczne,Światło dzienne,Jezdnia,EWK-107327789U,17,2018-09-30,Nieokreślone (puste pole),21*20'439,51*18'185,GMINNA,Obszar zabudowany,"Zakręt, łuk",Droga gminna,Jednojezdniowa dwukierunkowa,N,POWIAT RADOMSKI,SKARYSZEW - OBSZAR WIEJSKI
1,0,2,2018,Dobre warunki atmosferyczne,Wywrócenie się pojazdu,Dobre warunki atmosferyczne,Światło dzienne,Jezdnia,EWK-107345212J,9,2018-10-03,Lekko,20*43'555,51*17'516,727,Obszar niezabudowany,"Zakręt, łuk",Droga wojewódzka,Jednojezdniowa dwukierunkowa,N,POWIAT PRZYSUSKI,BORKOWICE - OBSZAR WIEJSKI
1,0,0,2018,Dobre warunki atmosferyczne,Wywrócenie się pojazdu,Dobre warunki atmosferyczne,Światło dzienne,Jezdnia,EWK-107345212J,9,2018-10-03,Nieokreślone (puste pole),20*43'555,51*17'516,727,Obszar niezabudowany,"Zakręt, łuk",Droga wojewódzka,Jednojezdniowa dwukierunkowa,N,POWIAT PRZYSUSKI,BORKOWICE - OBSZAR WIEJSKI
1,0,1,2018,Dobre warunki atmosferyczne,Wywrócenie się pojazdu,Dobre warunki atmosferyczne,Światło dzienne,Jezdnia,EWK-107373141Y,14,2018-10-12,Lekko,21*51'392,52*19'534,GMINNA,Obszar niezabudowany,,Droga gminna,Jednojezdniowa dwukierunkowa,N,POWIAT WĘGROWSKI,WIERZBNO - OBSZAR WIEJSKI
1,0,1,2018,Dobre warunki atmosferyczne,Wywrócenie się pojazdu,Dobre warunki atmosferyczne,Światło dzienne,Jezdnia,EWK-107380159X,17,2018-10-13,Lekko,20*38'285,51*21'513,P3311W,Obszar niezabudowany,Odcinek prosty,Droga powiatowa,Jednojezdniowa dwukierunkowa,N,POWIAT PRZYSUSKI,RUSINÓW - OBSZAR WIEJSKI
1,0,1,2018,Dobre warunki atmosferyczne,Wywrócenie się pojazdu,Dobre warunki atmosferyczne,Światło dzienne,Jezdnia,EWK-107482582N,14,2018-12-06,Ciężko,19*50'220,52*50'476,561,Obszar zabudowany,Odcinek prosty,Droga wojewódzka,Jednojezdniowa dwukierunkowa,N,POWIAT SIERPECKI,ZAWIDZ - OBSZAR WIEJSKI
1,0,0,2018,Dobre warunki atmosferyczne,Wywrócenie się pojazdu,Dobre warunki atmosferyczne,Światło dzienne,Jezdnia,EWK-107482582N,14,2018-12-06,Nieokreślone (puste pole),19*50'220,52*50'476,561,Obszar zabudowany,Odcinek prosty,Droga wojewódzka,Jednojezdniowa dwukierunkowa,N,POWIAT SIERPECKI,ZAWIDZ - OBSZAR WIEJSKI
1,0,1,2018,Dobre warunki atmosferyczne,Wywrócenie się pojazdu,Dobre warunki atmosferyczne,Światło dzienne,Jezdnia,EWK-107525665U,11,2018-12-23,Ciężko,19*48'264,52*55'011,541,Obszar niezabudowany,Odcinek prosty,Droga wojewódzka,Jednojezdniowa dwukierunkowa,N,POWIAT SIERPECKI,ROŚCISZEWO - OBSZAR WIEJSKI
1,0,1,2018,Dobre warunki atmosferyczne,Wywrócenie się pojazdu,Dobre warunki atmosferyczne,Światło dzienne,Jezdnia,EWK-107535185H,19,2018-12-13,Lekko,21*06'585,51*18'421,733,Obszar niezabudowany,Odcinek prosty,Droga wojewódzka,Jednojezdniowa dwukierunkowa,N,POWIAT RADOMSKI,KOWALA - OBSZAR WIEJSKI
1,0,1,2018,Dobre warunki atmosferyczne,Wywrócenie się pojazdu,Dobre warunki atmosferyczne,Światło dzienne,Jezdnia,EWK-107552778L,14,2018-12-31,Lekko,20*07'143,52*22'135,575,Obszar niezabudowany,"Zakręt, łuk",Droga wojewódzka,Jednojezdniowa dwukierunkowa,N,POWIAT SOCHACZEWSKI,IŁÓW - OBSZAR WIEJSKI
1,0,0,2018,Dobre warunki atmosferyczne,Wywrócenie się pojazdu,Dobre warunki atmosferyczne,Światło dzienne,Jezdnia,EWK-107552778L,14,2018-12-31,Nieokreślone (puste pole),20*07'143,52*22'135,575,Obszar niezabudowany,"Zakręt, łuk",Droga wojewódzka,Jednojezdniowa dwukierunkowa,N,POWIAT SOCHACZEWSKI,IŁÓW - OBSZAR WIEJSKI
1,0,1,2018,Dobre warunki atmosferyczne,Wywrócenie się pojazdu,Dobre warunki atmosferyczne,Światło dzienne,"Parking, plac, MOP",EWK-106902528D,13,2018-04-21,Lekko,22*17'520,52*10'419,,Obszar zabudowany,,Nieokreślone (puste pole),Jednojezdniowa dwukierunkowa,N,POWIAT SIEDLCE,SIEDLCE - OBSZAR MIEJSKI
1,0,0,2018,Dobre warunki atmosferyczne,Wywrócenie się pojazdu,Dobre warunki atmosferyczne,Światło dzienne,"Parking, plac, MOP",EWK-106902528D,13,2018-04-21,Nieokreślone (puste pole),22*17'520,52*10'419,,Obszar zabudowany,,Nieokreślone (puste pole),Jednojezdniowa dwukierunkowa,N,POWIAT SIEDLCE,SIEDLCE - OBSZAR MIEJSKI
1,0,1,2018,Dobre warunki atmosferyczne,Wywrócenie się pojazdu,Dobre warunki atmosferyczne,Światło dzienne,Pobocze,EWK-106710829X,10,2018-02-02,Lekko,21*46'174,51*31'554,48,Obszar niezabudowany,"Zakręt, łuk",Droga krajowa,Jednojezdniowa dwukierunkowa,N,POWIAT KOZIENICKI,SIECIECHÓW - OBSZAR WIEJSKI
1,0,2,2018,Dobre warunki atmosferyczne,Wywrócenie się pojazdu,Dobre warunki atmosferyczne,Światło dzienne,Pobocze,EWK-106804292E,5,2018-03-19,Lekko,21*06'136,52*36'557,61,Obszar niezabudowany,Odcinek prosty,Droga krajowa,Jednojezdniowa dwukierunkowa,N,POWIAT PUŁTUSKI,POKRZYWNICA - OBSZAR WIEJSKI
1,0,1,2018,Dobre warunki atmosferyczne,Wywrócenie się pojazdu,Dobre warunki atmosferyczne,Światło dzienne,Pobocze,EWK-106883041T,12,2018-04-11,Lekko,21*34'535,51*30'327,79,Obszar niezabudowany,,Droga krajowa,Jednojezdniowa dwukierunkowa,N,POWIAT KOZIENICKI,KOZIENICE - OBSZAR WIEJSKI
1,0,0,2018,Dobre warunki atmosferyczne,Wywrócenie się pojazdu,Dobre warunki atmosferyczne,Światło dzienne,Pobocze,EWK-106883041T,12,2018-04-11,Nieokreślone (puste pole),21*34'535,51*30'327,79,Obszar niezabudowany,,Droga krajowa,Jednojezdniowa dwukierunkowa,N,POWIAT KOZIENICKI,KOZIENICE - OBSZAR WIEJSKI
1,0,1,2018,Dobre warunki atmosferyczne,Wywrócenie się pojazdu,Dobre warunki atmosferyczne,Światło dzienne,Pobocze,EWK-106939577C,13,2018-05-12,Lekko,22*39'070,52*07'184,P2050W,Obszar niezabudowany,Odcinek prosty,Droga powiatowa,Jednojezdniowa dwukierunkowa,N,POWIAT ŁOSICKI,OLSZANKA - OBSZAR WIEJSKI
1,0,1,2018,Dobre warunki atmosferyczne,Wywrócenie się pojazdu,Dobre warunki atmosferyczne,Światło dzienne,Pobocze,EWK-106956145E,10,2018-05-19,Lekko,20*05'138,52*39'051,10,Obszar niezabudowany,Odcinek prosty,Droga krajowa,Jednojezdniowa dwukierunkowa,N,POWIAT PŁOCKI,STAROŹREBY - OBSZAR WIEJSKI
1,0,1,2018,Dobre warunki atmosferyczne,Wywrócenie się pojazdu,Dobre warunki atmosferyczne,Światło dzienne,Pobocze,EWK-106979993G,15,2018-05-31,Lekko,20*18'558,52*31'178,P3066W,Obszar niezabudowany,"Zakręt, łuk",Droga powiatowa,Jednojezdniowa dwukierunkowa,N,POWIAT PŁOŃSKI,NARUSZEWO - OBSZAR WIEJSKI
1,0,1,2018,Dobre warunki atmosferyczne,Wywrócenie się pojazdu,Dobre warunki atmosferyczne,Światło dzienne,Pobocze,EWK-106985489D,19,2018-06-02,Lekko,19*59'380,52*32'187,GMINNA,Obszar zabudowany,Odcinek prosty,Droga gminna,Jednojezdniowa dwukierunkowa,N,POWIAT PŁOCKI,BODZANÓW - OBSZAR WIEJSKI
1,0,1,2018,Dobre warunki atmosferyczne,Wywrócenie się pojazdu,Dobre warunki atmosferyczne,Światło dzienne,Pobocze,EWK-106995210A,19,2018-06-08,Ciężko,21*30'356,52*46'541,2576W,Obszar niezabudowany,"Zakręt, łuk",Droga powiatowa,Jednojezdniowa dwukierunkowa,T,POWIAT WYSZKOWSKI,DŁUGOSIODŁO - OBSZAR WIEJSKI
1,0,1,2018,Dobre warunki atmosferyczne,Wywrócenie się pojazdu,Dobre warunki atmosferyczne,Światło dzienne,Pobocze,EWK-107024174P,19,2018-06-15,Ciężko,19*21'042,52*23'393,P1405W,Obszar zabudowany,Odcinek prosty,Droga powiatowa,Jednojezdniowa dwukierunkowa,N,POWIAT GOSTYNIŃSKI,GOSTYNIN - OBSZAR WIEJSKI
1,0,1,2018,Dobre warunki atmosferyczne,Wywrócenie się pojazdu,Dobre warunki atmosferyczne,Światło dzienne,Pobocze,EWK-107046710A,18,2018-06-21,Lekko,21*34'075,51*11'205,P1905W,Obszar niezabudowany,Odcinek prosty,Droga powiatowa,Jednojezdniowa dwukierunkowa,N,POWIAT LIPSKI,CIEPIELÓW - OBSZAR WIEJSKI
1,0,2,2018,Dobre warunki atmosferyczne,Wywrócenie się pojazdu,Dobre warunki atmosferyczne,Światło dzienne,Pobocze,EWK-107165835X,17,2018-08-09,Ciężko,21*42'263,51*21'304,GMINNA,Obszar zabudowany,Odcinek prosty,Droga gminna,Jednojezdniowa dwukierunkowa,T,POWIAT ZWOLEŃSKI,PRZYŁĘK - OBSZAR WIEJSKI
1,0,1,2018,Dobre warunki atmosferyczne,Wywrócenie się pojazdu,Dobre warunki atmosferyczne,Światło dzienne,Pobocze,EWK-107188036H,13,2018-08-15,Lekko,20*29'230,52*51'469,G120210W,Obszar niezabudowany,"Zakręt, łuk",Droga gminna,Jednojezdniowa dwukierunkowa,N,POWIAT CIECHANOWSKI,CIECHANÓW - OBSZAR WIEJSKI
1,0,0,2018,Dobre warunki atmosferyczne,Wywrócenie się pojazdu,Dobre warunki atmosferyczne,Światło dzienne,Pobocze,EWK-107188036H,13,2018-08-15,Nieokreślone (puste pole),20*29'230,52*51'469,G120210W,Obszar niezabudowany,"Zakręt, łuk",Droga gminna,Jednojezdniowa dwukierunkowa,N,POWIAT CIECHANOWSKI,CIECHANÓW - OBSZAR WIEJSKI
1,0,1,2018,Dobre warunki atmosferyczne,Wywrócenie się pojazdu,Dobre warunki atmosferyczne,Światło dzienne,Pobocze,EWK-107327327D,14,2018-09-30,Lekko,20*38'575,51*19'145,P3302W,Obszar zabudowany,Odcinek prosty,Droga powiatowa,Jednojezdniowa dwukierunkowa,N,POWIAT PRZYSUSKI,BORKOWICE - OBSZAR WIEJSKI
1,0,0,2018,Dobre warunki atmosferyczne,Wywrócenie się pojazdu,Dobre warunki atmosferyczne,Światło dzienne,Pobocze,EWK-107327327D,14,2018-09-30,Nieokreślone (puste pole),20*38'575,51*19'145,P3302W,Obszar zabudowany,Odcinek prosty,Droga powiatowa,Jednojezdniowa dwukierunkowa,N,POWIAT PRZYSUSKI,BORKOWICE - OBSZAR WIEJSKI
1,0,1,2018,Dobre warunki atmosferyczne,Wywrócenie się pojazdu,Dobre warunki atmosferyczne,Światło dzienne,Pobocze,EWK-107360786J,7,2018-10-09,Ciężko,21*33'993,51*32'263,79,Obszar niezabudowany,Odcinek prosty,Droga krajowa,Jednojezdniowa dwukierunkowa,T,POWIAT KOZIENICKI,KOZIENICE - OBSZAR WIEJSKI
1,0,2,2018,Dobre warunki atmosferyczne,Wywrócenie się pojazdu,Dobre warunki atmosferyczne,Światło dzienne,"Roboty drogowe, oznakowanie tymczasowe",EWK-106809742D,15,2018-03-22,Lekko,20*34'315,52*00'145,8,Obszar niezabudowany,Odcinek prosty,Droga krajowa,Jednojezdniowa dwukierunkowa,N,POWIAT ŻYRARDOWSKI,RADZIEJOWICE - OBSZAR WIEJSKI
1,1,0,2018,Dobre warunki atmosferyczne,Wywrócenie się pojazdu,Dobre warunki atmosferyczne,Światło dzienne,"Roboty drogowe, oznakowanie tymczasowe",EWK-106809742D,15,2018-03-22,Nieokreślone (puste pole),20*34'315,52*00'145,8,Obszar niezabudowany,Odcinek prosty,Droga krajowa,Jednojezdniowa dwukierunkowa,N,POWIAT ŻYRARDOWSKI,RADZIEJOWICE - OBSZAR WIEJSKI
1,0,1,2018,Dobre warunki atmosferyczne,Wywrócenie się pojazdu,Dobre warunki atmosferyczne,Światło dzienne,"Skarpa, rów",EWK-106660300Y,7,2018-01-06,Lekko,21*53'356,52*57'383,677,Obszar niezabudowany,Odcinek prosty,Droga wojewódzka,Jednojezdniowa dwukierunkowa,N,POWIAT OSTROWSKI,STARY LUBOTYŃ - OBSZAR WIEJSKI
1,0,0,2018,Dobre warunki atmosferyczne,Wywrócenie się pojazdu,Dobre warunki atmosferyczne,Światło dzienne,"Skarpa, rów",EWK-106660300Y,7,2018-01-06,Nieokreślone (puste pole),21*53'356,52*57'383,677,Obszar niezabudowany,Odcinek prosty,Droga wojewódzka,Jednojezdniowa dwukierunkowa,N,POWIAT OSTROWSKI,STARY LUBOTYŃ - OBSZAR WIEJSKI
1,0,1,2018,Dobre warunki atmosferyczne,Wywrócenie się pojazdu,Dobre warunki atmosferyczne,Światło dzienne,"Skarpa, rów",EWK-106805635K,7,2018-03-20,Ciężko,21*01'588,52*41'076,G340409W,Obszar niezabudowany,Odcinek prosty,Droga gminna,Jednojezdniowa dwukierunkowa,N,POWIAT PUŁTUSKI,PUŁTUSK - OBSZAR WIEJSKI
1,0,0,2018,Dobre warunki atmosferyczne,Wywrócenie się pojazdu,Dobre warunki atmosferyczne,Światło dzienne,"Skarpa, rów",EWK-106805635K,7,2018-03-20,Nieokreślone (puste pole),21*01'588,52*41'076,G340409W,Obszar niezabudowany,Odcinek prosty,Droga gminna,Jednojezdniowa dwukierunkowa,N,POWIAT PUŁTUSKI,PUŁTUSK - OBSZAR WIEJSKI
1,0,1,2018,Dobre warunki atmosferyczne,Wywrócenie się pojazdu,Dobre warunki atmosferyczne,Światło dzienne,"Skarpa, rów",EWK-106863065J,7,2018-03-30,Lekko,22*59'236,52*17'048,P2008W,Obszar niezabudowany,Odcinek prosty,Droga powiatowa,Jednojezdniowa dwukierunkowa,N,POWIAT ŁOSICKI,SARNAKI - OBSZAR WIEJSKI
1,0,1,2018,Dobre warunki atmosferyczne,Wywrócenie się pojazdu,Dobre warunki atmosferyczne,Światło dzienne,"Skarpa, rów",EWK-106888808N,16,2018-04-14,Lekko,21*46'156,51*34'559,48,Obszar niezabudowany,Odcinek prosty,Droga krajowa,Jednojezdniowa dwukierunkowa,N,POWIAT KOZIENICKI,SIECIECHÓW - OBSZAR WIEJSKI
1,0,1,2018,Dobre warunki atmosferyczne,Wywrócenie się pojazdu,Dobre warunki atmosferyczne,Światło dzienne,"Skarpa, rów",EWK-106900926J,13,2018-04-20,Lekko,20*37'453,52*55'023,617,Obszar niezabudowany,"Zakręt, łuk",Droga wojewódzka,Jednojezdniowa dwukierunkowa,N,POWIAT CIECHANOWSKI,CIECHANÓW - OBSZAR WIEJSKI
1,0,0,2018,Dobre warunki atmosferyczne,Wywrócenie się pojazdu,Dobre warunki atmosferyczne,Światło dzienne,"Skarpa, rów",EWK-106900926J,13,2018-04-20,Nieokreślone (puste pole),20*37'453,52*55'023,617,Obszar niezabudowany,"Zakręt, łuk",Droga wojewódzka,Jednojezdniowa dwukierunkowa,N,POWIAT CIECHANOWSKI,CIECHANÓW - OBSZAR WIEJSKI
1,0,1,2018,Dobre warunki atmosferyczne,Wywrócenie się pojazdu,Dobre warunki atmosferyczne,Światło dzienne,"Skarpa, rów",EWK-106906722K,14,2018-04-24,Lekko,21*09'354,52*54'528,626,Obszar niezabudowany,Odcinek prosty,Droga wojewódzka,Jednojezdniowa dwukierunkowa,N,POWIAT MAKOWSKI,CZERWONKA - OBSZAR WIEJSKI
1,0,1,2018,Dobre warunki atmosferyczne,Wywrócenie się pojazdu,Dobre warunki atmosferyczne,Światło dzienne,"Skarpa, rów",EWK-106931570C,15,2018-05-07,Lekko,22*39'211,52*14'478,698,Obszar niezabudowany,"Zakręt, łuk",Droga wojewódzka,Jednojezdniowa dwukierunkowa,N,POWIAT ŁOSICKI,ŁOSICE - OBSZAR WIEJSKI