Liczba wypadków,Liczba zabitych,Liczba rannych,Rok,Warunki atmosferyczne,Rodzaj zdarzenia,Warunki atmosferyczne,Oświetlenie,Charakterystyka miejsca zdarzenia,IDKSIP zdarzenia,Godzina,Dzień,Ranny,GPS x,GPS y,Numer drogi,Obszar,Geometria drogi,Kategoria drogi 1,Rodzaj drogi,Czy w zdarzeniu był sprawca nietrzeźwy,Powiat,Gmina
1,0,1,2018,Dobre warunki atmosferyczne,Wywrócenie się pojazdu,Dobre warunki atmosferyczne,Światło dzienne,"Skarpa, rów",EWK-106968094J,14,2018-05-25,Lekko,21*13'077,52*54'104,2131W,Obszar zabudowany,Odcinek prosty,Droga powiatowa,Jednojezdniowa dwukierunkowa,T,POWIAT MAKOWSKI,CZERWONKA - OBSZAR WIEJSKI
1,0,1,2018,Dobre warunki atmosferyczne,Wywrócenie się pojazdu,Dobre warunki atmosferyczne,Światło dzienne,"Skarpa, rów",EWK-106973189H,14,2018-05-25,Lekko,20*47'107,51*30'048,740,Obszar niezabudowany,Odcinek prosty,Droga wojewódzka,Jednojezdniowa dwukierunkowa,N,POWIAT PRZYSUSKI,POTWORÓW - OBSZAR WIEJSKI
1,0,2,2018,Dobre warunki atmosferyczne,Wywrócenie się pojazdu,Dobre warunki atmosferyczne,Światło dzienne,"Skarpa, rów",EWK-107005734L,15,2018-06-12,Ciężko,20*20'150,52*42'077,7,Obszar niezabudowany,Odcinek prosty,Droga krajowa,Jednojezdniowa dwukierunkowa,N,POWIAT PŁOŃSKI,BABOSZEWO - OBSZAR WIEJSKI
1,0,1,2018,Dobre warunki atmosferyczne,Wywrócenie się pojazdu,Dobre warunki atmosferyczne,Światło dzienne,"Skarpa, rów",EWK-107005734L,15,2018-06-12,Lekko,20*20'150,52*42'077,7,Obszar niezabudowany,Odcinek prosty,Droga krajowa,Jednojezdniowa dwukierunkowa,N,POWIAT PŁOŃSKI,BABOSZEWO - OBSZAR WIEJSKI
1,0,1,2018,Dobre warunki atmosferyczne,Wywrócenie się pojazdu,Dobre warunki atmosferyczne,Światło dzienne,"Skarpa, rów",EWK-107026645G,12,2018-06-17,Lekko,21*31'508,51*24'176,787,Obszar niezabudowany,Odcinek prosty,Droga wojewódzka,Jednojezdniowa dwukierunkowa,N,POWIAT ZWOLEŃSKI,ZWOLEŃ - OBSZAR WIEJSKI
1,0,1,2018,Dobre warunki atmosferyczne,Wywrócenie się pojazdu,Dobre warunki atmosferyczne,Światło dzienne,"Skarpa, rów",EWK-107099196X,21,2018-07-08,Lekko,20*03'407,52*40'450,10,Obszar niezabudowany,,Droga krajowa,Jednojezdniowa dwukierunkowa,T,POWIAT PŁOCKI,DROBIN - OBSZAR WIEJSKI
1,0,1,2018,Dobre warunki atmosferyczne,Wywrócenie się pojazdu,Dobre warunki atmosferyczne,Światło dzienne,"Skarpa, rów",EWK-107119173Y,6,2018-07-23,Lekko,19*35'297,52*37'235,559,Obszar niezabudowany,Odcinek prosty,Droga wojewódzka,Jednojezdniowa dwukierunkowa,N,POWIAT PŁOCKI,STARA BIAŁA - OBSZAR WIEJSKI
1,0,0,2018,Dobre warunki atmosferyczne,Wywrócenie się pojazdu,Dobre warunki atmosferyczne,Światło dzienne,"Skarpa, rów",EWK-107119173Y,6,2018-07-23,Nieokreślone (puste pole),19*35'297,52*37'235,559,Obszar niezabudowany,Odcinek prosty,Droga wojewódzka,Jednojezdniowa dwukierunkowa,N,POWIAT PŁOCKI,STARA BIAŁA - OBSZAR WIEJSKI
1,0,1,2018,Dobre warunki atmosferyczne,Wywrócenie się pojazdu,Dobre warunki atmosferyczne,Światło dzienne,"Skarpa, rów",EWK-107323389J,10,2018-09-29,Ciężko,21*02'184,53*02'341,G210624W,Obszar niezabudowany,"Zakręt, łuk",Droga gminna,Jednojezdniowa dwukierunkowa,N,POWIAT MAKOWSKI,PŁONIAWY-BRAMURA - OBSZAR WIEJSKI
1,0,0,2018,Dobre warunki atmosferyczne,Wywrócenie się pojazdu,Dobre warunki atmosferyczne,Światło dzienne,"Skarpa, rów",EWK-107323389J,10,2018-09-29,Nieokreślone (puste pole),21*02'184,53*02'341,G210624W,Obszar niezabudowany,"Zakręt, łuk",Droga gminna,Jednojezdniowa dwukierunkowa,N,POWIAT MAKOWSKI,PŁONIAWY-BRAMURA - OBSZAR WIEJSKI
1,0,1,2018,Dobre warunki atmosferyczne,Wywrócenie się pojazdu,Dobre warunki atmosferyczne,Światło dzienne,"Skarpa, rów",EWK-107417232A,10,2018-10-31,Lekko,22*05'325,52*24'127,62,Obszar niezabudowany,Odcinek prosty,Droga krajowa,Jednojezdniowa dwukierunkowa,N,POWIAT SOKOŁOWSKI,SOKOŁÓW PODLASKI - OBSZAR WIEJSKI
1,0,1,2018,Dobre warunki atmosferyczne,Wywrócenie się pojazdu,Dobre warunki atmosferyczne,Światło dzienne,"Skarpa, rów",EWK-107479596P,8,2018-12-05,Lekko,21*19'449,51*51'057,,Obszar niezabudowany,"Zakręt, łuk",Nieokreślone (puste pole),Jednojezdniowa dwukierunkowa,N,POWIAT GARWOLIŃSKI,WILGA - OBSZAR WIEJSKI
1,0,0,2018,Dobre warunki atmosferyczne,Wywrócenie się pojazdu,Dobre warunki atmosferyczne,Światło dzienne,"Skarpa, rów",EWK-107479596P,8,2018-12-05,Nieokreślone (puste pole),21*19'449,51*51'057,,Obszar niezabudowany,"Zakręt, łuk",Nieokreślone (puste pole),Jednojezdniowa dwukierunkowa,N,POWIAT GARWOLIŃSKI,WILGA - OBSZAR WIEJSKI
1,0,1,2018,Dobre warunki atmosferyczne,Wywrócenie się pojazdu,Dobre warunki atmosferyczne,Światło dzienne,"Wjazd, wyjazd z posesji, pola",EWK-106791434L,16,2018-03-12,Lekko,19*39'132,52*33'596,559,Obszar zabudowany,Odcinek prosty,Droga wojewódzka,Jednojezdniowa dwukierunkowa,N,POWIAT PŁOCK,PŁOCK - OBSZAR MIEJSKI
1,0,0,2018,Dobre warunki atmosferyczne,Wywrócenie się pojazdu,Dobre warunki atmosferyczne,Światło dzienne,"Wjazd, wyjazd z posesji, pola",EWK-106791434L,16,2018-03-12,Nieokreślone (puste pole),19*39'132,52*33'596,559,Obszar zabudowany,Odcinek prosty,Droga wojewódzka,Jednojezdniowa dwukierunkowa,N,POWIAT PŁOCK,PŁOCK - OBSZAR MIEJSKI
1,0,1,2018,Dobre warunki atmosferyczne,Wywrócenie się pojazdu,Dobre warunki atmosferyczne,"Świt, zmrok",Jezdnia,EWK-106759236W,6,2018-02-23,Ciężko,19*36'419,52*48'373,541,Obszar niezabudowany,"Zakręt, łuk",Droga wojewódzka,Jednojezdniowa dwukierunkowa,N,POWIAT SIERPECKI,SIERPC - OBSZAR WIEJSKI
1,1,0,2018,Dobre warunki atmosferyczne,Wywrócenie się pojazdu,Dobre warunki atmosferyczne,"Świt, zmrok",Jezdnia,EWK-106915213M,20,2018-04-27,Nieokreślone (puste pole),20*45'276,52*52'531,P1209W,Obszar zabudowany,Odcinek prosty,Droga powiatowa,Jednojezdniowa dwukierunkowa,N,POWIAT CIECHANOWSKI,OPINOGÓRA GÓRNA - OBSZAR WIEJSKI
1,0,1,2018,Dobre warunki atmosferyczne,Wywrócenie się pojazdu,Dobre warunki atmosferyczne,"Świt, zmrok",Jezdnia,EWK-106936385E,19,2018-05-10,Ciężko,21*25'471,52*32'034,GMINNA,Obszar niezabudowany,Odcinek prosty,Droga gminna,Jednojezdniowa dwukierunkowa,N,POWIAT WYSZKOWSKI,WYSZKÓW - OBSZAR WIEJSKI
1,0,2,2018,Dobre warunki atmosferyczne,Wywrócenie się pojazdu,Dobre warunki atmosferyczne,"Świt, zmrok",Jezdnia,EWK-106940012X,3,2018-05-13,Lekko,21*34'387,51*55'035,,Obszar zabudowany,"Zakręt, łuk",Nieokreślone (puste pole),Jednojezdniowa dwukierunkowa,N,POWIAT GARWOLIŃSKI,GARWOLIN - OBSZAR WIEJSKI
1,0,0,2018,Dobre warunki atmosferyczne,Wywrócenie się pojazdu,Dobre warunki atmosferyczne,"Świt, zmrok",Jezdnia,EWK-106940012X,3,2018-05-13,Nieokreślone (puste pole),21*34'387,51*55'035,,Obszar zabudowany,"Zakręt, łuk",Nieokreślone (puste pole),Jednojezdniowa dwukierunkowa,N,POWIAT GARWOLIŃSKI,GARWOLIN - OBSZAR WIEJSKI
1,0,1,2018,Dobre warunki atmosferyczne,Wywrócenie się pojazdu,Dobre warunki atmosferyczne,"Świt, zmrok",Jezdnia,EWK-107079745J,20,2018-06-28,Ciężko,21*09'328,51*24'065,P5309W,Obszar zabudowany,,Droga powiatowa,Jednojezdniowa dwukierunkowa,N,POWIAT RADOM,RADOM - OBSZAR MIEJSKI
1,0,1,2018,Dobre warunki atmosferyczne,Wywrócenie się pojazdu,Dobre warunki atmosferyczne,"Świt, zmrok",Jezdnia,EWK-107151869M,20,2018-08-04,Ciężko,19*54'433,53*04'151,563,Obszar zabudowany,,Droga wojewódzka,Jednojezdniowa dwukierunkowa,N,POWIAT ŻUROMIŃSKI,ŻUROMIN - OBSZAR MIEJSKI
1,0,1,2018,Dobre warunki atmosferyczne,Wywrócenie się pojazdu,Dobre warunki atmosferyczne,"Świt, zmrok",Jezdnia,EWK-107199422P,12,2018-08-19,Lekko,21*04'115,52*58'373,P2110W,Obszar zabudowany,"Zakręt, łuk",Droga powiatowa,Jednojezdniowa dwukierunkowa,N,POWIAT MAKOWSKI,MAKÓW MAZOWIECKI - OBSZAR MIEJSKI
1,0,0,2018,Dobre warunki atmosferyczne,Wywrócenie się pojazdu,Dobre warunki atmosferyczne,"Świt, zmrok",Jezdnia,EWK-107199422P,12,2018-08-19,Nieokreślone (puste pole),21*04'115,52*58'373,P2110W,Obszar zabudowany,"Zakręt, łuk",Droga powiatowa,Jednojezdniowa dwukierunkowa,N,POWIAT MAKOWSKI,MAKÓW MAZOWIECKI - OBSZAR MIEJSKI
1,0,1,2018,Dobre warunki atmosferyczne,Wywrócenie się pojazdu,Dobre warunki atmosferyczne,"Świt, zmrok",Pobocze,EWK-106761238H,17,2018-02-26,Lekko,21*27'564,51*35'553,48,Obszar niezabudowany,Odcinek prosty,Droga krajowa,Jednojezdniowa dwukierunkowa,N,POWIAT KOZIENICKI,KOZIENICE - OBSZAR WIEJSKI
1,0,1,2018,Dobre warunki atmosferyczne,Wywrócenie się pojazdu,Dobre warunki atmosferyczne,"Świt, zmrok",Pobocze,EWK-106812737T,4,2018-03-24,Lekko,22*10'324,52*31'123,W627,Obszar niezabudowany,"Zakręt, łuk",Droga wojewódzka,Jednojezdniowa dwukierunkowa,N,POWIAT SOKOŁOWSKI,KOSÓW LACKI - OBSZAR WIEJSKI
1,0,0,2018,Dobre warunki atmosferyczne,Wywrócenie się pojazdu,Dobre warunki atmosferyczne,"Świt, zmrok",Pobocze,EWK-106812737T,4,2018-03-24,Nieokreślone (puste pole),22*10'324,52*31'123,W627,Obszar niezabudowany,"Zakręt, łuk",Droga wojewódzka,Jednojezdniowa dwukierunkowa,N,POWIAT SOKOŁOWSKI,KOSÓW LACKI - OBSZAR WIEJSKI
1,0,1,2018,Dobre warunki atmosferyczne,Zdarzenie z pasażerem,Dobre warunki atmosferyczne,Światło dzienne,Jezdnia,EWK-106790040U,17,2018-03-10,Ciężko,21*36'372,51*23'448,GMINNA,Obszar zabudowany,"Zakręt, łuk",Droga gminna,Jednojezdniowa dwukierunkowa,T,POWIAT ZWOLEŃSKI,ZWOLEŃ - OBSZAR WIEJSKI
1,0,0,2018,Dobre warunki atmosferyczne,Zdarzenie z pasażerem,Dobre warunki atmosferyczne,Światło dzienne,Jezdnia,EWK-106790040U,17,2018-03-10,Nieokreślone (puste pole),21*36'372,51*23'448,GMINNA,Obszar zabudowany,"Zakręt, łuk",Droga gminna,Jednojezdniowa dwukierunkowa,T,POWIAT ZWOLEŃSKI,ZWOLEŃ - OBSZAR WIEJSKI
1,0,1,2018,Dobre warunki atmosferyczne,Zdarzenie z pasażerem,Dobre warunki atmosferyczne,Światło dzienne,Jezdnia,EWK-106868053L,17,2018-04-03,Ciężko,20*59'579,51*28'563,GMINNA,Obszar niezabudowany,Odcinek prosty,Droga gminna,Jednojezdniowa dwukierunkowa,N,POWIAT RADOMSKI,ZAKRZEW - OBSZAR WIEJSKI
1,0,0,2018,Dobre warunki atmosferyczne,Zdarzenie z pasażerem,Dobre warunki atmosferyczne,Światło dzienne,Jezdnia,EWK-106868053L,17,2018-04-03,Nieokreślone (puste pole),20*59'579,51*28'563,GMINNA,Obszar niezabudowany,Odcinek prosty,Droga gminna,Jednojezdniowa dwukierunkowa,N,POWIAT RADOMSKI,ZAKRZEW - OBSZAR WIEJSKI
1,0,1,2018,Dobre warunki atmosferyczne,Zdarzenie z pasażerem,Dobre warunki atmosferyczne,Światło dzienne,Jezdnia,EWK-107193711C,21,2018-08-17,Lekko,21*36'278,51*53'380,,Obszar zabudowany,,Nieokreślone (puste pole),Jednojezdniowa dwukierunkowa,N,POWIAT GARWOLIŃSKI,GARWOLIN - OBSZAR MIEJSKI
1,0,0,2018,Dobre warunki atmosferyczne,Zdarzenie z pasażerem,Dobre warunki atmosferyczne,Światło dzienne,Jezdnia,EWK-107193711C,21,2018-08-17,Nieokreślone (puste pole),21*36'278,51*53'380,,Obszar zabudowany,,Nieokreślone (puste pole),Jednojezdniowa dwukierunkowa,N,POWIAT GARWOLIŃSKI,GARWOLIN - OBSZAR MIEJSKI
1,0,1,2018,Dobre warunki atmosferyczne,Zdarzenie z pasażerem,Dobre warunki atmosferyczne,Światło dzienne,Jezdnia,EWK-107226919L,16,2018-08-24,Lekko,19*53'062,52*54'073,561,Obszar niezabudowany,"Zakręt, łuk",Droga wojewódzka,Jednojezdniowa dwukierunkowa,N,POWIAT SIERPECKI,ZAWIDZ - OBSZAR WIEJSKI
1,0,0,2018,Dobre warunki atmosferyczne,Zdarzenie z pasażerem,Dobre warunki atmosferyczne,Światło dzienne,Jezdnia,EWK-107226919L,16,2018-08-24,Nieokreślone (puste pole),19*53'062,52*54'073,561,Obszar niezabudowany,"Zakręt, łuk",Droga wojewódzka,Jednojezdniowa dwukierunkowa,N,POWIAT SIERPECKI,ZAWIDZ - OBSZAR WIEJSKI
1,0,1,2018,Dobre warunki atmosferyczne,Zdarzenie z pasażerem,Dobre warunki atmosferyczne,Światło dzienne,Jezdnia,EWK-107295488E,14,2018-09-19,Lekko,21*19'074,51*46'534,W736,Obszar zabudowany,,Droga wojewódzka,Jednojezdniowa dwukierunkowa,N,POWIAT KOZIENICKI,MAGNUSZEW - OBSZAR WIEJSKI
1,0,0,2018,Dobre warunki atmosferyczne,Zdarzenie z pasażerem,Dobre warunki atmosferyczne,Światło dzienne,Jezdnia,EWK-107295488E,14,2018-09-19,Nieokreślone (puste pole),21*19'074,51*46'534,W736,Obszar zabudowany,,Droga wojewódzka,Jednojezdniowa dwukierunkowa,N,POWIAT KOZIENICKI,MAGNUSZEW - OBSZAR WIEJSKI
1,0,1,2018,Dobre warunki atmosferyczne,Zdarzenie z pasażerem,Dobre warunki atmosferyczne,Światło dzienne,Jezdnia,EWK-107370747T,9,2018-10-12,Lekko,19*41'514,52*32'543,60,Obszar zabudowany,Odcinek prosty,Droga krajowa,Dwie jezdnie jednokierunkowe,N,POWIAT PŁOCK,PŁOCK - OBSZAR MIEJSKI
1,0,0,2018,Dobre warunki atmosferyczne,Zdarzenie z pasażerem,Dobre warunki atmosferyczne,Światło dzienne,Jezdnia,EWK-107370747T,9,2018-10-12,Nieokreślone (puste pole),19*41'514,52*32'543,60,Obszar zabudowany,Odcinek prosty,Droga krajowa,Dwie jezdnie jednokierunkowe,N,POWIAT PŁOCK,PŁOCK - OBSZAR MIEJSKI
1,0,3,2018,Dobre warunki atmosferyczne,Zdarzenie z pasażerem,Dobre warunki atmosferyczne,Światło dzienne,Przystanek komunikacji publicznej,EWK-106956427L,19,2018-05-19,Lekko,21*26'136,51*47'295,801,Obszar zabudowany,Odcinek prosty,Droga wojewódzka,Jednojezdniowa dwukierunkowa,N,POWIAT GARWOLIŃSKI,WILGA - OBSZAR WIEJSKI
1,0,1,2018,Dobre warunki atmosferyczne,Zdarzenie z pasażerem,Dobre warunki atmosferyczne,Światło dzienne,Przystanek komunikacji publicznej,EWK-107345921T,16,2018-10-02,Lekko,21*10'358,51*24'524,P5329W,Obszar zabudowany,,Droga powiatowa,Jednojezdniowa dwukierunkowa,N,POWIAT RADOM,RADOM - OBSZAR MIEJSKI
1,0,0,2018,Dobre warunki atmosferyczne,Zdarzenie z pasażerem,Dobre warunki atmosferyczne,Światło dzienne,Przystanek komunikacji publicznej,EWK-107345921T,16,2018-10-02,Nieokreślone (puste pole),21*10'358,51*24'524,P5329W,Obszar zabudowany,,Droga powiatowa,Jednojezdniowa dwukierunkowa,N,POWIAT RADOM,RADOM - OBSZAR MIEJSKI
1,0,1,2018,Dobre warunki atmosferyczne,Zderzenie pojazdów boczne,Dobre warunki atmosferyczne,Noc - droga nieoświetlona,Jezdnia,EWK-106733201X,21,2018-02-13,Ciężko,21*30'178,52*35'189,62,Obszar niezabudowany,Odcinek prosty,Droga krajowa,Jednojezdniowa dwukierunkowa,N,POWIAT WYSZKOWSKI,WYSZKÓW - OBSZAR WIEJSKI
1,0,0,2018,Dobre warunki atmosferyczne,Zderzenie pojazdów boczne,Dobre warunki atmosferyczne,Noc - droga nieoświetlona,Jezdnia,EWK-106733201X,21,2018-02-13,Nieokreślone (puste pole),21*30'178,52*35'189,62,Obszar niezabudowany,Odcinek prosty,Droga krajowa,Jednojezdniowa dwukierunkowa,N,POWIAT WYSZKOWSKI,WYSZKÓW - OBSZAR WIEJSKI
1,0,2,2018,Dobre warunki atmosferyczne,Zderzenie pojazdów boczne,Dobre warunki atmosferyczne,Noc - droga nieoświetlona,Jezdnia,EWK-106792061U,18,2018-03-08,Ciężko,21*03'386,51*43'237,731,Obszar niezabudowany,Odcinek prosty,Droga wojewódzka,Jednojezdniowa dwukierunkowa,N,POWIAT GRÓJECKI,WARKA - OBSZAR WIEJSKI
1,0,0,2018,Dobre warunki atmosferyczne,Zderzenie pojazdów boczne,Dobre warunki atmosferyczne,Noc - droga nieoświetlona,Jezdnia,EWK-106792061U,18,2018-03-08,Nieokreślone (puste pole),21*03'386,51*43'237,731,Obszar niezabudowany,Odcinek prosty,Droga wojewódzka,Jednojezdniowa dwukierunkowa,N,POWIAT GRÓJECKI,WARKA - OBSZAR WIEJSKI
1,0,2,2018,Dobre warunki atmosferyczne,Zderzenie pojazdów boczne,Dobre warunki atmosferyczne,Noc - droga nieoświetlona,Jezdnia,EWK-106875512K,21,2018-04-08,Lekko,21*06'570,51*30'496,7,Obszar zabudowany,,Droga krajowa,Dwie jezdnie jednokierunkowe,N,POWIAT RADOMSKI,JEDLIŃSK - OBSZAR WIEJSKI
1,1,0,2018,Dobre warunki atmosferyczne,Zderzenie pojazdów boczne,Dobre warunki atmosferyczne,Noc - droga nieoświetlona,Jezdnia,EWK-106875512K,21,2018-04-08,Nieokreślone (puste pole),21*06'570,51*30'496,7,Obszar zabudowany,,Droga krajowa,Dwie jezdnie jednokierunkowe,N,POWIAT RADOMSKI,JEDLIŃSK - OBSZAR WIEJSKI
1,0,1,2018,Dobre warunki atmosferyczne,Zderzenie pojazdów boczne,Dobre warunki atmosferyczne,Noc - droga nieoświetlona,Jezdnia,EWK-106885259A,20,2018-04-12,Lekko,19*28'531,52*29'584,573,Obszar niezabudowany,,Droga wojewódzka,Jednojezdniowa dwukierunkowa,N,POWIAT GOSTYNIŃSKI,GOSTYNIN - OBSZAR WIEJSKI
1,0,0,2018,Dobre warunki atmosferyczne,Zderzenie pojazdów boczne,Dobre warunki atmosferyczne,Noc - droga nieoświetlona,Jezdnia,EWK-106885259A,20,2018-04-12,Nieokreślone (puste pole),19*28'531,52*29'584,573,Obszar niezabudowany,,Droga wojewódzka,Jednojezdniowa dwukierunkowa,N,POWIAT GOSTYNIŃSKI,GOSTYNIN - OBSZAR WIEJSKI
1,0,1,2018,Dobre warunki atmosferyczne,Zderzenie pojazdów boczne,Dobre warunki atmosferyczne,Noc - droga nieoświetlona,Jezdnia,EWK-106912476R,19,2018-04-26,Lekko,20*50'004,51*50'397,728,Obszar niezabudowany,Odcinek prosty,Droga wojewódzka,Jednojezdniowa dwukierunkowa,N,POWIAT GRÓJECKI,BELSK DUŻY - OBSZAR WIEJSKI
1,0,0,2018,Dobre warunki atmosferyczne,Zderzenie pojazdów boczne,Dobre warunki atmosferyczne,Noc - droga nieoświetlona,Jezdnia,EWK-106912476R,19,2018-04-26,Nieokreślone (puste pole),20*50'004,51*50'397,728,Obszar niezabudowany,Odcinek prosty,Droga wojewódzka,Jednojezdniowa dwukierunkowa,N,POWIAT GRÓJECKI,BELSK DUŻY - OBSZAR WIEJSKI
1,0,1,2018,Dobre warunki atmosferyczne,Zderzenie pojazdów boczne,Dobre warunki atmosferyczne,Noc - droga nieoświetlona,Jezdnia,EWK-106927011H,20,2018-05-06,Lekko,21*30'215,53*07'515,53,Obszar niezabudowany,Odcinek prosty,Droga krajowa,Jednojezdniowa dwukierunkowa,N,POWIAT OSTROŁĘCKI,OLSZEWO-BORKI - OBSZAR WIEJSKI
1,0,0,2018,Dobre warunki atmosferyczne,Zderzenie pojazdów boczne,Dobre warunki atmosferyczne,Noc - droga nieoświetlona,Jezdnia,EWK-106927011H,20,2018-05-06,Nieokreślone (puste pole),21*30'215,53*07'515,53,Obszar niezabudowany,Odcinek prosty,Droga krajowa,Jednojezdniowa dwukierunkowa,N,POWIAT OSTROŁĘCKI,OLSZEWO-BORKI - OBSZAR WIEJSKI
1,0,2,2018,Dobre warunki atmosferyczne,Zderzenie pojazdów boczne,Dobre warunki atmosferyczne,Noc - droga nieoświetlona,Jezdnia,EWK-106956640N,0,2018-05-20,Lekko,20*21'015,52*13'097,K92S,Obszar niezabudowany,Odcinek prosty,Droga krajowa,Jednojezdniowa dwukierunkowa,N,POWIAT SOCHACZEWSKI,SOCHACZEW - OBSZAR WIEJSKI
1,0,0,2018,Dobre warunki atmosferyczne,Zderzenie pojazdów boczne,Dobre warunki atmosferyczne,Noc - droga nieoświetlona,Jezdnia,EWK-106956640N,0,2018-05-20,Nieokreślone (puste pole),20*21'015,52*13'097,K92S,Obszar niezabudowany,Odcinek prosty,Droga krajowa,Jednojezdniowa dwukierunkowa,N,POWIAT SOCHACZEWSKI,SOCHACZEW - OBSZAR WIEJSKI
1,0,1,2018,Dobre warunki atmosferyczne,Zderzenie pojazdów boczne,Dobre warunki atmosferyczne,Noc - droga nieoświetlona,Jezdnia,EWK-107061038X,0,2018-06-23,Ciężko,20*21'322,52*41'098,7,Obszar niezabudowany,,Droga krajowa,Jednojezdniowa dwukierunkowa,N,POWIAT PŁOŃSKI,PŁOŃSK - OBSZAR WIEJSKI
1,0,1,2018,Dobre warunki atmosferyczne,Zderzenie pojazdów boczne,Dobre warunki atmosferyczne,Noc - droga nieoświetlona,Jezdnia,EWK-107061038X,0,2018-06-23,Lekko,20*21'322,52*41'098,7,Obszar niezabudowany,,Droga krajowa,Jednojezdniowa dwukierunkowa,N,POWIAT PŁOŃSKI,PŁOŃSK - OBSZAR WIEJSKI
1,0,0,2018,Dobre warunki atmosferyczne,Zderzenie pojazdów boczne,Dobre warunki atmosferyczne,Noc - droga nieoświetlona,Jezdnia,EWK-107061038X,0,2018-06-23,Nieokreślone (puste pole),20*21'322,52*41'098,7,Obszar niezabudowany,,Droga krajowa,Jednojezdniowa dwukierunkowa,N,POWIAT PŁOŃSKI,PŁOŃSK - OBSZAR WIEJSKI
1,0,1,2018,Dobre warunki atmosferyczne,Zderzenie pojazdów boczne,Dobre warunki atmosferyczne,Noc - droga nieoświetlona,Jezdnia,EWK-107088805Y,4,2018-07-08,Lekko,21*56'091,51*48'401,807,Obszar zabudowany,"Zakręt, łuk",Droga wojewódzka,Jednojezdniowa dwukierunkowa,N,POWIAT GARWOLIŃSKI,ŻELECHÓW - OBSZAR MIEJSKI
1,0,0,2018,Dobre warunki atmosferyczne,Zderzenie pojazdów boczne,Dobre warunki atmosferyczne,Noc - droga nieoświetlona,Jezdnia,EWK-107088805Y,4,2018-07-08,Nieokreślone (puste pole),21*56'091,51*48'401,807,Obszar zabudowany,"Zakręt, łuk",Droga wojewódzka,Jednojezdniowa dwukierunkowa,N,POWIAT GARWOLIŃSKI,ŻELECHÓW - OBSZAR MIEJSKI
1,0,1,2018,Dobre warunki atmosferyczne,Zderzenie pojazdów boczne,Dobre warunki atmosferyczne,Noc - droga nieoświetlona,Jezdnia,EWK-107129101Q,3,2018-07-28,Ciężko,20*29'852,52*95'799,7,Obszar niezabudowany,"Zakręt, łuk",Droga krajowa,Jednojezdniowa dwukierunkowa,N,POWIAT MŁAWSKI,STRZEGOWO - OBSZAR WIEJSKI
1,0,1,2018,Dobre warunki atmosferyczne,Zderzenie pojazdów boczne,Dobre warunki atmosferyczne,Noc - droga nieoświetlona,Jezdnia,EWK-107129101Q,3,2018-07-28,Lekko,20*29'852,52*95'799,7,Obszar niezabudowany,"Zakręt, łuk",Droga krajowa,Jednojezdniowa dwukierunkowa,N,POWIAT MŁAWSKI,STRZEGOWO - OBSZAR WIEJSKI
1,0,0,2018,Dobre warunki atmosferyczne,Zderzenie pojazdów boczne,Dobre warunki atmosferyczne,Noc - droga nieoświetlona,Jezdnia,EWK-107129101Q,3,2018-07-28,Nieokreślone (puste pole),20*29'852,52*95'799,7,Obszar niezabudowany,"Zakręt, łuk",Droga krajowa,Jednojezdniowa dwukierunkowa,N,POWIAT MŁAWSKI,STRZEGOWO - OBSZAR WIEJSKI
1,0,1,2018,Dobre warunki atmosferyczne,Zderzenie pojazdów boczne,Dobre warunki atmosferyczne,Noc - droga nieoświetlona,Jezdnia,EWK-107160073H,21,2018-08-07,Lekko,21*26'350,53*15'096,53,Obszar niezabudowany,,Droga krajowa,Jednojezdniowa dwukierunkowa,N,POWIAT OSTROŁĘCKI,KADZIDŁO - OBSZAR WIEJSKI
1,0,0,2018,Dobre warunki atmosferyczne,Zderzenie pojazdów boczne,Dobre warunki atmosferyczne,Noc - droga nieoświetlona,Jezdnia,EWK-107160073H,21,2018-08-07,Nieokreślone (puste pole),21*26'350,53*15'096,53,Obszar niezabudowany,,Droga krajowa,Jednojezdniowa dwukierunkowa,N,POWIAT OSTROŁĘCKI,KADZIDŁO - OBSZAR WIEJSKI
1,1,0,2018,Dobre warunki atmosferyczne,Zderzenie pojazdów boczne,Dobre warunki atmosferyczne,Noc - droga nieoświetlona,Jezdnia,EWK-107196750Q,20,2018-08-18,Nieokreślone (puste pole),21*41'327,51*19'380,P4528W,Obszar niezabudowany,,Droga powiatowa,Jednojezdniowa dwukierunkowa,N,POWIAT ZWOLEŃSKI,PRZYŁĘK - OBSZAR WIEJSKI
1,0,3,2018,Dobre warunki atmosferyczne,Zderzenie pojazdów boczne,Dobre warunki atmosferyczne,Noc - droga nieoświetlona,Jezdnia,EWK-107229538C,19,2018-08-25,Lekko,22*13'264,52*09'547,2,Obszar niezabudowany,Odcinek prosty,Droga krajowa,Jednojezdniowa dwukierunkowa,N,POWIAT SIEDLECKI,SIEDLCE - OBSZAR WIEJSKI
1,0,0,2018,Dobre warunki atmosferyczne,Zderzenie pojazdów boczne,Dobre warunki atmosferyczne,Noc - droga nieoświetlona,Jezdnia,EWK-107229538C,19,2018-08-25,Nieokreślone (puste pole),22*13'264,52*09'547,2,Obszar niezabudowany,Odcinek prosty,Droga krajowa,Jednojezdniowa dwukierunkowa,N,POWIAT SIEDLECKI,SIEDLCE - OBSZAR WIEJSKI