Liczba wypadków,Liczba zabitych,Liczba rannych,Rok,Warunki atmosferyczne,Rodzaj zdarzenia,Warunki atmosferyczne,Oświetlenie,Charakterystyka miejsca zdarzenia,IDKSIP zdarzenia,Godzina,Dzień,Ranny,GPS x,GPS y,Numer drogi,Obszar,Geometria drogi,Kategoria drogi 1,Rodzaj drogi,Czy w zdarzeniu był sprawca nietrzeźwy,Powiat,Gmina
1,0,1,2018,Dobre warunki atmosferyczne,Zderzenie pojazdów boczne,Dobre warunki atmosferyczne,Noc - droga nieoświetlona,Jezdnia,EWK-107243897K,20,2018-08-30,Lekko,21*18'308,51*09'375,747,Obszar niezabudowany,,Droga wojewódzka,Jednojezdniowa dwukierunkowa,T,POWIAT RADOMSKI,IŁŻA - OBSZAR WIEJSKI
1,0,0,2018,Dobre warunki atmosferyczne,Zderzenie pojazdów boczne,Dobre warunki atmosferyczne,Noc - droga nieoświetlona,Jezdnia,EWK-107243897K,20,2018-08-30,Nieokreślone (puste pole),21*18'308,51*09'375,747,Obszar niezabudowany,,Droga wojewódzka,Jednojezdniowa dwukierunkowa,T,POWIAT RADOMSKI,IŁŻA - OBSZAR WIEJSKI
1,1,0,2018,Dobre warunki atmosferyczne,Zderzenie pojazdów boczne,Dobre warunki atmosferyczne,Noc - droga nieoświetlona,Jezdnia,EWK-107265778L,23,2018-09-07,Nieokreślone (puste pole),21*51'526,52*53'050,677,Obszar niezabudowany,"Zakręt, łuk",Droga wojewódzka,Jednojezdniowa dwukierunkowa,N,POWIAT OSTROWSKI,STARY LUBOTYŃ - OBSZAR WIEJSKI
1,0,1,2018,Dobre warunki atmosferyczne,Zderzenie pojazdów boczne,Dobre warunki atmosferyczne,Noc - droga nieoświetlona,Jezdnia,EWK-107269710W,21,2018-09-09,Lekko,21*20'382,51*27'196,737,Obszar niezabudowany,Odcinek prosty,Droga wojewódzka,Jednojezdniowa dwukierunkowa,N,POWIAT RADOMSKI,PIONKI - OBSZAR WIEJSKI
1,0,0,2018,Dobre warunki atmosferyczne,Zderzenie pojazdów boczne,Dobre warunki atmosferyczne,Noc - droga nieoświetlona,Jezdnia,EWK-107269710W,21,2018-09-09,Nieokreślone (puste pole),21*20'382,51*27'196,737,Obszar niezabudowany,Odcinek prosty,Droga wojewódzka,Jednojezdniowa dwukierunkowa,N,POWIAT RADOMSKI,PIONKI - OBSZAR WIEJSKI
1,0,1,2018,Dobre warunki atmosferyczne,Zderzenie pojazdów boczne,Dobre warunki atmosferyczne,Noc - droga nieoświetlona,Jezdnia,EWK-107331088Y,19,2018-09-30,Lekko,21*01'442,51*49'536,G160622W,Obszar niezabudowany,Odcinek prosty,Droga gminna,Jednojezdniowa dwukierunkowa,N,POWIAT GRÓJECKI,JASIENIEC - OBSZAR WIEJSKI
1,0,0,2018,Dobre warunki atmosferyczne,Zderzenie pojazdów boczne,Dobre warunki atmosferyczne,Noc - droga nieoświetlona,Jezdnia,EWK-107331088Y,19,2018-09-30,Nieokreślone (puste pole),21*01'442,51*49'536,G160622W,Obszar niezabudowany,Odcinek prosty,Droga gminna,Jednojezdniowa dwukierunkowa,N,POWIAT GRÓJECKI,JASIENIEC - OBSZAR WIEJSKI
1,0,1,2018,Dobre warunki atmosferyczne,Zderzenie pojazdów boczne,Dobre warunki atmosferyczne,Noc - droga nieoświetlona,Jezdnia,EWK-107348484D,18,2018-10-05,Lekko,22*17'268,52*05'139,GMINNA,Obszar zabudowany,Odcinek prosty,Droga gminna,Jednojezdniowa dwukierunkowa,N,POWIAT SIEDLECKI,WIŚNIEW - OBSZAR WIEJSKI
1,0,0,2018,Dobre warunki atmosferyczne,Zderzenie pojazdów boczne,Dobre warunki atmosferyczne,Noc - droga nieoświetlona,Jezdnia,EWK-107348484D,18,2018-10-05,Nieokreślone (puste pole),22*17'268,52*05'139,GMINNA,Obszar zabudowany,Odcinek prosty,Droga gminna,Jednojezdniowa dwukierunkowa,N,POWIAT SIEDLECKI,WIŚNIEW - OBSZAR WIEJSKI
1,0,1,2018,Dobre warunki atmosferyczne,Zderzenie pojazdów boczne,Dobre warunki atmosferyczne,Noc - droga nieoświetlona,Jezdnia,EWK-107370567Q,19,2018-10-11,Ciężko,20*23'039,52*37'548,50,Obszar zabudowany,,Droga krajowa,Jednojezdniowa dwukierunkowa,N,POWIAT PŁOŃSKI,PŁOŃSK - OBSZAR WIEJSKI
1,0,0,2018,Dobre warunki atmosferyczne,Zderzenie pojazdów boczne,Dobre warunki atmosferyczne,Noc - droga nieoświetlona,Jezdnia,EWK-107370567Q,19,2018-10-11,Nieokreślone (puste pole),20*23'039,52*37'548,50,Obszar zabudowany,,Droga krajowa,Jednojezdniowa dwukierunkowa,N,POWIAT PŁOŃSKI,PŁOŃSK - OBSZAR WIEJSKI
1,0,1,2018,Dobre warunki atmosferyczne,Zderzenie pojazdów boczne,Dobre warunki atmosferyczne,Noc - droga nieoświetlona,Jezdnia,EWK-107417780Y,16,2018-10-31,Lekko,20*13'218,52*28'230,50,Obszar zabudowany,Odcinek prosty,Droga krajowa,Jednojezdniowa dwukierunkowa,N,POWIAT PŁOCKI,WYSZOGRÓD - OBSZAR WIEJSKI
1,0,0,2018,Dobre warunki atmosferyczne,Zderzenie pojazdów boczne,Dobre warunki atmosferyczne,Noc - droga nieoświetlona,Jezdnia,EWK-107417780Y,16,2018-10-31,Nieokreślone (puste pole),20*13'218,52*28'230,50,Obszar zabudowany,Odcinek prosty,Droga krajowa,Jednojezdniowa dwukierunkowa,N,POWIAT PŁOCKI,WYSZOGRÓD - OBSZAR WIEJSKI
1,0,1,2018,Dobre warunki atmosferyczne,Zderzenie pojazdów boczne,Dobre warunki atmosferyczne,Noc - droga nieoświetlona,Jezdnia,EWK-107439708N,17,2018-11-13,Lekko,20*09'211,52*11'269,92,Obszar niezabudowany,,Droga krajowa,Jednojezdniowa dwukierunkowa,N,POWIAT SOCHACZEWSKI,NOWA SUCHA - OBSZAR WIEJSKI
1,0,0,2018,Dobre warunki atmosferyczne,Zderzenie pojazdów boczne,Dobre warunki atmosferyczne,Noc - droga nieoświetlona,Jezdnia,EWK-107439708N,17,2018-11-13,Nieokreślone (puste pole),20*09'211,52*11'269,92,Obszar niezabudowany,,Droga krajowa,Jednojezdniowa dwukierunkowa,N,POWIAT SOCHACZEWSKI,NOWA SUCHA - OBSZAR WIEJSKI
1,0,1,2018,Dobre warunki atmosferyczne,Zderzenie pojazdów boczne,Dobre warunki atmosferyczne,Noc - droga nieoświetlona,Jezdnia,EWK-107443757H,17,2018-11-15,Ciężko,19*51'401,52*47'540,10,Obszar niezabudowany,,Droga krajowa,Jednojezdniowa dwukierunkowa,N,POWIAT SIERPECKI,ZAWIDZ - OBSZAR WIEJSKI
1,1,0,2018,Dobre warunki atmosferyczne,Zderzenie pojazdów boczne,Dobre warunki atmosferyczne,Noc - droga nieoświetlona,Jezdnia,EWK-107443757H,17,2018-11-15,Nieokreślone (puste pole),19*51'401,52*47'540,10,Obszar niezabudowany,,Droga krajowa,Jednojezdniowa dwukierunkowa,N,POWIAT SIERPECKI,ZAWIDZ - OBSZAR WIEJSKI
1,0,1,2018,Dobre warunki atmosferyczne,Zderzenie pojazdów boczne,Dobre warunki atmosferyczne,Noc - droga nieoświetlona,Jezdnia,EWK-107450257T,17,2018-11-19,Ciężko,20*07'512,52*24'365,62,Obszar zabudowany,,Droga krajowa,Jednojezdniowa dwukierunkowa,N,POWIAT PŁOCKI,WYSZOGRÓD - OBSZAR WIEJSKI
1,0,0,2018,Dobre warunki atmosferyczne,Zderzenie pojazdów boczne,Dobre warunki atmosferyczne,Noc - droga nieoświetlona,Jezdnia,EWK-107450257T,17,2018-11-19,Nieokreślone (puste pole),20*07'512,52*24'365,62,Obszar zabudowany,,Droga krajowa,Jednojezdniowa dwukierunkowa,N,POWIAT PŁOCKI,WYSZOGRÓD - OBSZAR WIEJSKI
1,0,1,2018,Dobre warunki atmosferyczne,Zderzenie pojazdów boczne,Dobre warunki atmosferyczne,Noc - droga nieoświetlona,Jezdnia,EWK-107464813D,5,2018-11-24,Ciężko,22*24'290,52*10'323,698,Obszar niezabudowany,Odcinek prosty,Droga wojewódzka,Jednojezdniowa dwukierunkowa,N,POWIAT SIEDLECKI,SIEDLCE - OBSZAR WIEJSKI
1,0,1,2018,Dobre warunki atmosferyczne,Zderzenie pojazdów boczne,Dobre warunki atmosferyczne,Noc - droga nieoświetlona,Jezdnia,EWK-107464813D,5,2018-11-24,Lekko,22*24'290,52*10'323,698,Obszar niezabudowany,Odcinek prosty,Droga wojewódzka,Jednojezdniowa dwukierunkowa,N,POWIAT SIEDLECKI,SIEDLCE - OBSZAR WIEJSKI
1,0,0,2018,Dobre warunki atmosferyczne,Zderzenie pojazdów boczne,Dobre warunki atmosferyczne,Noc - droga nieoświetlona,Jezdnia,EWK-107464813D,5,2018-11-24,Nieokreślone (puste pole),22*24'290,52*10'323,698,Obszar niezabudowany,Odcinek prosty,Droga wojewódzka,Jednojezdniowa dwukierunkowa,N,POWIAT SIEDLECKI,SIEDLCE - OBSZAR WIEJSKI
1,0,2,2018,Dobre warunki atmosferyczne,Zderzenie pojazdów boczne,Dobre warunki atmosferyczne,Noc - droga nieoświetlona,Jezdnia,EWK-107465928F,17,2018-11-27,Lekko,20*39'400,51*31'348,48,Obszar niezabudowany,,Droga krajowa,Jednojezdniowa dwukierunkowa,T,POWIAT PRZYSUSKI,KLWÓW - OBSZAR WIEJSKI
1,0,0,2018,Dobre warunki atmosferyczne,Zderzenie pojazdów boczne,Dobre warunki atmosferyczne,Noc - droga nieoświetlona,Jezdnia,EWK-107465928F,17,2018-11-27,Nieokreślone (puste pole),20*39'400,51*31'348,48,Obszar niezabudowany,,Droga krajowa,Jednojezdniowa dwukierunkowa,T,POWIAT PRZYSUSKI,KLWÓW - OBSZAR WIEJSKI
1,0,3,2018,Dobre warunki atmosferyczne,Zderzenie pojazdów boczne,Dobre warunki atmosferyczne,Noc - droga nieoświetlona,Przejazd kolejowy niestrzeżony,EWK-107203972R,20,2018-08-20,Ciężko,21*46'233,51*31'533,P1735W,Obszar niezabudowany,Odcinek prosty,Droga powiatowa,Jednojezdniowa dwukierunkowa,N,POWIAT KOZIENICKI,SIECIECHÓW - OBSZAR WIEJSKI
1,0,0,2018,Dobre warunki atmosferyczne,Zderzenie pojazdów boczne,Dobre warunki atmosferyczne,Noc - droga nieoświetlona,Przejazd kolejowy niestrzeżony,EWK-107203972R,20,2018-08-20,Nieokreślone (puste pole),21*46'233,51*31'533,P1735W,Obszar niezabudowany,Odcinek prosty,Droga powiatowa,Jednojezdniowa dwukierunkowa,N,POWIAT KOZIENICKI,SIECIECHÓW - OBSZAR WIEJSKI
1,0,1,2018,Dobre warunki atmosferyczne,Zderzenie pojazdów boczne,Dobre warunki atmosferyczne,Noc - droga nieoświetlona,"Wjazd, wyjazd z posesji, pola",EWK-107142289D,1,2018-08-03,Ciężko,21*13'378,51*07'385,9,Obszar niezabudowany,Odcinek prosty,Droga krajowa,Jednojezdniowa dwukierunkowa,N,POWIAT RADOMSKI,IŁŻA - OBSZAR MIEJSKI
1,1,0,2018,Dobre warunki atmosferyczne,Zderzenie pojazdów boczne,Dobre warunki atmosferyczne,Noc - droga nieoświetlona,"Wjazd, wyjazd z posesji, pola",EWK-107142289D,1,2018-08-03,Nieokreślone (puste pole),21*13'378,51*07'385,9,Obszar niezabudowany,Odcinek prosty,Droga krajowa,Jednojezdniowa dwukierunkowa,N,POWIAT RADOMSKI,IŁŻA - OBSZAR MIEJSKI
1,0,1,2018,Dobre warunki atmosferyczne,Zderzenie pojazdów boczne,Dobre warunki atmosferyczne,Noc - droga oświetlona,"Chodnik, droga dla pieszych",EWK-107180427K,20,2018-08-13,Lekko,20*37'179,52*52'524,60,Obszar zabudowany,Odcinek prosty,Droga krajowa,Jednokierunkowa,N,POWIAT CIECHANOWSKI,CIECHANÓW - OBSZAR MIEJSKI
1,0,0,2018,Dobre warunki atmosferyczne,Zderzenie pojazdów boczne,Dobre warunki atmosferyczne,Noc - droga oświetlona,"Chodnik, droga dla pieszych",EWK-107180427K,20,2018-08-13,Nieokreślone (puste pole),20*37'179,52*52'524,60,Obszar zabudowany,Odcinek prosty,Droga krajowa,Jednokierunkowa,N,POWIAT CIECHANOWSKI,CIECHANÓW - OBSZAR MIEJSKI
1,0,1,2018,Dobre warunki atmosferyczne,Zderzenie pojazdów boczne,Dobre warunki atmosferyczne,Noc - droga oświetlona,"Droga, pas ruchu, śluza dla rowerów",EWK-106895451N,22,2018-04-17,Lekko,21*36'190,51*54'300,,Obszar zabudowany,,Nieokreślone (puste pole),Jednojezdniowa dwukierunkowa,N,POWIAT GARWOLIŃSKI,GARWOLIN - OBSZAR MIEJSKI
1,0,0,2018,Dobre warunki atmosferyczne,Zderzenie pojazdów boczne,Dobre warunki atmosferyczne,Noc - droga oświetlona,"Droga, pas ruchu, śluza dla rowerów",EWK-106895451N,22,2018-04-17,Nieokreślone (puste pole),21*36'190,51*54'300,,Obszar zabudowany,,Nieokreślone (puste pole),Jednojezdniowa dwukierunkowa,N,POWIAT GARWOLIŃSKI,GARWOLIN - OBSZAR MIEJSKI
1,0,1,2018,Dobre warunki atmosferyczne,Zderzenie pojazdów boczne,Dobre warunki atmosferyczne,Noc - droga oświetlona,Jezdnia,EWK-106674255M,16,2018-01-15,Lekko,22*15'502,52*10'032,P,Obszar zabudowany,,Droga powiatowa,Jednojezdniowa dwukierunkowa,N,POWIAT SIEDLCE,SIEDLCE - OBSZAR MIEJSKI
1,0,0,2018,Dobre warunki atmosferyczne,Zderzenie pojazdów boczne,Dobre warunki atmosferyczne,Noc - droga oświetlona,Jezdnia,EWK-106674255M,16,2018-01-15,Nieokreślone (puste pole),22*15'502,52*10'032,P,Obszar zabudowany,,Droga powiatowa,Jednojezdniowa dwukierunkowa,N,POWIAT SIEDLCE,SIEDLCE - OBSZAR MIEJSKI
1,0,1,2018,Dobre warunki atmosferyczne,Zderzenie pojazdów boczne,Dobre warunki atmosferyczne,Noc - droga oświetlona,Jezdnia,EWK-106678390C,22,2018-01-13,Lekko,21*08'337,51*24'328,P5305W,Obszar zabudowany,,Droga powiatowa,Dwie jezdnie jednokierunkowe,N,POWIAT RADOM,RADOM - OBSZAR MIEJSKI
1,0,0,2018,Dobre warunki atmosferyczne,Zderzenie pojazdów boczne,Dobre warunki atmosferyczne,Noc - droga oświetlona,Jezdnia,EWK-106678390C,22,2018-01-13,Nieokreślone (puste pole),21*08'337,51*24'328,P5305W,Obszar zabudowany,,Droga powiatowa,Dwie jezdnie jednokierunkowe,N,POWIAT RADOM,RADOM - OBSZAR MIEJSKI
1,0,1,2018,Dobre warunki atmosferyczne,Zderzenie pojazdów boczne,Dobre warunki atmosferyczne,Noc - droga oświetlona,Jezdnia,EWK-106686029J,19,2018-01-19,Lekko,21*33'553,51*21'317,12,Obszar zabudowany,,Droga krajowa,Jednojezdniowa dwukierunkowa,N,POWIAT ZWOLEŃSKI,ZWOLEŃ - OBSZAR MIEJSKI
1,0,0,2018,Dobre warunki atmosferyczne,Zderzenie pojazdów boczne,Dobre warunki atmosferyczne,Noc - droga oświetlona,Jezdnia,EWK-106686029J,19,2018-01-19,Nieokreślone (puste pole),21*33'553,51*21'317,12,Obszar zabudowany,,Droga krajowa,Jednojezdniowa dwukierunkowa,N,POWIAT ZWOLEŃSKI,ZWOLEŃ - OBSZAR MIEJSKI
1,0,1,2018,Dobre warunki atmosferyczne,Zderzenie pojazdów boczne,Dobre warunki atmosferyczne,Noc - droga oświetlona,Jezdnia,EWK-106722349N,20,2018-02-08,Lekko,22*16'553,52*09'432,GMINNA,Obszar zabudowany,,Droga gminna,Jednojezdniowa dwukierunkowa,N,POWIAT SIEDLCE,SIEDLCE - OBSZAR MIEJSKI
1,0,0,2018,Dobre warunki atmosferyczne,Zderzenie pojazdów boczne,Dobre warunki atmosferyczne,Noc - droga oświetlona,Jezdnia,EWK-106722349N,20,2018-02-08,Nieokreślone (puste pole),22*16'553,52*09'432,GMINNA,Obszar zabudowany,,Droga gminna,Jednojezdniowa dwukierunkowa,N,POWIAT SIEDLCE,SIEDLCE - OBSZAR MIEJSKI
1,0,1,2018,Dobre warunki atmosferyczne,Zderzenie pojazdów boczne,Dobre warunki atmosferyczne,Noc - droga oświetlona,Jezdnia,EWK-106813579E,21,2018-03-25,Lekko,21*08'570,51*22'414,P5334W,Obszar zabudowany,,Droga powiatowa,Jednojezdniowa dwukierunkowa,N,POWIAT RADOM,RADOM - OBSZAR MIEJSKI
1,0,0,2018,Dobre warunki atmosferyczne,Zderzenie pojazdów boczne,Dobre warunki atmosferyczne,Noc - droga oświetlona,Jezdnia,EWK-106813579E,21,2018-03-25,Nieokreślone (puste pole),21*08'570,51*22'414,P5334W,Obszar zabudowany,,Droga powiatowa,Jednojezdniowa dwukierunkowa,N,POWIAT RADOM,RADOM - OBSZAR MIEJSKI
1,0,1,2018,Dobre warunki atmosferyczne,Zderzenie pojazdów boczne,Dobre warunki atmosferyczne,Noc - droga oświetlona,Jezdnia,EWK-106816981H,21,2018-03-24,Ciężko,22*16'175,52*09'562,GMINNA,Obszar zabudowany,Odcinek prosty,Droga gminna,Jednojezdniowa dwukierunkowa,N,POWIAT SIEDLCE,SIEDLCE - OBSZAR MIEJSKI
1,0,0,2018,Dobre warunki atmosferyczne,Zderzenie pojazdów boczne,Dobre warunki atmosferyczne,Noc - droga oświetlona,Jezdnia,EWK-106816981H,21,2018-03-24,Nieokreślone (puste pole),22*16'175,52*09'562,GMINNA,Obszar zabudowany,Odcinek prosty,Droga gminna,Jednojezdniowa dwukierunkowa,N,POWIAT SIEDLCE,SIEDLCE - OBSZAR MIEJSKI
1,0,1,2018,Dobre warunki atmosferyczne,Zderzenie pojazdów boczne,Dobre warunki atmosferyczne,Noc - droga oświetlona,Jezdnia,EWK-106869517X,3,2018-04-05,Lekko,21*05'308,52*43'582,61,Obszar niezabudowany,,Droga krajowa,Jednojezdniowa dwukierunkowa,N,POWIAT PUŁTUSKI,PUŁTUSK - OBSZAR WIEJSKI
1,0,0,2018,Dobre warunki atmosferyczne,Zderzenie pojazdów boczne,Dobre warunki atmosferyczne,Noc - droga oświetlona,Jezdnia,EWK-106869517X,3,2018-04-05,Nieokreślone (puste pole),21*05'308,52*43'582,61,Obszar niezabudowany,,Droga krajowa,Jednojezdniowa dwukierunkowa,N,POWIAT PUŁTUSKI,PUŁTUSK - OBSZAR WIEJSKI
1,0,1,2018,Dobre warunki atmosferyczne,Zderzenie pojazdów boczne,Dobre warunki atmosferyczne,Noc - droga oświetlona,Jezdnia,EWK-106876255H,22,2018-04-08,Lekko,21*09'066,51*24'095,G530175W,Obszar zabudowany,,Droga gminna,Jednojezdniowa dwukierunkowa,N,POWIAT RADOM,RADOM - OBSZAR MIEJSKI
1,0,0,2018,Dobre warunki atmosferyczne,Zderzenie pojazdów boczne,Dobre warunki atmosferyczne,Noc - droga oświetlona,Jezdnia,EWK-106876255H,22,2018-04-08,Nieokreślone (puste pole),21*09'066,51*24'095,G530175W,Obszar zabudowany,,Droga gminna,Jednojezdniowa dwukierunkowa,N,POWIAT RADOM,RADOM - OBSZAR MIEJSKI
1,0,1,2018,Dobre warunki atmosferyczne,Zderzenie pojazdów boczne,Dobre warunki atmosferyczne,Noc - droga oświetlona,Jezdnia,EWK-106883440X,20,2018-04-11,Lekko,20*15'374,52*15'522,3815W,Obszar zabudowany,,Droga powiatowa,Jednojezdniowa dwukierunkowa,N,POWIAT SOCHACZEWSKI,SOCHACZEW - OBSZAR WIEJSKI
1,0,0,2018,Dobre warunki atmosferyczne,Zderzenie pojazdów boczne,Dobre warunki atmosferyczne,Noc - droga oświetlona,Jezdnia,EWK-106883440X,20,2018-04-11,Nieokreślone (puste pole),20*15'374,52*15'522,3815W,Obszar zabudowany,,Droga powiatowa,Jednojezdniowa dwukierunkowa,N,POWIAT SOCHACZEWSKI,SOCHACZEW - OBSZAR WIEJSKI
1,0,2,2018,Dobre warunki atmosferyczne,Zderzenie pojazdów boczne,Dobre warunki atmosferyczne,Noc - droga oświetlona,Jezdnia,EWK-106979702M,21,2018-05-30,Ciężko,21*33'137,53*21'455,2519W,Obszar zabudowany,,Droga powiatowa,Jednojezdniowa dwukierunkowa,N,POWIAT OSTROŁĘCKI,ŁYSE - OBSZAR WIEJSKI
1,0,0,2018,Dobre warunki atmosferyczne,Zderzenie pojazdów boczne,Dobre warunki atmosferyczne,Noc - droga oświetlona,Jezdnia,EWK-106979702M,21,2018-05-30,Nieokreślone (puste pole),21*33'137,53*21'455,2519W,Obszar zabudowany,,Droga powiatowa,Jednojezdniowa dwukierunkowa,N,POWIAT OSTROŁĘCKI,ŁYSE - OBSZAR WIEJSKI
1,0,1,2018,Dobre warunki atmosferyczne,Zderzenie pojazdów boczne,Dobre warunki atmosferyczne,Noc - droga oświetlona,Jezdnia,EWK-106985301G,21,2018-06-03,Ciężko,20*54'183,51*50'146,G160522W,Obszar niezabudowany,,Droga gminna,Jednojezdniowa dwukierunkowa,N,POWIAT GRÓJECKI,GRÓJEC - OBSZAR WIEJSKI
1,0,0,2018,Dobre warunki atmosferyczne,Zderzenie pojazdów boczne,Dobre warunki atmosferyczne,Noc - droga oświetlona,Jezdnia,EWK-106985301G,21,2018-06-03,Nieokreślone (puste pole),20*54'183,51*50'146,G160522W,Obszar niezabudowany,,Droga gminna,Jednojezdniowa dwukierunkowa,N,POWIAT GRÓJECKI,GRÓJEC - OBSZAR WIEJSKI
1,0,1,2018,Dobre warunki atmosferyczne,Zderzenie pojazdów boczne,Dobre warunki atmosferyczne,Noc - droga oświetlona,Jezdnia,EWK-107058872P,21,2018-06-21,Lekko,21*10'040,51*47'545,P1672W,Obszar zabudowany,,Droga powiatowa,Jednojezdniowa dwukierunkowa,N,POWIAT GRÓJECKI,WARKA - OBSZAR MIEJSKI
1,0,0,2018,Dobre warunki atmosferyczne,Zderzenie pojazdów boczne,Dobre warunki atmosferyczne,Noc - droga oświetlona,Jezdnia,EWK-107058872P,21,2018-06-21,Nieokreślone (puste pole),21*10'040,51*47'545,P1672W,Obszar zabudowany,,Droga powiatowa,Jednojezdniowa dwukierunkowa,N,POWIAT GRÓJECKI,WARKA - OBSZAR MIEJSKI
1,0,1,2018,Dobre warunki atmosferyczne,Zderzenie pojazdów boczne,Dobre warunki atmosferyczne,Noc - droga oświetlona,Jezdnia,EWK-107191266E,21,2018-08-16,Lekko,20*13'100,52*12'281,705,Obszar zabudowany,Odcinek prosty,Droga wojewódzka,Jednojezdniowa dwukierunkowa,N,POWIAT SOCHACZEWSKI,SOCHACZEW - OBSZAR MIEJSKI
1,0,0,2018,Dobre warunki atmosferyczne,Zderzenie pojazdów boczne,Dobre warunki atmosferyczne,Noc - droga oświetlona,Jezdnia,EWK-107191266E,21,2018-08-16,Nieokreślone (puste pole),20*13'100,52*12'281,705,Obszar zabudowany,Odcinek prosty,Droga wojewódzka,Jednojezdniowa dwukierunkowa,N,POWIAT SOCHACZEWSKI,SOCHACZEW - OBSZAR MIEJSKI
1,0,1,2018,Dobre warunki atmosferyczne,Zderzenie pojazdów boczne,Dobre warunki atmosferyczne,Noc - droga oświetlona,Jezdnia,EWK-107223790C,21,2018-08-23,Lekko,21*03'532,51*20'524,P3564W,Obszar zabudowany,,Droga powiatowa,Jednojezdniowa dwukierunkowa,N,POWIAT RADOMSKI,KOWALA - OBSZAR WIEJSKI
1,0,0,2018,Dobre warunki atmosferyczne,Zderzenie pojazdów boczne,Dobre warunki atmosferyczne,Noc - droga oświetlona,Jezdnia,EWK-107223790C,21,2018-08-23,Nieokreślone (puste pole),21*03'532,51*20'524,P3564W,Obszar zabudowany,,Droga powiatowa,Jednojezdniowa dwukierunkowa,N,POWIAT RADOMSKI,KOWALA - OBSZAR WIEJSKI
1,0,2,2018,Dobre warunki atmosferyczne,Zderzenie pojazdów boczne,Dobre warunki atmosferyczne,Noc - droga oświetlona,Jezdnia,EWK-107286457N,20,2018-09-16,Lekko,21*29'313,51*38'24,P1719W,Obszar zabudowany,,Droga powiatowa,Jednojezdniowa dwukierunkowa,N,POWIAT KOZIENICKI,KOZIENICE - OBSZAR WIEJSKI
1,0,0,2018,Dobre warunki atmosferyczne,Zderzenie pojazdów boczne,Dobre warunki atmosferyczne,Noc - droga oświetlona,Jezdnia,EWK-107286457N,20,2018-09-16,Nieokreślone (puste pole),21*29'313,51*38'24,P1719W,Obszar zabudowany,,Droga powiatowa,Jednojezdniowa dwukierunkowa,N,POWIAT KOZIENICKI,KOZIENICE - OBSZAR WIEJSKI
1,0,1,2018,Dobre warunki atmosferyczne,Zderzenie pojazdów boczne,Dobre warunki atmosferyczne,Noc - droga oświetlona,Jezdnia,EWK-107322361K,19,2018-09-28,Lekko,20*56'452,51*49'155,730,Obszar zabudowany,,Droga wojewódzka,Jednojezdniowa dwukierunkowa,N,POWIAT GRÓJECKI,JASIENIEC - OBSZAR WIEJSKI
1,0,0,2018,Dobre warunki atmosferyczne,Zderzenie pojazdów boczne,Dobre warunki atmosferyczne,Noc - droga oświetlona,Jezdnia,EWK-107322361K,19,2018-09-28,Nieokreślone (puste pole),20*56'452,51*49'155,730,Obszar zabudowany,,Droga wojewódzka,Jednojezdniowa dwukierunkowa,N,POWIAT GRÓJECKI,JASIENIEC - OBSZAR WIEJSKI
1,0,1,2018,Dobre warunki atmosferyczne,Zderzenie pojazdów boczne,Dobre warunki atmosferyczne,Noc - droga oświetlona,Jezdnia,EWK-107326838G,22,2018-09-29,Lekko,20*37'037,51*48'033,725,Obszar niezabudowany,Odcinek prosty,Droga wojewódzka,Jednojezdniowa dwukierunkowa,N,POWIAT GRÓJECKI,BŁĘDÓW - OBSZAR WIEJSKI
1,0,0,2018,Dobre warunki atmosferyczne,Zderzenie pojazdów boczne,Dobre warunki atmosferyczne,Noc - droga oświetlona,Jezdnia,EWK-107326838G,22,2018-09-29,Nieokreślone (puste pole),20*37'037,51*48'033,725,Obszar niezabudowany,Odcinek prosty,Droga wojewódzka,Jednojezdniowa dwukierunkowa,N,POWIAT GRÓJECKI,BŁĘDÓW - OBSZAR WIEJSKI
1,0,1,2018,Dobre warunki atmosferyczne,Zderzenie pojazdów boczne,Dobre warunki atmosferyczne,Noc - droga oświetlona,Jezdnia,EWK-107355037G,19,2018-10-07,Ciężko,20*55'198,51*43'004,P0244T,Obszar niezabudowany,,Droga powiatowa,Jednojezdniowa dwukierunkowa,N,POWIAT BIAŁOBRZESKI,PROMNA - OBSZAR WIEJSKI
1,0,0,2018,Dobre warunki atmosferyczne,Zderzenie pojazdów boczne,Dobre warunki atmosferyczne,Noc - droga oświetlona,Jezdnia,EWK-107355037G,19,2018-10-07,Nieokreślone (puste pole),20*55'198,51*43'004,P0244T,Obszar niezabudowany,,Droga powiatowa,Jednojezdniowa dwukierunkowa,N,POWIAT BIAŁOBRZESKI,PROMNA - OBSZAR WIEJSKI
1,0,1,2018,Dobre warunki atmosferyczne,Zderzenie pojazdów boczne,Dobre warunki atmosferyczne,Noc - droga oświetlona,Jezdnia,EWK-107380097M,22,2018-10-14,Ciężko,20*25'441,52*03'506,GMINNA,Obszar zabudowany,,Droga gminna,Jednojezdniowa dwukierunkowa,N,POWIAT ŻYRARDOWSKI,ŻYRARDÓW - OBSZAR MIEJSKI