Liczba wypadków,Liczba zabitych,Liczba rannych,Rok,Warunki atmosferyczne,Rodzaj zdarzenia,Warunki atmosferyczne,Oświetlenie,Charakterystyka miejsca zdarzenia,IDKSIP zdarzenia,Godzina,Dzień,Ranny,GPS x,GPS y,Numer drogi,Obszar,Geometria drogi,Kategoria drogi 1,Rodzaj drogi,Czy w zdarzeniu był sprawca nietrzeźwy,Powiat,Gmina
1,0,0,2018,Dobre warunki atmosferyczne,Zderzenie pojazdów czołowe,Dobre warunki atmosferyczne,Światło dzienne,Jezdnia,EWK-106828076N,17,2018-03-28,Nieokreślone (puste pole),21*58'125,52*26'448,62,Obszar zabudowany,Odcinek prosty,Droga krajowa,Jednojezdniowa dwukierunkowa,N,POWIAT WĘGROWSKI,LIW - OBSZAR WIEJSKI
1,0,1,2018,Dobre warunki atmosferyczne,Zderzenie pojazdów czołowe,Dobre warunki atmosferyczne,Światło dzienne,Jezdnia,EWK-106862954T,13,2018-03-30,Lekko,22*00'426,52*24'245,GMINNA,Obszar zabudowany,,Droga gminna,Jednojezdniowa dwukierunkowa,N,POWIAT WĘGROWSKI,WĘGRÓW - OBSZAR MIEJSKI
1,0,0,2018,Dobre warunki atmosferyczne,Zderzenie pojazdów czołowe,Dobre warunki atmosferyczne,Światło dzienne,Jezdnia,EWK-106862954T,13,2018-03-30,Nieokreślone (puste pole),22*00'426,52*24'245,GMINNA,Obszar zabudowany,,Droga gminna,Jednojezdniowa dwukierunkowa,N,POWIAT WĘGROWSKI,WĘGRÓW - OBSZAR MIEJSKI
1,0,1,2018,Dobre warunki atmosferyczne,Zderzenie pojazdów czołowe,Dobre warunki atmosferyczne,Światło dzienne,Jezdnia,EWK-106865850F,15,2018-04-02,Ciężko,21*30'438,52*36'455,GMINNA,Obszar niezabudowany,Odcinek prosty,Droga gminna,Jednojezdniowa dwukierunkowa,N,POWIAT WYSZKOWSKI,BRAŃSZCZYK - OBSZAR WIEJSKI
1,2,0,2018,Dobre warunki atmosferyczne,Zderzenie pojazdów czołowe,Dobre warunki atmosferyczne,Światło dzienne,Jezdnia,EWK-106865850F,15,2018-04-02,Nieokreślone (puste pole),21*30'438,52*36'455,GMINNA,Obszar niezabudowany,Odcinek prosty,Droga gminna,Jednojezdniowa dwukierunkowa,N,POWIAT WYSZKOWSKI,BRAŃSZCZYK - OBSZAR WIEJSKI
1,1,0,2018,Dobre warunki atmosferyczne,Zderzenie pojazdów czołowe,Dobre warunki atmosferyczne,Światło dzienne,Jezdnia,EWK-106867491M,16,2018-04-03,Nieokreślone (puste pole),20*58'237,51*53'256,50,Obszar niezabudowany,Odcinek prosty,Droga krajowa,Jednojezdniowa dwukierunkowa,N,POWIAT GRÓJECKI,CHYNÓW - OBSZAR WIEJSKI
1,1,0,2018,Dobre warunki atmosferyczne,Zderzenie pojazdów czołowe,Dobre warunki atmosferyczne,Światło dzienne,Jezdnia,EWK-106872327Y,18,2018-04-05,Nieokreślone (puste pole),20*23'270,53*05'597,7,Obszar niezabudowany,Odcinek prosty,Droga krajowa,Jednojezdniowa dwukierunkowa,T,POWIAT MŁAWSKI,MŁAWA - OBSZAR MIEJSKI
1,0,2,2018,Dobre warunki atmosferyczne,Zderzenie pojazdów czołowe,Dobre warunki atmosferyczne,Światło dzienne,Jezdnia,EWK-106887197N,12,2018-04-13,Lekko,21*19'142,51*37'126,48,Obszar zabudowany,"Zakręt, łuk",Droga krajowa,Jednojezdniowa dwukierunkowa,N,POWIAT KOZIENICKI,GŁOWACZÓW - OBSZAR WIEJSKI
1,0,0,2018,Dobre warunki atmosferyczne,Zderzenie pojazdów czołowe,Dobre warunki atmosferyczne,Światło dzienne,Jezdnia,EWK-106887197N,12,2018-04-13,Nieokreślone (puste pole),21*19'142,51*37'126,48,Obszar zabudowany,"Zakręt, łuk",Droga krajowa,Jednojezdniowa dwukierunkowa,N,POWIAT KOZIENICKI,GŁOWACZÓW - OBSZAR WIEJSKI
1,0,1,2018,Dobre warunki atmosferyczne,Zderzenie pojazdów czołowe,Dobre warunki atmosferyczne,Światło dzienne,Jezdnia,EWK-106887972N,11,2018-04-13,Ciężko,21*36'436,52*47'318,G440206W,Obszar niezabudowany,Odcinek prosty,Droga gminna,Jednojezdniowa dwukierunkowa,N,POWIAT WYSZKOWSKI,DŁUGOSIODŁO - OBSZAR WIEJSKI
1,0,0,2018,Dobre warunki atmosferyczne,Zderzenie pojazdów czołowe,Dobre warunki atmosferyczne,Światło dzienne,Jezdnia,EWK-106887972N,11,2018-04-13,Nieokreślone (puste pole),21*36'436,52*47'318,G440206W,Obszar niezabudowany,Odcinek prosty,Droga gminna,Jednojezdniowa dwukierunkowa,N,POWIAT WYSZKOWSKI,DŁUGOSIODŁO - OBSZAR WIEJSKI
1,0,1,2018,Dobre warunki atmosferyczne,Zderzenie pojazdów czołowe,Dobre warunki atmosferyczne,Światło dzienne,Jezdnia,EWK-106890861P,10,2018-04-15,Ciężko,20*06'033,52*16'276,577,Obszar niezabudowany,Odcinek prosty,Droga wojewódzka,Jednojezdniowa dwukierunkowa,N,POWIAT SOCHACZEWSKI,RYBNO - OBSZAR WIEJSKI
1,0,1,2018,Dobre warunki atmosferyczne,Zderzenie pojazdów czołowe,Dobre warunki atmosferyczne,Światło dzienne,Jezdnia,EWK-106890861P,10,2018-04-15,Lekko,20*06'033,52*16'276,577,Obszar niezabudowany,Odcinek prosty,Droga wojewódzka,Jednojezdniowa dwukierunkowa,N,POWIAT SOCHACZEWSKI,RYBNO - OBSZAR WIEJSKI
1,0,0,2018,Dobre warunki atmosferyczne,Zderzenie pojazdów czołowe,Dobre warunki atmosferyczne,Światło dzienne,Jezdnia,EWK-106890861P,10,2018-04-15,Nieokreślone (puste pole),20*06'033,52*16'276,577,Obszar niezabudowany,Odcinek prosty,Droga wojewódzka,Jednojezdniowa dwukierunkowa,N,POWIAT SOCHACZEWSKI,RYBNO - OBSZAR WIEJSKI
1,0,1,2018,Dobre warunki atmosferyczne,Zderzenie pojazdów czołowe,Dobre warunki atmosferyczne,Światło dzienne,Jezdnia,EWK-106896132F,15,2018-04-13,Ciężko,21*01'203,51*16'245,GMINNA,Obszar zabudowany,Odcinek prosty,Droga gminna,Jednojezdniowa dwukierunkowa,N,POWIAT RADOMSKI,WIERZBICA - OBSZAR WIEJSKI
1,0,0,2018,Dobre warunki atmosferyczne,Zderzenie pojazdów czołowe,Dobre warunki atmosferyczne,Światło dzienne,Jezdnia,EWK-106896132F,15,2018-04-13,Nieokreślone (puste pole),21*01'203,51*16'245,GMINNA,Obszar zabudowany,Odcinek prosty,Droga gminna,Jednojezdniowa dwukierunkowa,N,POWIAT RADOMSKI,WIERZBICA - OBSZAR WIEJSKI
1,1,0,2018,Dobre warunki atmosferyczne,Zderzenie pojazdów czołowe,Dobre warunki atmosferyczne,Światło dzienne,Jezdnia,EWK-106897148P,15,2018-04-18,Nieokreślone (puste pole),21*41'579,52*31'334,P4251W,Obszar zabudowany,"Zakręt, łuk",Droga powiatowa,Jednojezdniowa dwukierunkowa,N,POWIAT WĘGROWSKI,ŁOCHÓW - OBSZAR MIEJSKI
1,0,1,2018,Dobre warunki atmosferyczne,Zderzenie pojazdów czołowe,Dobre warunki atmosferyczne,Światło dzienne,Jezdnia,EWK-106902335P,9,2018-04-21,Lekko,21*29'531,51*14'289,P1906W,Obszar zabudowany,Odcinek prosty,Droga powiatowa,Jednojezdniowa dwukierunkowa,N,POWIAT LIPSKI,CIEPIELÓW - OBSZAR WIEJSKI
1,0,0,2018,Dobre warunki atmosferyczne,Zderzenie pojazdów czołowe,Dobre warunki atmosferyczne,Światło dzienne,Jezdnia,EWK-106902335P,9,2018-04-21,Nieokreślone (puste pole),21*29'531,51*14'289,P1906W,Obszar zabudowany,Odcinek prosty,Droga powiatowa,Jednojezdniowa dwukierunkowa,N,POWIAT LIPSKI,CIEPIELÓW - OBSZAR WIEJSKI
1,0,1,2018,Dobre warunki atmosferyczne,Zderzenie pojazdów czołowe,Dobre warunki atmosferyczne,Światło dzienne,Jezdnia,EWK-106902965D,16,2018-04-21,Lekko,20*37'583,53*11'723,P2372W,Obszar zabudowany,,Droga powiatowa,Jednojezdniowa dwukierunkowa,N,POWIAT MŁAWSKI,MŁAWA - OBSZAR MIEJSKI
1,0,0,2018,Dobre warunki atmosferyczne,Zderzenie pojazdów czołowe,Dobre warunki atmosferyczne,Światło dzienne,Jezdnia,EWK-106902965D,16,2018-04-21,Nieokreślone (puste pole),20*37'583,53*11'723,P2372W,Obszar zabudowany,,Droga powiatowa,Jednojezdniowa dwukierunkowa,N,POWIAT MŁAWSKI,MŁAWA - OBSZAR MIEJSKI
1,0,1,2018,Dobre warunki atmosferyczne,Zderzenie pojazdów czołowe,Dobre warunki atmosferyczne,Światło dzienne,Jezdnia,EWK-106907654D,19,2018-04-24,Lekko,21*13'006,51*08'528,GMINNA,Obszar zabudowany,Odcinek prosty,Droga gminna,Jednojezdniowa dwukierunkowa,N,POWIAT RADOMSKI,IŁŻA - OBSZAR WIEJSKI
1,0,0,2018,Dobre warunki atmosferyczne,Zderzenie pojazdów czołowe,Dobre warunki atmosferyczne,Światło dzienne,Jezdnia,EWK-106907654D,19,2018-04-24,Nieokreślone (puste pole),21*13'006,51*08'528,GMINNA,Obszar zabudowany,Odcinek prosty,Droga gminna,Jednojezdniowa dwukierunkowa,N,POWIAT RADOMSKI,IŁŻA - OBSZAR WIEJSKI
1,0,1,2018,Dobre warunki atmosferyczne,Zderzenie pojazdów czołowe,Dobre warunki atmosferyczne,Światło dzienne,Jezdnia,EWK-106909105M,14,2018-04-24,Ciężko,21*02'514,51*54'335,K50CH,Obszar niezabudowany,"Zakręt, łuk",Droga krajowa,Jednojezdniowa dwukierunkowa,N,POWIAT GRÓJECKI,CHYNÓW - OBSZAR WIEJSKI
1,0,1,2018,Dobre warunki atmosferyczne,Zderzenie pojazdów czołowe,Dobre warunki atmosferyczne,Światło dzienne,Jezdnia,EWK-106909105M,14,2018-04-24,Lekko,21*02'514,51*54'335,K50CH,Obszar niezabudowany,"Zakręt, łuk",Droga krajowa,Jednojezdniowa dwukierunkowa,N,POWIAT GRÓJECKI,CHYNÓW - OBSZAR WIEJSKI
1,1,0,2018,Dobre warunki atmosferyczne,Zderzenie pojazdów czołowe,Dobre warunki atmosferyczne,Światło dzienne,Jezdnia,EWK-106909105M,14,2018-04-24,Nieokreślone (puste pole),21*02'514,51*54'335,K50CH,Obszar niezabudowany,"Zakręt, łuk",Droga krajowa,Jednojezdniowa dwukierunkowa,N,POWIAT GRÓJECKI,CHYNÓW - OBSZAR WIEJSKI
1,0,1,2018,Dobre warunki atmosferyczne,Zderzenie pojazdów czołowe,Dobre warunki atmosferyczne,Światło dzienne,Jezdnia,EWK-106913800C,7,2018-04-27,Lekko,22*15'499,52*09'414,,Obszar zabudowany,,Nieokreślone (puste pole),Jednojezdniowa dwukierunkowa,N,POWIAT SIEDLCE,SIEDLCE - OBSZAR MIEJSKI
1,0,0,2018,Dobre warunki atmosferyczne,Zderzenie pojazdów czołowe,Dobre warunki atmosferyczne,Światło dzienne,Jezdnia,EWK-106913800C,7,2018-04-27,Nieokreślone (puste pole),22*15'499,52*09'414,,Obszar zabudowany,,Nieokreślone (puste pole),Jednojezdniowa dwukierunkowa,N,POWIAT SIEDLCE,SIEDLCE - OBSZAR MIEJSKI
1,0,1,2018,Dobre warunki atmosferyczne,Zderzenie pojazdów czołowe,Dobre warunki atmosferyczne,Światło dzienne,Jezdnia,EWK-106915928D,14,2018-04-27,Lekko,19*20'576,52*27'426,265,Obszar niezabudowany,"Zakręt, łuk",Droga wojewódzka,Jednojezdniowa dwukierunkowa,N,POWIAT GOSTYNIŃSKI,GOSTYNIN - OBSZAR WIEJSKI
1,0,0,2018,Dobre warunki atmosferyczne,Zderzenie pojazdów czołowe,Dobre warunki atmosferyczne,Światło dzienne,Jezdnia,EWK-106915928D,14,2018-04-27,Nieokreślone (puste pole),19*20'576,52*27'426,265,Obszar niezabudowany,"Zakręt, łuk",Droga wojewódzka,Jednojezdniowa dwukierunkowa,N,POWIAT GOSTYNIŃSKI,GOSTYNIN - OBSZAR WIEJSKI
1,0,1,2018,Dobre warunki atmosferyczne,Zderzenie pojazdów czołowe,Dobre warunki atmosferyczne,Światło dzienne,Jezdnia,EWK-106926219T,17,2018-05-05,Lekko,21*10'211,53*14'388,2514W,Obszar niezabudowany,"Zakręt, łuk",Droga powiatowa,Jednojezdniowa dwukierunkowa,N,POWIAT OSTROŁĘCKI,BARANOWO - OBSZAR WIEJSKI
1,0,0,2018,Dobre warunki atmosferyczne,Zderzenie pojazdów czołowe,Dobre warunki atmosferyczne,Światło dzienne,Jezdnia,EWK-106926219T,17,2018-05-05,Nieokreślone (puste pole),21*10'211,53*14'388,2514W,Obszar niezabudowany,"Zakręt, łuk",Droga powiatowa,Jednojezdniowa dwukierunkowa,N,POWIAT OSTROŁĘCKI,BARANOWO - OBSZAR WIEJSKI
1,0,1,2018,Dobre warunki atmosferyczne,Zderzenie pojazdów czołowe,Dobre warunki atmosferyczne,Światło dzienne,Jezdnia,EWK-106927954L,5,2018-05-07,Lekko,21*34'504,51*56'384,17,Obszar niezabudowany,Odcinek prosty,Droga krajowa,Jednojezdniowa dwukierunkowa,T,POWIAT GARWOLIŃSKI,GARWOLIN - OBSZAR WIEJSKI
1,0,0,2018,Dobre warunki atmosferyczne,Zderzenie pojazdów czołowe,Dobre warunki atmosferyczne,Światło dzienne,Jezdnia,EWK-106927954L,5,2018-05-07,Nieokreślone (puste pole),21*34'504,51*56'384,17,Obszar niezabudowany,Odcinek prosty,Droga krajowa,Jednojezdniowa dwukierunkowa,T,POWIAT GARWOLIŃSKI,GARWOLIN - OBSZAR WIEJSKI
1,0,1,2018,Dobre warunki atmosferyczne,Zderzenie pojazdów czołowe,Dobre warunki atmosferyczne,Światło dzienne,Jezdnia,EWK-106935816Y,13,2018-05-10,Lekko,21*08'225,51*27'395,7,Obszar niezabudowany,,Droga krajowa,Jednokierunkowa,N,POWIAT RADOMSKI,JEDLIŃSK - OBSZAR WIEJSKI
1,0,0,2018,Dobre warunki atmosferyczne,Zderzenie pojazdów czołowe,Dobre warunki atmosferyczne,Światło dzienne,Jezdnia,EWK-106935816Y,13,2018-05-10,Nieokreślone (puste pole),21*08'225,51*27'395,7,Obszar niezabudowany,,Droga krajowa,Jednokierunkowa,N,POWIAT RADOMSKI,JEDLIŃSK - OBSZAR WIEJSKI
1,2,0,2018,Dobre warunki atmosferyczne,Zderzenie pojazdów czołowe,Dobre warunki atmosferyczne,Światło dzienne,Jezdnia,EWK-106936002E,14,2018-05-10,Nieokreślone (puste pole),21*23'335,52*54'059,61,Obszar niezabudowany,Odcinek prosty,Droga krajowa,Jednojezdniowa dwukierunkowa,N,POWIAT MAKOWSKI,RÓŻAN - OBSZAR WIEJSKI
1,0,6,2018,Dobre warunki atmosferyczne,Zderzenie pojazdów czołowe,Dobre warunki atmosferyczne,Światło dzienne,Jezdnia,EWK-106936840Y,18,2018-05-03,Ciężko,21*15'200,51*24'210,12,Obszar niezabudowany,Odcinek prosty,Droga krajowa,Jednojezdniowa dwukierunkowa,N,POWIAT RADOMSKI,JEDLNIA-LETNISKO - OBSZAR WIEJSKI
1,0,1,2018,Dobre warunki atmosferyczne,Zderzenie pojazdów czołowe,Dobre warunki atmosferyczne,Światło dzienne,Jezdnia,EWK-106936840Y,18,2018-05-03,Lekko,21*15'200,51*24'210,12,Obszar niezabudowany,Odcinek prosty,Droga krajowa,Jednojezdniowa dwukierunkowa,N,POWIAT RADOMSKI,JEDLNIA-LETNISKO - OBSZAR WIEJSKI
1,0,0,2018,Dobre warunki atmosferyczne,Zderzenie pojazdów czołowe,Dobre warunki atmosferyczne,Światło dzienne,Jezdnia,EWK-106936840Y,18,2018-05-03,Nieokreślone (puste pole),21*15'200,51*24'210,12,Obszar niezabudowany,Odcinek prosty,Droga krajowa,Jednojezdniowa dwukierunkowa,N,POWIAT RADOMSKI,JEDLNIA-LETNISKO - OBSZAR WIEJSKI
1,0,1,2018,Dobre warunki atmosferyczne,Zderzenie pojazdów czołowe,Dobre warunki atmosferyczne,Światło dzienne,Jezdnia,EWK-106938410H,15,2018-05-11,Ciężko,20*26'553,52*12'398,92,Obszar niezabudowany,Odcinek prosty,Droga krajowa,Jednojezdniowa dwukierunkowa,N,POWIAT SOCHACZEWSKI,TERESIN - OBSZAR WIEJSKI
1,0,1,2018,Dobre warunki atmosferyczne,Zderzenie pojazdów czołowe,Dobre warunki atmosferyczne,Światło dzienne,Jezdnia,EWK-106938410H,15,2018-05-11,Lekko,20*26'553,52*12'398,92,Obszar niezabudowany,Odcinek prosty,Droga krajowa,Jednojezdniowa dwukierunkowa,N,POWIAT SOCHACZEWSKI,TERESIN - OBSZAR WIEJSKI
1,0,1,2018,Dobre warunki atmosferyczne,Zderzenie pojazdów czołowe,Dobre warunki atmosferyczne,Światło dzienne,Jezdnia,EWK-106939721L,11,2018-05-12,Lekko,21*39'103,51*09'321,GMINNA,Obszar zabudowany,Odcinek prosty,Droga gminna,Jednojezdniowa dwukierunkowa,N,POWIAT LIPSKI,LIPSKO - OBSZAR MIEJSKI
1,0,0,2018,Dobre warunki atmosferyczne,Zderzenie pojazdów czołowe,Dobre warunki atmosferyczne,Światło dzienne,Jezdnia,EWK-106939721L,11,2018-05-12,Nieokreślone (puste pole),21*39'103,51*09'321,GMINNA,Obszar zabudowany,Odcinek prosty,Droga gminna,Jednojezdniowa dwukierunkowa,N,POWIAT LIPSKI,LIPSKO - OBSZAR MIEJSKI
1,0,1,2018,Dobre warunki atmosferyczne,Zderzenie pojazdów czołowe,Dobre warunki atmosferyczne,Światło dzienne,Jezdnia,EWK-106941967N,18,2018-05-11,Ciężko,20*41'233,51*49'039,1608W,Obszar niezabudowany,"Zakręt, łuk",Droga powiatowa,Jednojezdniowa dwukierunkowa,N,POWIAT GRÓJECKI,BŁĘDÓW - OBSZAR WIEJSKI
1,1,0,2018,Dobre warunki atmosferyczne,Zderzenie pojazdów czołowe,Dobre warunki atmosferyczne,Światło dzienne,Jezdnia,EWK-106941967N,18,2018-05-11,Nieokreślone (puste pole),20*41'233,51*49'039,1608W,Obszar niezabudowany,"Zakręt, łuk",Droga powiatowa,Jednojezdniowa dwukierunkowa,N,POWIAT GRÓJECKI,BŁĘDÓW - OBSZAR WIEJSKI
1,0,2,2018,Dobre warunki atmosferyczne,Zderzenie pojazdów czołowe,Dobre warunki atmosferyczne,Światło dzienne,Jezdnia,EWK-106947137U,8,2018-05-15,Ciężko,20*21'059,52*01'228,P4702W,Obszar zabudowany,Odcinek prosty,Droga powiatowa,Jednojezdniowa dwukierunkowa,N,POWIAT ŻYRARDOWSKI,WISKITKI - OBSZAR WIEJSKI
1,0,1,2018,Dobre warunki atmosferyczne,Zderzenie pojazdów czołowe,Dobre warunki atmosferyczne,Światło dzienne,Jezdnia,EWK-106951248P,13,2018-05-15,Lekko,22*43'275,52*12'005,G200739W,Obszar zabudowany,Odcinek prosty,Droga gminna,Jednojezdniowa dwukierunkowa,N,POWIAT ŁOSICKI,ŁOSICE - OBSZAR MIEJSKI
1,0,0,2018,Dobre warunki atmosferyczne,Zderzenie pojazdów czołowe,Dobre warunki atmosferyczne,Światło dzienne,Jezdnia,EWK-106951248P,13,2018-05-15,Nieokreślone (puste pole),22*43'275,52*12'005,G200739W,Obszar zabudowany,Odcinek prosty,Droga gminna,Jednojezdniowa dwukierunkowa,N,POWIAT ŁOSICKI,ŁOSICE - OBSZAR MIEJSKI
1,0,1,2018,Dobre warunki atmosferyczne,Zderzenie pojazdów czołowe,Dobre warunki atmosferyczne,Światło dzienne,Jezdnia,EWK-106957046A,15,2018-05-20,Ciężko,21*37'519,51*05'345,P1922W,Obszar zabudowany,"Zakręt, łuk",Droga powiatowa,Jednojezdniowa dwukierunkowa,N,POWIAT LIPSKI,LIPSKO - OBSZAR WIEJSKI
1,0,0,2018,Dobre warunki atmosferyczne,Zderzenie pojazdów czołowe,Dobre warunki atmosferyczne,Światło dzienne,Jezdnia,EWK-106957046A,15,2018-05-20,Nieokreślone (puste pole),21*37'519,51*05'345,P1922W,Obszar zabudowany,"Zakręt, łuk",Droga powiatowa,Jednojezdniowa dwukierunkowa,N,POWIAT LIPSKI,LIPSKO - OBSZAR WIEJSKI
1,0,5,2018,Dobre warunki atmosferyczne,Zderzenie pojazdów czołowe,Dobre warunki atmosferyczne,Światło dzienne,Jezdnia,EWK-106957237R,16,2018-05-20,Ciężko,21*35'283,52*33'233,62,Obszar niezabudowany,Odcinek prosty,Droga krajowa,Jednojezdniowa dwukierunkowa,N,POWIAT WYSZKOWSKI,WYSZKÓW - OBSZAR WIEJSKI
1,0,1,2018,Dobre warunki atmosferyczne,Zderzenie pojazdów czołowe,Dobre warunki atmosferyczne,Światło dzienne,Jezdnia,EWK-106958035F,4,2018-05-21,Lekko,21*07'350,52*46'540,61,Obszar niezabudowany,Odcinek prosty,Droga krajowa,Jednojezdniowa dwukierunkowa,N,POWIAT PUŁTUSKI,PUŁTUSK - OBSZAR WIEJSKI
1,0,0,2018,Dobre warunki atmosferyczne,Zderzenie pojazdów czołowe,Dobre warunki atmosferyczne,Światło dzienne,Jezdnia,EWK-106958035F,4,2018-05-21,Nieokreślone (puste pole),21*07'350,52*46'540,61,Obszar niezabudowany,Odcinek prosty,Droga krajowa,Jednojezdniowa dwukierunkowa,N,POWIAT PUŁTUSKI,PUŁTUSK - OBSZAR WIEJSKI
1,0,1,2018,Dobre warunki atmosferyczne,Zderzenie pojazdów czołowe,Dobre warunki atmosferyczne,Światło dzienne,Jezdnia,EWK-106958487W,18,2018-05-21,Ciężko,20*38'417,51*44'496,P1619W,Obszar zabudowany,Odcinek prosty,Droga powiatowa,Jednojezdniowa dwukierunkowa,N,POWIAT GRÓJECKI,BŁĘDÓW - OBSZAR WIEJSKI
1,0,0,2018,Dobre warunki atmosferyczne,Zderzenie pojazdów czołowe,Dobre warunki atmosferyczne,Światło dzienne,Jezdnia,EWK-106958487W,18,2018-05-21,Nieokreślone (puste pole),20*38'417,51*44'496,P1619W,Obszar zabudowany,Odcinek prosty,Droga powiatowa,Jednojezdniowa dwukierunkowa,N,POWIAT GRÓJECKI,BŁĘDÓW - OBSZAR WIEJSKI
1,0,1,2018,Dobre warunki atmosferyczne,Zderzenie pojazdów czołowe,Dobre warunki atmosferyczne,Światło dzienne,Jezdnia,EWK-106964364J,12,2018-05-23,Lekko,19*41'255,52*33'106,5210W,Obszar zabudowany,,Droga powiatowa,Jednojezdniowa dwukierunkowa,N,POWIAT PŁOCK,PŁOCK - OBSZAR MIEJSKI
1,0,0,2018,Dobre warunki atmosferyczne,Zderzenie pojazdów czołowe,Dobre warunki atmosferyczne,Światło dzienne,Jezdnia,EWK-106964364J,12,2018-05-23,Nieokreślone (puste pole),19*41'255,52*33'106,5210W,Obszar zabudowany,,Droga powiatowa,Jednojezdniowa dwukierunkowa,N,POWIAT PŁOCK,PŁOCK - OBSZAR MIEJSKI
1,0,2,2018,Dobre warunki atmosferyczne,Zderzenie pojazdów czołowe,Dobre warunki atmosferyczne,Światło dzienne,Jezdnia,EWK-106974075H,12,2018-05-28,Lekko,21*34'336,51*14'448,79,Obszar zabudowany,Odcinek prosty,Droga krajowa,Jednojezdniowa dwukierunkowa,N,POWIAT LIPSKI,CIEPIELÓW - OBSZAR WIEJSKI
1,0,1,2018,Dobre warunki atmosferyczne,Zderzenie pojazdów czołowe,Dobre warunki atmosferyczne,Światło dzienne,Jezdnia,EWK-106977718E,8,2018-05-30,Lekko,19*38'524,52*34'429,5207W,Obszar zabudowany,,Droga powiatowa,Jednojezdniowa dwukierunkowa,N,POWIAT PŁOCK,PŁOCK - OBSZAR MIEJSKI
1,0,0,2018,Dobre warunki atmosferyczne,Zderzenie pojazdów czołowe,Dobre warunki atmosferyczne,Światło dzienne,Jezdnia,EWK-106977718E,8,2018-05-30,Nieokreślone (puste pole),19*38'524,52*34'429,5207W,Obszar zabudowany,,Droga powiatowa,Jednojezdniowa dwukierunkowa,N,POWIAT PŁOCK,PŁOCK - OBSZAR MIEJSKI
1,0,1,2018,Dobre warunki atmosferyczne,Zderzenie pojazdów czołowe,Dobre warunki atmosferyczne,Światło dzienne,Jezdnia,EWK-106982468D,14,2018-06-01,Ciężko,21*03'357,52*54'585,P2110W,Obszar niezabudowany,Odcinek prosty,Droga powiatowa,Jednojezdniowa dwukierunkowa,N,POWIAT MAKOWSKI,PŁONIAWY-BRAMURA - OBSZAR WIEJSKI
1,0,1,2018,Dobre warunki atmosferyczne,Zderzenie pojazdów czołowe,Dobre warunki atmosferyczne,Światło dzienne,Jezdnia,EWK-106982468D,14,2018-06-01,Lekko,21*03'357,52*54'585,P2110W,Obszar niezabudowany,Odcinek prosty,Droga powiatowa,Jednojezdniowa dwukierunkowa,N,POWIAT MAKOWSKI,PŁONIAWY-BRAMURA - OBSZAR WIEJSKI
1,0,7,2018,Dobre warunki atmosferyczne,Zderzenie pojazdów czołowe,Dobre warunki atmosferyczne,Światło dzienne,Jezdnia,EWK-106985349E,19,2018-06-03,Lekko,21*20'477,51*52'365,801,Obszar niezabudowany,Odcinek prosty,Droga wojewódzka,Jednojezdniowa dwukierunkowa,N,POWIAT GARWOLIŃSKI,WILGA - OBSZAR WIEJSKI
1,1,0,2018,Dobre warunki atmosferyczne,Zderzenie pojazdów czołowe,Dobre warunki atmosferyczne,Światło dzienne,Jezdnia,EWK-106985349E,19,2018-06-03,Nieokreślone (puste pole),21*20'477,51*52'365,801,Obszar niezabudowany,Odcinek prosty,Droga wojewódzka,Jednojezdniowa dwukierunkowa,N,POWIAT GARWOLIŃSKI,WILGA - OBSZAR WIEJSKI
1,0,1,2018,Dobre warunki atmosferyczne,Zderzenie pojazdów czołowe,Dobre warunki atmosferyczne,Światło dzienne,Jezdnia,EWK-106986821D,8,2018-06-04,Lekko,21*40'438,52*30'569,50,Obszar niezabudowany,,Droga krajowa,Jednojezdniowa dwukierunkowa,N,POWIAT WĘGROWSKI,ŁOCHÓW - OBSZAR WIEJSKI
1,0,0,2018,Dobre warunki atmosferyczne,Zderzenie pojazdów czołowe,Dobre warunki atmosferyczne,Światło dzienne,Jezdnia,EWK-106986821D,8,2018-06-04,Nieokreślone (puste pole),21*40'438,52*30'569,50,Obszar niezabudowany,,Droga krajowa,Jednojezdniowa dwukierunkowa,N,POWIAT WĘGROWSKI,ŁOCHÓW - OBSZAR WIEJSKI
1,0,2,2018,Dobre warunki atmosferyczne,Zderzenie pojazdów czołowe,Dobre warunki atmosferyczne,Światło dzienne,Jezdnia,EWK-106988057R,12,2018-05-30,Lekko,21*43'071,51*47'530,17,Obszar niezabudowany,Odcinek prosty,Droga krajowa,Jednojezdniowa dwukierunkowa,N,POWIAT GARWOLIŃSKI,SOBOLEW - OBSZAR WIEJSKI
1,0,0,2018,Dobre warunki atmosferyczne,Zderzenie pojazdów czołowe,Dobre warunki atmosferyczne,Światło dzienne,Jezdnia,EWK-106988057R,12,2018-05-30,Nieokreślone (puste pole),21*43'071,51*47'530,17,Obszar niezabudowany,Odcinek prosty,Droga krajowa,Jednojezdniowa dwukierunkowa,N,POWIAT GARWOLIŃSKI,SOBOLEW - OBSZAR WIEJSKI