Liczba wypadków,Liczba zabitych,Liczba rannych,Rok,Warunki atmosferyczne,Rodzaj zdarzenia,Warunki atmosferyczne,Oświetlenie,Charakterystyka miejsca zdarzenia,IDKSIP zdarzenia,Godzina,Dzień,Ranny,GPS x,GPS y,Numer drogi,Obszar,Geometria drogi,Kategoria drogi 1,Rodzaj drogi,Czy w zdarzeniu był sprawca nietrzeźwy,Powiat,Gmina
1,0,3,2018,Dobre warunki atmosferyczne,Zderzenie pojazdów tylne,Dobre warunki atmosferyczne,Noc - droga nieoświetlona,Jezdnia,EWK-107452916D,16,2018-11-20,Lekko,21*34'523,52*33'311,62,Obszar niezabudowany,Odcinek prosty,Droga krajowa,Jednojezdniowa dwukierunkowa,N,POWIAT WYSZKOWSKI,WYSZKÓW - OBSZAR WIEJSKI
1,0,0,2018,Dobre warunki atmosferyczne,Zderzenie pojazdów tylne,Dobre warunki atmosferyczne,Noc - droga nieoświetlona,Jezdnia,EWK-107452916D,16,2018-11-20,Nieokreślone (puste pole),21*34'523,52*33'311,62,Obszar niezabudowany,Odcinek prosty,Droga krajowa,Jednojezdniowa dwukierunkowa,N,POWIAT WYSZKOWSKI,WYSZKÓW - OBSZAR WIEJSKI
1,1,0,2018,Dobre warunki atmosferyczne,Zderzenie pojazdów tylne,Dobre warunki atmosferyczne,Noc - droga nieoświetlona,Jezdnia,EWK-107500599Q,17,2018-12-14,Nieokreślone (puste pole),21*34'529,51*34'091,48,Obszar niezabudowany,Odcinek prosty,Droga krajowa,Jednojezdniowa dwukierunkowa,N,POWIAT KOZIENICKI,KOZIENICE - OBSZAR WIEJSKI
1,0,1,2018,Dobre warunki atmosferyczne,Zderzenie pojazdów tylne,Dobre warunki atmosferyczne,Noc - droga oświetlona,Jezdnia,EWK-106660195J,18,2018-01-05,Lekko,21*12'195,51*24'516,12,Obszar niezabudowany,Odcinek prosty,Droga krajowa,Jednojezdniowa dwukierunkowa,N,POWIAT RADOMSKI,JEDLNIA-LETNISKO - OBSZAR WIEJSKI
1,0,0,2018,Dobre warunki atmosferyczne,Zderzenie pojazdów tylne,Dobre warunki atmosferyczne,Noc - droga oświetlona,Jezdnia,EWK-106660195J,18,2018-01-05,Nieokreślone (puste pole),21*12'195,51*24'516,12,Obszar niezabudowany,Odcinek prosty,Droga krajowa,Jednojezdniowa dwukierunkowa,N,POWIAT RADOMSKI,JEDLNIA-LETNISKO - OBSZAR WIEJSKI
1,0,1,2018,Dobre warunki atmosferyczne,Zderzenie pojazdów tylne,Dobre warunki atmosferyczne,Noc - droga oświetlona,Jezdnia,EWK-106698662C,18,2018-01-26,Lekko,21*32'582,52*37'215,4403W,Obszar zabudowany,Odcinek prosty,Droga powiatowa,Jednojezdniowa dwukierunkowa,N,POWIAT WYSZKOWSKI,BRAŃSZCZYK - OBSZAR WIEJSKI
1,0,0,2018,Dobre warunki atmosferyczne,Zderzenie pojazdów tylne,Dobre warunki atmosferyczne,Noc - droga oświetlona,Jezdnia,EWK-106698662C,18,2018-01-26,Nieokreślone (puste pole),21*32'582,52*37'215,4403W,Obszar zabudowany,Odcinek prosty,Droga powiatowa,Jednojezdniowa dwukierunkowa,N,POWIAT WYSZKOWSKI,BRAŃSZCZYK - OBSZAR WIEJSKI
1,0,1,2018,Dobre warunki atmosferyczne,Zderzenie pojazdów tylne,Dobre warunki atmosferyczne,Noc - droga oświetlona,Jezdnia,EWK-106706724H,18,2018-01-30,Lekko,21*04'134,51*22'119,7,Obszar zabudowany,,Droga krajowa,Jednojezdniowa dwukierunkowa,N,POWIAT RADOM,RADOM - OBSZAR MIEJSKI
1,0,0,2018,Dobre warunki atmosferyczne,Zderzenie pojazdów tylne,Dobre warunki atmosferyczne,Noc - droga oświetlona,Jezdnia,EWK-106706724H,18,2018-01-30,Nieokreślone (puste pole),21*04'134,51*22'119,7,Obszar zabudowany,,Droga krajowa,Jednojezdniowa dwukierunkowa,N,POWIAT RADOM,RADOM - OBSZAR MIEJSKI
1,0,1,2018,Dobre warunki atmosferyczne,Zderzenie pojazdów tylne,Dobre warunki atmosferyczne,Noc - droga oświetlona,Jezdnia,EWK-106939940Y,22,2018-05-12,Lekko,21*08'526,51*26'039,7,Obszar zabudowany,Odcinek prosty,Droga krajowa,Dwie jezdnie jednokierunkowe,N,POWIAT RADOM,RADOM - OBSZAR MIEJSKI
1,0,0,2018,Dobre warunki atmosferyczne,Zderzenie pojazdów tylne,Dobre warunki atmosferyczne,Noc - droga oświetlona,Jezdnia,EWK-106939940Y,22,2018-05-12,Nieokreślone (puste pole),21*08'526,51*26'039,7,Obszar zabudowany,Odcinek prosty,Droga krajowa,Dwie jezdnie jednokierunkowe,N,POWIAT RADOM,RADOM - OBSZAR MIEJSKI
1,0,1,2018,Dobre warunki atmosferyczne,Zderzenie pojazdów tylne,Dobre warunki atmosferyczne,Noc - droga oświetlona,Jezdnia,EWK-107057817Q,0,2018-06-25,Lekko,21*08'125,51*25'032,7,Obszar zabudowany,Odcinek prosty,Droga krajowa,Dwie jezdnie jednokierunkowe,N,POWIAT RADOM,RADOM - OBSZAR MIEJSKI
1,0,0,2018,Dobre warunki atmosferyczne,Zderzenie pojazdów tylne,Dobre warunki atmosferyczne,Noc - droga oświetlona,Jezdnia,EWK-107057817Q,0,2018-06-25,Nieokreślone (puste pole),21*08'125,51*25'032,7,Obszar zabudowany,Odcinek prosty,Droga krajowa,Dwie jezdnie jednokierunkowe,N,POWIAT RADOM,RADOM - OBSZAR MIEJSKI
1,0,1,2018,Dobre warunki atmosferyczne,Zderzenie pojazdów tylne,Dobre warunki atmosferyczne,Noc - droga oświetlona,Jezdnia,EWK-107086038Y,1,2018-07-05,Lekko,21*07'338,51*24'342,7,Obszar zabudowany,Odcinek prosty,Droga krajowa,Dwie jezdnie jednokierunkowe,N,POWIAT RADOM,RADOM - OBSZAR MIEJSKI
1,0,0,2018,Dobre warunki atmosferyczne,Zderzenie pojazdów tylne,Dobre warunki atmosferyczne,Noc - droga oświetlona,Jezdnia,EWK-107086038Y,1,2018-07-05,Nieokreślone (puste pole),21*07'338,51*24'342,7,Obszar zabudowany,Odcinek prosty,Droga krajowa,Dwie jezdnie jednokierunkowe,N,POWIAT RADOM,RADOM - OBSZAR MIEJSKI
1,1,0,2018,Dobre warunki atmosferyczne,Zderzenie pojazdów tylne,Dobre warunki atmosferyczne,Noc - droga oświetlona,Jezdnia,EWK-107153860F,22,2018-08-05,Nieokreślone (puste pole),21*30'358,53*16'376,2519W,Obszar niezabudowany,Odcinek prosty,Droga powiatowa,Jednojezdniowa dwukierunkowa,T,POWIAT OSTROŁĘCKI,KADZIDŁO - OBSZAR WIEJSKI
1,0,1,2018,Dobre warunki atmosferyczne,Zderzenie pojazdów tylne,Dobre warunki atmosferyczne,Noc - droga oświetlona,Jezdnia,EWK-107273460L,21,2018-09-10,Lekko,21*08'252,51*24'150,P5305W,Obszar zabudowany,,Droga powiatowa,Jednokierunkowa,N,POWIAT RADOM,RADOM - OBSZAR MIEJSKI
1,0,0,2018,Dobre warunki atmosferyczne,Zderzenie pojazdów tylne,Dobre warunki atmosferyczne,Noc - droga oświetlona,Jezdnia,EWK-107273460L,21,2018-09-10,Nieokreślone (puste pole),21*08'252,51*24'150,P5305W,Obszar zabudowany,,Droga powiatowa,Jednokierunkowa,N,POWIAT RADOM,RADOM - OBSZAR MIEJSKI
1,0,3,2018,Dobre warunki atmosferyczne,Zderzenie pojazdów tylne,Dobre warunki atmosferyczne,Noc - droga oświetlona,Jezdnia,EWK-107322865A,23,2018-09-28,Lekko,21*12'244,51*21'301,9,Obszar zabudowany,,Droga krajowa,Jednojezdniowa dwukierunkowa,N,POWIAT RADOMSKI,SKARYSZEW - OBSZAR WIEJSKI
1,0,0,2018,Dobre warunki atmosferyczne,Zderzenie pojazdów tylne,Dobre warunki atmosferyczne,Noc - droga oświetlona,Jezdnia,EWK-107322865A,23,2018-09-28,Nieokreślone (puste pole),21*12'244,51*21'301,9,Obszar zabudowany,,Droga krajowa,Jednojezdniowa dwukierunkowa,N,POWIAT RADOMSKI,SKARYSZEW - OBSZAR WIEJSKI
1,0,1,2018,Dobre warunki atmosferyczne,Zderzenie pojazdów tylne,Dobre warunki atmosferyczne,Noc - droga oświetlona,Jezdnia,EWK-107322887R,22,2018-09-28,Lekko,21*08'291,51*24'233,P5305W,Obszar zabudowany,Odcinek prosty,Droga powiatowa,Dwie jezdnie jednokierunkowe,N,POWIAT RADOM,RADOM - OBSZAR MIEJSKI
1,0,0,2018,Dobre warunki atmosferyczne,Zderzenie pojazdów tylne,Dobre warunki atmosferyczne,Noc - droga oświetlona,Jezdnia,EWK-107322887R,22,2018-09-28,Nieokreślone (puste pole),21*08'291,51*24'233,P5305W,Obszar zabudowany,Odcinek prosty,Droga powiatowa,Dwie jezdnie jednokierunkowe,N,POWIAT RADOM,RADOM - OBSZAR MIEJSKI
1,0,1,2018,Dobre warunki atmosferyczne,Zderzenie pojazdów tylne,Dobre warunki atmosferyczne,Noc - droga oświetlona,Jezdnia,EWK-107389445E,18,2018-10-15,Lekko,21*34'142,51*34'182,48,Obszar zabudowany,Odcinek prosty,Droga krajowa,Jednojezdniowa dwukierunkowa,N,POWIAT KOZIENICKI,KOZIENICE - OBSZAR MIEJSKI
1,0,0,2018,Dobre warunki atmosferyczne,Zderzenie pojazdów tylne,Dobre warunki atmosferyczne,Noc - droga oświetlona,Jezdnia,EWK-107389445E,18,2018-10-15,Nieokreślone (puste pole),21*34'142,51*34'182,48,Obszar zabudowany,Odcinek prosty,Droga krajowa,Jednojezdniowa dwukierunkowa,N,POWIAT KOZIENICKI,KOZIENICE - OBSZAR MIEJSKI
1,0,1,2018,Dobre warunki atmosferyczne,Zderzenie pojazdów tylne,Dobre warunki atmosferyczne,Noc - droga oświetlona,Jezdnia,EWK-107443263F,17,2018-11-13,Lekko,22*16'188,52*10'126,P,Obszar zabudowany,Odcinek prosty,Droga powiatowa,Jednojezdniowa dwukierunkowa,N,POWIAT SIEDLCE,SIEDLCE - OBSZAR MIEJSKI
1,0,0,2018,Dobre warunki atmosferyczne,Zderzenie pojazdów tylne,Dobre warunki atmosferyczne,Noc - droga oświetlona,Jezdnia,EWK-107443263F,17,2018-11-13,Nieokreślone (puste pole),22*16'188,52*10'126,P,Obszar zabudowany,Odcinek prosty,Droga powiatowa,Jednojezdniowa dwukierunkowa,N,POWIAT SIEDLCE,SIEDLCE - OBSZAR MIEJSKI
1,0,1,2018,Dobre warunki atmosferyczne,Zderzenie pojazdów tylne,Dobre warunki atmosferyczne,Noc - droga oświetlona,Jezdnia,EWK-107446018H,20,2018-11-16,Lekko,21*09'126,51*24'591,P5339W,Obszar zabudowany,Odcinek prosty,Droga powiatowa,Dwie jezdnie jednokierunkowe,N,POWIAT RADOM,RADOM - OBSZAR MIEJSKI
1,0,0,2018,Dobre warunki atmosferyczne,Zderzenie pojazdów tylne,Dobre warunki atmosferyczne,Noc - droga oświetlona,Jezdnia,EWK-107446018H,20,2018-11-16,Nieokreślone (puste pole),21*09'126,51*24'591,P5339W,Obszar zabudowany,Odcinek prosty,Droga powiatowa,Dwie jezdnie jednokierunkowe,N,POWIAT RADOM,RADOM - OBSZAR MIEJSKI
1,0,1,2018,Dobre warunki atmosferyczne,Zderzenie pojazdów tylne,Dobre warunki atmosferyczne,Noc - droga oświetlona,Jezdnia,EWK-107452272C,16,2018-11-20,Ciężko,21*27'550,52*36'023,GMINNA,Obszar zabudowany,Odcinek prosty,Droga gminna,Jednojezdniowa dwukierunkowa,N,POWIAT WYSZKOWSKI,WYSZKÓW - OBSZAR MIEJSKI
1,0,0,2018,Dobre warunki atmosferyczne,Zderzenie pojazdów tylne,Dobre warunki atmosferyczne,Noc - droga oświetlona,Jezdnia,EWK-107452272C,16,2018-11-20,Nieokreślone (puste pole),21*27'550,52*36'023,GMINNA,Obszar zabudowany,Odcinek prosty,Droga gminna,Jednojezdniowa dwukierunkowa,N,POWIAT WYSZKOWSKI,WYSZKÓW - OBSZAR MIEJSKI
1,0,1,2018,Dobre warunki atmosferyczne,Zderzenie pojazdów tylne,Dobre warunki atmosferyczne,Noc - droga oświetlona,Jezdnia,EWK-107466427L,16,2018-11-28,Lekko,22*08'281,52*06'357,803,Obszar zabudowany,Odcinek prosty,Droga wojewódzka,Jednojezdniowa dwukierunkowa,N,POWIAT SIEDLECKI,SKÓRZEC - OBSZAR WIEJSKI
1,0,0,2018,Dobre warunki atmosferyczne,Zderzenie pojazdów tylne,Dobre warunki atmosferyczne,Noc - droga oświetlona,Jezdnia,EWK-107466427L,16,2018-11-28,Nieokreślone (puste pole),22*08'281,52*06'357,803,Obszar zabudowany,Odcinek prosty,Droga wojewódzka,Jednojezdniowa dwukierunkowa,N,POWIAT SIEDLECKI,SKÓRZEC - OBSZAR WIEJSKI
1,0,1,2018,Dobre warunki atmosferyczne,Zderzenie pojazdów tylne,Dobre warunki atmosferyczne,Noc - droga oświetlona,Jezdnia,EWK-107467314A,16,2018-11-28,Ciężko,20*19'365,52*15'255,580,Obszar niezabudowany,Odcinek prosty,Droga wojewódzka,Jednojezdniowa dwukierunkowa,N,POWIAT SOCHACZEWSKI,SOCHACZEW - OBSZAR WIEJSKI
1,0,0,2018,Dobre warunki atmosferyczne,Zderzenie pojazdów tylne,Dobre warunki atmosferyczne,Noc - droga oświetlona,Jezdnia,EWK-107467314A,16,2018-11-28,Nieokreślone (puste pole),20*19'365,52*15'255,580,Obszar niezabudowany,Odcinek prosty,Droga wojewódzka,Jednojezdniowa dwukierunkowa,N,POWIAT SOCHACZEWSKI,SOCHACZEW - OBSZAR WIEJSKI
1,0,1,2018,Dobre warunki atmosferyczne,Zderzenie pojazdów tylne,Dobre warunki atmosferyczne,Noc - droga oświetlona,Jezdnia,EWK-107469390J,18,2018-11-29,Lekko,21*07'435,51*24'423,7,Obszar zabudowany,Odcinek prosty,Droga krajowa,Dwie jezdnie jednokierunkowe,N,POWIAT RADOM,RADOM - OBSZAR MIEJSKI
1,0,0,2018,Dobre warunki atmosferyczne,Zderzenie pojazdów tylne,Dobre warunki atmosferyczne,Noc - droga oświetlona,Jezdnia,EWK-107469390J,18,2018-11-29,Nieokreślone (puste pole),21*07'435,51*24'423,7,Obszar zabudowany,Odcinek prosty,Droga krajowa,Dwie jezdnie jednokierunkowe,N,POWIAT RADOM,RADOM - OBSZAR MIEJSKI
1,0,1,2018,Dobre warunki atmosferyczne,Zderzenie pojazdów tylne,Dobre warunki atmosferyczne,Noc - droga oświetlona,Jezdnia,EWK-107471154L,17,2018-11-30,Lekko,19*39'466,52*50'526,1455O,Obszar zabudowany,Odcinek prosty,Droga powiatowa,Jednojezdniowa dwukierunkowa,N,POWIAT SIERPECKI,SIERPC - OBSZAR MIEJSKI
1,0,0,2018,Dobre warunki atmosferyczne,Zderzenie pojazdów tylne,Dobre warunki atmosferyczne,Noc - droga oświetlona,Jezdnia,EWK-107471154L,17,2018-11-30,Nieokreślone (puste pole),19*39'466,52*50'526,1455O,Obszar zabudowany,Odcinek prosty,Droga powiatowa,Jednojezdniowa dwukierunkowa,N,POWIAT SIERPECKI,SIERPC - OBSZAR MIEJSKI
1,0,1,2018,Dobre warunki atmosferyczne,Zderzenie pojazdów tylne,Dobre warunki atmosferyczne,Noc - droga oświetlona,Jezdnia,EWK-107479039X,18,2018-11-30,Lekko,21*09'038,51*25'274,P5339W,Obszar zabudowany,Odcinek prosty,Droga powiatowa,Dwie jezdnie jednokierunkowe,N,POWIAT RADOM,RADOM - OBSZAR MIEJSKI
1,0,0,2018,Dobre warunki atmosferyczne,Zderzenie pojazdów tylne,Dobre warunki atmosferyczne,Noc - droga oświetlona,Jezdnia,EWK-107479039X,18,2018-11-30,Nieokreślone (puste pole),21*09'038,51*25'274,P5339W,Obszar zabudowany,Odcinek prosty,Droga powiatowa,Dwie jezdnie jednokierunkowe,N,POWIAT RADOM,RADOM - OBSZAR MIEJSKI
1,0,1,2018,Dobre warunki atmosferyczne,Zderzenie pojazdów tylne,Dobre warunki atmosferyczne,Noc - droga oświetlona,Jezdnia,EWK-107482816L,16,2018-12-06,Lekko,22*14'287,52*24'263,,Obszar zabudowany,Odcinek prosty,Nieokreślone (puste pole),Jednojezdniowa dwukierunkowa,N,POWIAT SOKOŁOWSKI,SOKOŁÓW PODLASKI - OBSZAR MIEJSKI
1,0,0,2018,Dobre warunki atmosferyczne,Zderzenie pojazdów tylne,Dobre warunki atmosferyczne,Noc - droga oświetlona,Jezdnia,EWK-107482816L,16,2018-12-06,Nieokreślone (puste pole),22*14'287,52*24'263,,Obszar zabudowany,Odcinek prosty,Nieokreślone (puste pole),Jednojezdniowa dwukierunkowa,N,POWIAT SOKOŁOWSKI,SOKOŁÓW PODLASKI - OBSZAR MIEJSKI
1,0,1,2018,Dobre warunki atmosferyczne,Zderzenie pojazdów tylne,Dobre warunki atmosferyczne,Noc - droga oświetlona,Jezdnia,EWK-107504821A,17,2018-12-17,Lekko,21*09'070,51*24'504,P5305W,Obszar zabudowany,Odcinek prosty,Droga powiatowa,Dwie jezdnie jednokierunkowe,N,POWIAT RADOM,RADOM - OBSZAR MIEJSKI
1,0,0,2018,Dobre warunki atmosferyczne,Zderzenie pojazdów tylne,Dobre warunki atmosferyczne,Noc - droga oświetlona,Jezdnia,EWK-107504821A,17,2018-12-17,Nieokreślone (puste pole),21*09'070,51*24'504,P5305W,Obszar zabudowany,Odcinek prosty,Droga powiatowa,Dwie jezdnie jednokierunkowe,N,POWIAT RADOM,RADOM - OBSZAR MIEJSKI
1,0,3,2018,Dobre warunki atmosferyczne,Zderzenie pojazdów tylne,Dobre warunki atmosferyczne,Noc - droga oświetlona,"Most, wiadukt, łącznica, tunel",EWK-107203974L,23,2018-08-20,Lekko,20*26'315,52*03'082,GMINNA,Obszar zabudowany,Odcinek prosty,Droga gminna,Jednojezdniowa dwukierunkowa,T,POWIAT ŻYRARDOWSKI,ŻYRARDÓW - OBSZAR MIEJSKI
1,0,0,2018,Dobre warunki atmosferyczne,Zderzenie pojazdów tylne,Dobre warunki atmosferyczne,Noc - droga oświetlona,"Most, wiadukt, łącznica, tunel",EWK-107203974L,23,2018-08-20,Nieokreślone (puste pole),20*26'315,52*03'082,GMINNA,Obszar zabudowany,Odcinek prosty,Droga gminna,Jednojezdniowa dwukierunkowa,T,POWIAT ŻYRARDOWSKI,ŻYRARDÓW - OBSZAR MIEJSKI
1,0,1,2018,Dobre warunki atmosferyczne,Zderzenie pojazdów tylne,Dobre warunki atmosferyczne,Światło dzienne,Jezdnia,EWK-106655839Q,9,2018-01-03,Lekko,21*52'101,52*56'322,GMINNA,Obszar zabudowany,Odcinek prosty,Droga gminna,Jednojezdniowa dwukierunkowa,N,POWIAT OSTROWSKI,STARY LUBOTYŃ - OBSZAR WIEJSKI
1,0,0,2018,Dobre warunki atmosferyczne,Zderzenie pojazdów tylne,Dobre warunki atmosferyczne,Światło dzienne,Jezdnia,EWK-106655839Q,9,2018-01-03,Nieokreślone (puste pole),21*52'101,52*56'322,GMINNA,Obszar zabudowany,Odcinek prosty,Droga gminna,Jednojezdniowa dwukierunkowa,N,POWIAT OSTROWSKI,STARY LUBOTYŃ - OBSZAR WIEJSKI
1,0,2,2018,Dobre warunki atmosferyczne,Zderzenie pojazdów tylne,Dobre warunki atmosferyczne,Światło dzienne,Jezdnia,EWK-106660650E,13,2018-01-07,Lekko,19*42'192,52*32'481,60,Obszar zabudowany,Odcinek prosty,Droga krajowa,Dwie jezdnie jednokierunkowe,N,POWIAT PŁOCK,PŁOCK - OBSZAR MIEJSKI
1,0,0,2018,Dobre warunki atmosferyczne,Zderzenie pojazdów tylne,Dobre warunki atmosferyczne,Światło dzienne,Jezdnia,EWK-106660650E,13,2018-01-07,Nieokreślone (puste pole),19*42'192,52*32'481,60,Obszar zabudowany,Odcinek prosty,Droga krajowa,Dwie jezdnie jednokierunkowe,N,POWIAT PŁOCK,PŁOCK - OBSZAR MIEJSKI
1,1,0,2018,Dobre warunki atmosferyczne,Zderzenie pojazdów tylne,Dobre warunki atmosferyczne,Światło dzienne,Jezdnia,EWK-106673430L,13,2018-01-14,Nieokreślone (puste pole),22*00'179,52*25'107,62,Obszar niezabudowany,Odcinek prosty,Droga krajowa,Jednojezdniowa dwukierunkowa,N,POWIAT WĘGROWSKI,LIW - OBSZAR WIEJSKI
1,0,1,2018,Dobre warunki atmosferyczne,Zderzenie pojazdów tylne,Dobre warunki atmosferyczne,Światło dzienne,Jezdnia,EWK-106700892X,15,2018-01-28,Lekko,21*11'388,51*26'123,G530148W,Obszar zabudowany,Odcinek prosty,Droga gminna,Jednojezdniowa dwukierunkowa,N,POWIAT RADOM,RADOM - OBSZAR MIEJSKI
1,0,0,2018,Dobre warunki atmosferyczne,Zderzenie pojazdów tylne,Dobre warunki atmosferyczne,Światło dzienne,Jezdnia,EWK-106700892X,15,2018-01-28,Nieokreślone (puste pole),21*11'388,51*26'123,G530148W,Obszar zabudowany,Odcinek prosty,Droga gminna,Jednojezdniowa dwukierunkowa,N,POWIAT RADOM,RADOM - OBSZAR MIEJSKI
1,0,1,2018,Dobre warunki atmosferyczne,Zderzenie pojazdów tylne,Dobre warunki atmosferyczne,Światło dzienne,Jezdnia,EWK-106705297W,14,2018-01-30,Lekko,21*53'040,51*42'087,,Obszar niezabudowany,Odcinek prosty,Nieokreślone (puste pole),Jednojezdniowa dwukierunkowa,N,POWIAT GARWOLIŃSKI,TROJANÓW - OBSZAR WIEJSKI
1,0,0,2018,Dobre warunki atmosferyczne,Zderzenie pojazdów tylne,Dobre warunki atmosferyczne,Światło dzienne,Jezdnia,EWK-106705297W,14,2018-01-30,Nieokreślone (puste pole),21*53'040,51*42'087,,Obszar niezabudowany,Odcinek prosty,Nieokreślone (puste pole),Jednojezdniowa dwukierunkowa,N,POWIAT GARWOLIŃSKI,TROJANÓW - OBSZAR WIEJSKI
1,0,1,2018,Dobre warunki atmosferyczne,Zderzenie pojazdów tylne,Dobre warunki atmosferyczne,Światło dzienne,Jezdnia,EWK-106711376R,13,2018-02-03,Ciężko,20*40'565,51*40'214,728,Obszar niezabudowany,Odcinek prosty,Droga wojewódzka,Jednojezdniowa dwukierunkowa,N,POWIAT GRÓJECKI,MOGIELNICA - OBSZAR WIEJSKI
1,0,0,2018,Dobre warunki atmosferyczne,Zderzenie pojazdów tylne,Dobre warunki atmosferyczne,Światło dzienne,Jezdnia,EWK-106711376R,13,2018-02-03,Nieokreślone (puste pole),20*40'565,51*40'214,728,Obszar niezabudowany,Odcinek prosty,Droga wojewódzka,Jednojezdniowa dwukierunkowa,N,POWIAT GRÓJECKI,MOGIELNICA - OBSZAR WIEJSKI
1,0,1,2018,Dobre warunki atmosferyczne,Zderzenie pojazdów tylne,Dobre warunki atmosferyczne,Światło dzienne,Jezdnia,EWK-106711741Y,14,2018-02-02,Lekko,19*32'053,52*53'569,10,Obszar zabudowany,Odcinek prosty,Droga krajowa,Jednojezdniowa dwukierunkowa,N,POWIAT SIERPECKI,SZCZUTOWO - OBSZAR WIEJSKI
1,0,0,2018,Dobre warunki atmosferyczne,Zderzenie pojazdów tylne,Dobre warunki atmosferyczne,Światło dzienne,Jezdnia,EWK-106711741Y,14,2018-02-02,Nieokreślone (puste pole),19*32'053,52*53'569,10,Obszar zabudowany,Odcinek prosty,Droga krajowa,Jednojezdniowa dwukierunkowa,N,POWIAT SIERPECKI,SZCZUTOWO - OBSZAR WIEJSKI
1,0,1,2018,Dobre warunki atmosferyczne,Zderzenie pojazdów tylne,Dobre warunki atmosferyczne,Światło dzienne,Jezdnia,EWK-106716073J,13,2018-02-05,Ciężko,21*08'331,51*27'069,7,Obszar zabudowany,,Droga krajowa,Dwie jezdnie jednokierunkowe,N,POWIAT RADOM,RADOM - OBSZAR MIEJSKI
1,0,0,2018,Dobre warunki atmosferyczne,Zderzenie pojazdów tylne,Dobre warunki atmosferyczne,Światło dzienne,Jezdnia,EWK-106716073J,13,2018-02-05,Nieokreślone (puste pole),21*08'331,51*27'069,7,Obszar zabudowany,,Droga krajowa,Dwie jezdnie jednokierunkowe,N,POWIAT RADOM,RADOM - OBSZAR MIEJSKI
1,0,1,2018,Dobre warunki atmosferyczne,Zderzenie pojazdów tylne,Dobre warunki atmosferyczne,Światło dzienne,Jezdnia,EWK-106736981P,9,2018-02-15,Ciężko,20*33'479,52*44'029,1247W,Obszar niezabudowany,Odcinek prosty,Droga powiatowa,Jednojezdniowa dwukierunkowa,N,POWIAT CIECHANOWSKI,OJRZEŃ - OBSZAR WIEJSKI
1,0,0,2018,Dobre warunki atmosferyczne,Zderzenie pojazdów tylne,Dobre warunki atmosferyczne,Światło dzienne,Jezdnia,EWK-106736981P,9,2018-02-15,Nieokreślone (puste pole),20*33'479,52*44'029,1247W,Obszar niezabudowany,Odcinek prosty,Droga powiatowa,Jednojezdniowa dwukierunkowa,N,POWIAT CIECHANOWSKI,OJRZEŃ - OBSZAR WIEJSKI
1,0,1,2018,Dobre warunki atmosferyczne,Zderzenie pojazdów tylne,Dobre warunki atmosferyczne,Światło dzienne,Jezdnia,EWK-106748812K,16,2018-02-12,Lekko,21*09'172,51*48'305,P1672W,Obszar zabudowany,Odcinek prosty,Droga powiatowa,Jednojezdniowa dwukierunkowa,N,POWIAT GRÓJECKI,WARKA - OBSZAR MIEJSKI
1,0,0,2018,Dobre warunki atmosferyczne,Zderzenie pojazdów tylne,Dobre warunki atmosferyczne,Światło dzienne,Jezdnia,EWK-106748812K,16,2018-02-12,Nieokreślone (puste pole),21*09'172,51*48'305,P1672W,Obszar zabudowany,Odcinek prosty,Droga powiatowa,Jednojezdniowa dwukierunkowa,N,POWIAT GRÓJECKI,WARKA - OBSZAR MIEJSKI
1,0,1,2018,Dobre warunki atmosferyczne,Zderzenie pojazdów tylne,Dobre warunki atmosferyczne,Światło dzienne,Jezdnia,EWK-106788704L,13,2018-03-10,Lekko,21*08'172,51*25'364,9,Obszar zabudowany,"Zakręt, łuk",Droga krajowa,Dwie jezdnie jednokierunkowe,N,POWIAT RADOM,RADOM - OBSZAR MIEJSKI
1,0,0,2018,Dobre warunki atmosferyczne,Zderzenie pojazdów tylne,Dobre warunki atmosferyczne,Światło dzienne,Jezdnia,EWK-106788704L,13,2018-03-10,Nieokreślone (puste pole),21*08'172,51*25'364,9,Obszar zabudowany,"Zakręt, łuk",Droga krajowa,Dwie jezdnie jednokierunkowe,N,POWIAT RADOM,RADOM - OBSZAR MIEJSKI
1,0,1,2018,Dobre warunki atmosferyczne,Zderzenie pojazdów tylne,Dobre warunki atmosferyczne,Światło dzienne,Jezdnia,EWK-106798067K,16,2018-03-15,Lekko,20*12'471,52*13'088,K92S,Obszar niezabudowany,Odcinek prosty,Droga krajowa,Jednojezdniowa dwukierunkowa,N,POWIAT SOCHACZEWSKI,SOCHACZEW - OBSZAR WIEJSKI