Liczba wypadków,Liczba zabitych,Liczba rannych,Rok,Warunki atmosferyczne,Rodzaj zdarzenia,Warunki atmosferyczne,Oświetlenie,Charakterystyka miejsca zdarzenia,IDKSIP zdarzenia,Godzina,Dzień,Ranny,GPS x,GPS y,Numer drogi,Obszar,Geometria drogi,Kategoria drogi 1,Rodzaj drogi,Czy w zdarzeniu był sprawca nietrzeźwy,Powiat,Gmina
1,0,1,2018,Dobre warunki atmosferyczne,Zderzenie pojazdów tylne,Dobre warunki atmosferyczne,Światło dzienne,Jezdnia,EWK-107132752H,12,2018-07-31,Lekko,19*25'179,52*26'382,265,Obszar niezabudowany,Odcinek prosty,Droga wojewódzka,Jednojezdniowa dwukierunkowa,N,POWIAT GOSTYNIŃSKI,GOSTYNIN - OBSZAR WIEJSKI
1,0,0,2018,Dobre warunki atmosferyczne,Zderzenie pojazdów tylne,Dobre warunki atmosferyczne,Światło dzienne,Jezdnia,EWK-107132752H,12,2018-07-31,Nieokreślone (puste pole),19*25'179,52*26'382,265,Obszar niezabudowany,Odcinek prosty,Droga wojewódzka,Jednojezdniowa dwukierunkowa,N,POWIAT GOSTYNIŃSKI,GOSTYNIN - OBSZAR WIEJSKI
1,0,1,2018,Dobre warunki atmosferyczne,Zderzenie pojazdów tylne,Dobre warunki atmosferyczne,Światło dzienne,Jezdnia,EWK-107133073M,6,2018-07-26,Ciężko,21*02'403,51*23'343,12,Obszar zabudowany,Odcinek prosty,Droga krajowa,Jednojezdniowa dwukierunkowa,N,POWIAT RADOMSKI,WOLANÓW - OBSZAR WIEJSKI
1,0,1,2018,Dobre warunki atmosferyczne,Zderzenie pojazdów tylne,Dobre warunki atmosferyczne,Światło dzienne,Jezdnia,EWK-107133073M,6,2018-07-26,Lekko,21*02'403,51*23'343,12,Obszar zabudowany,Odcinek prosty,Droga krajowa,Jednojezdniowa dwukierunkowa,N,POWIAT RADOMSKI,WOLANÓW - OBSZAR WIEJSKI
1,0,1,2018,Dobre warunki atmosferyczne,Zderzenie pojazdów tylne,Dobre warunki atmosferyczne,Światło dzienne,Jezdnia,EWK-107135256U,8,2018-07-31,Lekko,20*42'221,51*54'385,50,Obszar zabudowany,Odcinek prosty,Droga krajowa,Jednojezdniowa dwukierunkowa,N,POWIAT GRÓJECKI,PNIEWY - OBSZAR WIEJSKI
1,0,0,2018,Dobre warunki atmosferyczne,Zderzenie pojazdów tylne,Dobre warunki atmosferyczne,Światło dzienne,Jezdnia,EWK-107135256U,8,2018-07-31,Nieokreślone (puste pole),20*42'221,51*54'385,50,Obszar zabudowany,Odcinek prosty,Droga krajowa,Jednojezdniowa dwukierunkowa,N,POWIAT GRÓJECKI,PNIEWY - OBSZAR WIEJSKI
1,0,1,2018,Dobre warunki atmosferyczne,Zderzenie pojazdów tylne,Dobre warunki atmosferyczne,Światło dzienne,Jezdnia,EWK-107139306J,10,2018-08-02,Lekko,21*07'254,51*23'362,12,Obszar zabudowany,,Droga krajowa,Dwie jezdnie jednokierunkowe,N,POWIAT RADOM,RADOM - OBSZAR MIEJSKI
1,0,0,2018,Dobre warunki atmosferyczne,Zderzenie pojazdów tylne,Dobre warunki atmosferyczne,Światło dzienne,Jezdnia,EWK-107139306J,10,2018-08-02,Nieokreślone (puste pole),21*07'254,51*23'362,12,Obszar zabudowany,,Droga krajowa,Dwie jezdnie jednokierunkowe,N,POWIAT RADOM,RADOM - OBSZAR MIEJSKI
1,0,1,2018,Dobre warunki atmosferyczne,Zderzenie pojazdów tylne,Dobre warunki atmosferyczne,Światło dzienne,Jezdnia,EWK-107146842L,11,2018-08-03,Lekko,19*44'501,52*32'166,62,Obszar zabudowany,Odcinek prosty,Droga krajowa,Dwie jezdnie jednokierunkowe,N,POWIAT PŁOCK,PŁOCK - OBSZAR MIEJSKI
1,0,0,2018,Dobre warunki atmosferyczne,Zderzenie pojazdów tylne,Dobre warunki atmosferyczne,Światło dzienne,Jezdnia,EWK-107146842L,11,2018-08-03,Nieokreślone (puste pole),19*44'501,52*32'166,62,Obszar zabudowany,Odcinek prosty,Droga krajowa,Dwie jezdnie jednokierunkowe,N,POWIAT PŁOCK,PŁOCK - OBSZAR MIEJSKI
1,0,1,2018,Dobre warunki atmosferyczne,Zderzenie pojazdów tylne,Dobre warunki atmosferyczne,Światło dzienne,Jezdnia,EWK-107150413E,12,2018-08-04,Lekko,20*21'512,52*05'146,50a,Obszar niezabudowany,Odcinek prosty,Droga krajowa,Jednojezdniowa dwukierunkowa,N,POWIAT ŻYRARDOWSKI,WISKITKI - OBSZAR WIEJSKI
1,0,0,2018,Dobre warunki atmosferyczne,Zderzenie pojazdów tylne,Dobre warunki atmosferyczne,Światło dzienne,Jezdnia,EWK-107150413E,12,2018-08-04,Nieokreślone (puste pole),20*21'512,52*05'146,50a,Obszar niezabudowany,Odcinek prosty,Droga krajowa,Jednojezdniowa dwukierunkowa,N,POWIAT ŻYRARDOWSKI,WISKITKI - OBSZAR WIEJSKI
1,0,1,2018,Dobre warunki atmosferyczne,Zderzenie pojazdów tylne,Dobre warunki atmosferyczne,Światło dzienne,Jezdnia,EWK-107150573F,14,2018-08-04,Ciężko,20*30'413,51*58'241,P4724W,Obszar zabudowany,,Droga powiatowa,Jednojezdniowa dwukierunkowa,N,POWIAT ŻYRARDOWSKI,MSZCZONÓW - OBSZAR MIEJSKI
1,0,0,2018,Dobre warunki atmosferyczne,Zderzenie pojazdów tylne,Dobre warunki atmosferyczne,Światło dzienne,Jezdnia,EWK-107150573F,14,2018-08-04,Nieokreślone (puste pole),20*30'413,51*58'241,P4724W,Obszar zabudowany,,Droga powiatowa,Jednojezdniowa dwukierunkowa,N,POWIAT ŻYRARDOWSKI,MSZCZONÓW - OBSZAR MIEJSKI
1,0,2,2018,Dobre warunki atmosferyczne,Zderzenie pojazdów tylne,Dobre warunki atmosferyczne,Światło dzienne,Jezdnia,EWK-107152959U,19,2018-07-29,Ciężko,21*14'161,51*11'341,9,Obszar zabudowany,Odcinek prosty,Droga krajowa,Jednojezdniowa dwukierunkowa,N,POWIAT RADOMSKI,IŁŻA - OBSZAR WIEJSKI
1,0,0,2018,Dobre warunki atmosferyczne,Zderzenie pojazdów tylne,Dobre warunki atmosferyczne,Światło dzienne,Jezdnia,EWK-107152959U,19,2018-07-29,Nieokreślone (puste pole),21*14'161,51*11'341,9,Obszar zabudowany,Odcinek prosty,Droga krajowa,Jednojezdniowa dwukierunkowa,N,POWIAT RADOMSKI,IŁŻA - OBSZAR WIEJSKI
1,0,1,2018,Dobre warunki atmosferyczne,Zderzenie pojazdów tylne,Dobre warunki atmosferyczne,Światło dzienne,Jezdnia,EWK-107155602R,19,2018-08-06,Lekko,21*20'219,51*47'597,79,Obszar niezabudowany,,Droga krajowa,Jednojezdniowa dwukierunkowa,N,POWIAT KOZIENICKI,MAGNUSZEW - OBSZAR WIEJSKI
1,0,0,2018,Dobre warunki atmosferyczne,Zderzenie pojazdów tylne,Dobre warunki atmosferyczne,Światło dzienne,Jezdnia,EWK-107155602R,19,2018-08-06,Nieokreślone (puste pole),21*20'219,51*47'597,79,Obszar niezabudowany,,Droga krajowa,Jednojezdniowa dwukierunkowa,N,POWIAT KOZIENICKI,MAGNUSZEW - OBSZAR WIEJSKI
1,0,1,2018,Dobre warunki atmosferyczne,Zderzenie pojazdów tylne,Dobre warunki atmosferyczne,Światło dzienne,Jezdnia,EWK-107160566U,9,2018-08-08,Lekko,21*04'493,52*42'092,P3403W,Obszar zabudowany,,Droga powiatowa,Jednojezdniowa dwukierunkowa,N,POWIAT PUŁTUSKI,PUŁTUSK - OBSZAR MIEJSKI
1,0,0,2018,Dobre warunki atmosferyczne,Zderzenie pojazdów tylne,Dobre warunki atmosferyczne,Światło dzienne,Jezdnia,EWK-107160566U,9,2018-08-08,Nieokreślone (puste pole),21*04'493,52*42'092,P3403W,Obszar zabudowany,,Droga powiatowa,Jednojezdniowa dwukierunkowa,N,POWIAT PUŁTUSKI,PUŁTUSK - OBSZAR MIEJSKI
1,1,0,2018,Dobre warunki atmosferyczne,Zderzenie pojazdów tylne,Dobre warunki atmosferyczne,Światło dzienne,Jezdnia,EWK-107166755N,11,2018-08-10,Nieokreślone (puste pole),21*06'557,51*55'518,50,Obszar niezabudowany,Odcinek prosty,Droga krajowa,Jednojezdniowa dwukierunkowa,N,POWIAT GRÓJECKI,CHYNÓW - OBSZAR WIEJSKI
1,0,3,2018,Dobre warunki atmosferyczne,Zderzenie pojazdów tylne,Dobre warunki atmosferyczne,Światło dzienne,Jezdnia,EWK-107171854Q,17,2018-08-11,Lekko,20*20'296,52*04'485,A2,Obszar niezabudowany,Odcinek prosty,Autostrada,Autostrada,N,POWIAT ŻYRARDOWSKI,WISKITKI - OBSZAR WIEJSKI
1,0,0,2018,Dobre warunki atmosferyczne,Zderzenie pojazdów tylne,Dobre warunki atmosferyczne,Światło dzienne,Jezdnia,EWK-107171854Q,17,2018-08-11,Nieokreślone (puste pole),20*20'296,52*04'485,A2,Obszar niezabudowany,Odcinek prosty,Autostrada,Autostrada,N,POWIAT ŻYRARDOWSKI,WISKITKI - OBSZAR WIEJSKI
1,0,1,2018,Dobre warunki atmosferyczne,Zderzenie pojazdów tylne,Dobre warunki atmosferyczne,Światło dzienne,Jezdnia,EWK-107172541G,13,2018-08-12,Lekko,21*21'188,51*47'137,79,Obszar zabudowany,Odcinek prosty,Droga krajowa,Jednojezdniowa dwukierunkowa,N,POWIAT KOZIENICKI,MAGNUSZEW - OBSZAR WIEJSKI
1,0,0,2018,Dobre warunki atmosferyczne,Zderzenie pojazdów tylne,Dobre warunki atmosferyczne,Światło dzienne,Jezdnia,EWK-107172541G,13,2018-08-12,Nieokreślone (puste pole),21*21'188,51*47'137,79,Obszar zabudowany,Odcinek prosty,Droga krajowa,Jednojezdniowa dwukierunkowa,N,POWIAT KOZIENICKI,MAGNUSZEW - OBSZAR WIEJSKI
1,0,1,2018,Dobre warunki atmosferyczne,Zderzenie pojazdów tylne,Dobre warunki atmosferyczne,Światło dzienne,Jezdnia,EWK-107177313M,10,2018-08-10,Lekko,21*26'315,51*40'077,79,Obszar niezabudowany,,Droga krajowa,Jednojezdniowa dwukierunkowa,N,POWIAT KOZIENICKI,KOZIENICE - OBSZAR WIEJSKI
1,0,0,2018,Dobre warunki atmosferyczne,Zderzenie pojazdów tylne,Dobre warunki atmosferyczne,Światło dzienne,Jezdnia,EWK-107177313M,10,2018-08-10,Nieokreślone (puste pole),21*26'315,51*40'077,79,Obszar niezabudowany,,Droga krajowa,Jednojezdniowa dwukierunkowa,N,POWIAT KOZIENICKI,KOZIENICE - OBSZAR WIEJSKI
1,0,1,2018,Dobre warunki atmosferyczne,Zderzenie pojazdów tylne,Dobre warunki atmosferyczne,Światło dzienne,Jezdnia,EWK-107182572W,14,2018-08-14,Lekko,19*33'522,52*38'576,559,Obszar zabudowany,Odcinek prosty,Droga wojewódzka,Jednojezdniowa dwukierunkowa,N,POWIAT PŁOCKI,BRUDZEŃ DUŻY - OBSZAR WIEJSKI
1,0,0,2018,Dobre warunki atmosferyczne,Zderzenie pojazdów tylne,Dobre warunki atmosferyczne,Światło dzienne,Jezdnia,EWK-107182572W,14,2018-08-14,Nieokreślone (puste pole),19*33'522,52*38'576,559,Obszar zabudowany,Odcinek prosty,Droga wojewódzka,Jednojezdniowa dwukierunkowa,N,POWIAT PŁOCKI,BRUDZEŃ DUŻY - OBSZAR WIEJSKI
1,0,1,2018,Dobre warunki atmosferyczne,Zderzenie pojazdów tylne,Dobre warunki atmosferyczne,Światło dzienne,Jezdnia,EWK-107191127R,18,2018-08-16,Lekko,21*55'253,52*43'356,P2657W,Obszar zabudowany,Odcinek prosty,Droga powiatowa,Jednojezdniowa dwukierunkowa,N,POWIAT OSTROWSKI,BROK - OBSZAR WIEJSKI
1,0,0,2018,Dobre warunki atmosferyczne,Zderzenie pojazdów tylne,Dobre warunki atmosferyczne,Światło dzienne,Jezdnia,EWK-107191127R,18,2018-08-16,Nieokreślone (puste pole),21*55'253,52*43'356,P2657W,Obszar zabudowany,Odcinek prosty,Droga powiatowa,Jednojezdniowa dwukierunkowa,N,POWIAT OSTROWSKI,BROK - OBSZAR WIEJSKI
1,0,1,2018,Dobre warunki atmosferyczne,Zderzenie pojazdów tylne,Dobre warunki atmosferyczne,Światło dzienne,Jezdnia,EWK-107193754U,18,2018-08-17,Lekko,21*39'015,53*02'415,627,Obszar zabudowany,Odcinek prosty,Droga wojewódzka,Jednojezdniowa dwukierunkowa,N,POWIAT OSTROŁĘCKI,RZEKUŃ - OBSZAR WIEJSKI
1,0,0,2018,Dobre warunki atmosferyczne,Zderzenie pojazdów tylne,Dobre warunki atmosferyczne,Światło dzienne,Jezdnia,EWK-107193754U,18,2018-08-17,Nieokreślone (puste pole),21*39'015,53*02'415,627,Obszar zabudowany,Odcinek prosty,Droga wojewódzka,Jednojezdniowa dwukierunkowa,N,POWIAT OSTROŁĘCKI,RZEKUŃ - OBSZAR WIEJSKI
1,0,1,2018,Dobre warunki atmosferyczne,Zderzenie pojazdów tylne,Dobre warunki atmosferyczne,Światło dzienne,Jezdnia,EWK-107199164A,13,2018-08-19,Lekko,20*23'061,52*37'556,50,Obszar zabudowany,Odcinek prosty,Droga krajowa,Jednojezdniowa dwukierunkowa,N,POWIAT PŁOŃSKI,PŁOŃSK - OBSZAR WIEJSKI
1,0,0,2018,Dobre warunki atmosferyczne,Zderzenie pojazdów tylne,Dobre warunki atmosferyczne,Światło dzienne,Jezdnia,EWK-107199164A,13,2018-08-19,Nieokreślone (puste pole),20*23'061,52*37'556,50,Obszar zabudowany,Odcinek prosty,Droga krajowa,Jednojezdniowa dwukierunkowa,N,POWIAT PŁOŃSKI,PŁOŃSK - OBSZAR WIEJSKI
1,0,2,2018,Dobre warunki atmosferyczne,Zderzenie pojazdów tylne,Dobre warunki atmosferyczne,Światło dzienne,Jezdnia,EWK-107199471Y,19,2018-08-19,Lekko,19*33'098,52*33'293,62,Obszar zabudowany,Odcinek prosty,Droga krajowa,Jednojezdniowa dwukierunkowa,N,POWIAT PŁOCKI,NOWY DUNINÓW - OBSZAR WIEJSKI
1,0,0,2018,Dobre warunki atmosferyczne,Zderzenie pojazdów tylne,Dobre warunki atmosferyczne,Światło dzienne,Jezdnia,EWK-107199471Y,19,2018-08-19,Nieokreślone (puste pole),19*33'098,52*33'293,62,Obszar zabudowany,Odcinek prosty,Droga krajowa,Jednojezdniowa dwukierunkowa,N,POWIAT PŁOCKI,NOWY DUNINÓW - OBSZAR WIEJSKI
1,0,1,2018,Dobre warunki atmosferyczne,Zderzenie pojazdów tylne,Dobre warunki atmosferyczne,Światło dzienne,Jezdnia,EWK-107202019D,10,2018-08-16,Ciężko,21*08'488,51*24'307,P3508W  ,Obszar zabudowany,Odcinek prosty,Droga powiatowa,Dwie jezdnie jednokierunkowe,N,POWIAT RADOM,RADOM - OBSZAR MIEJSKI
1,0,0,2018,Dobre warunki atmosferyczne,Zderzenie pojazdów tylne,Dobre warunki atmosferyczne,Światło dzienne,Jezdnia,EWK-107202019D,10,2018-08-16,Nieokreślone (puste pole),21*08'488,51*24'307,P3508W  ,Obszar zabudowany,Odcinek prosty,Droga powiatowa,Dwie jezdnie jednokierunkowe,N,POWIAT RADOM,RADOM - OBSZAR MIEJSKI
1,0,1,2018,Dobre warunki atmosferyczne,Zderzenie pojazdów tylne,Dobre warunki atmosferyczne,Światło dzienne,Jezdnia,EWK-107203128D,9,2018-08-20,Lekko,21*45'543,51*29'292,738,Obszar niezabudowany,Odcinek prosty,Droga wojewódzka,Jednojezdniowa dwukierunkowa,N,POWIAT KOZIENICKI,GNIEWOSZÓW - OBSZAR WIEJSKI
1,0,0,2018,Dobre warunki atmosferyczne,Zderzenie pojazdów tylne,Dobre warunki atmosferyczne,Światło dzienne,Jezdnia,EWK-107203128D,9,2018-08-20,Nieokreślone (puste pole),21*45'543,51*29'292,738,Obszar niezabudowany,Odcinek prosty,Droga wojewódzka,Jednojezdniowa dwukierunkowa,N,POWIAT KOZIENICKI,GNIEWOSZÓW - OBSZAR WIEJSKI
1,0,2,2018,Dobre warunki atmosferyczne,Zderzenie pojazdów tylne,Dobre warunki atmosferyczne,Światło dzienne,Jezdnia,EWK-107215012R,12,2018-08-21,Lekko,21*24'175,51*42'111,79,Obszar niezabudowany,Odcinek prosty,Droga krajowa,Jednojezdniowa dwukierunkowa,N,POWIAT KOZIENICKI,MAGNUSZEW - OBSZAR WIEJSKI
1,0,0,2018,Dobre warunki atmosferyczne,Zderzenie pojazdów tylne,Dobre warunki atmosferyczne,Światło dzienne,Jezdnia,EWK-107215012R,12,2018-08-21,Nieokreślone (puste pole),21*24'175,51*42'111,79,Obszar niezabudowany,Odcinek prosty,Droga krajowa,Jednojezdniowa dwukierunkowa,N,POWIAT KOZIENICKI,MAGNUSZEW - OBSZAR WIEJSKI
1,0,1,2018,Dobre warunki atmosferyczne,Zderzenie pojazdów tylne,Dobre warunki atmosferyczne,Światło dzienne,Jezdnia,EWK-107219846F,14,2018-08-20,Lekko,21*09'010,51*25'356,7,Obszar zabudowany,Odcinek prosty,Droga krajowa,Dwie jezdnie jednokierunkowe,N,POWIAT RADOM,RADOM - OBSZAR MIEJSKI
1,0,0,2018,Dobre warunki atmosferyczne,Zderzenie pojazdów tylne,Dobre warunki atmosferyczne,Światło dzienne,Jezdnia,EWK-107219846F,14,2018-08-20,Nieokreślone (puste pole),21*09'010,51*25'356,7,Obszar zabudowany,Odcinek prosty,Droga krajowa,Dwie jezdnie jednokierunkowe,N,POWIAT RADOM,RADOM - OBSZAR MIEJSKI
1,0,1,2018,Dobre warunki atmosferyczne,Zderzenie pojazdów tylne,Dobre warunki atmosferyczne,Światło dzienne,Jezdnia,EWK-107223036J,11,2018-08-23,Ciężko,21*01'186,51*26'049,740,Obszar zabudowany,Odcinek prosty,Droga wojewódzka,Jednojezdniowa dwukierunkowa,N,POWIAT RADOMSKI,ZAKRZEW - OBSZAR WIEJSKI
1,0,0,2018,Dobre warunki atmosferyczne,Zderzenie pojazdów tylne,Dobre warunki atmosferyczne,Światło dzienne,Jezdnia,EWK-107223036J,11,2018-08-23,Nieokreślone (puste pole),21*01'186,51*26'049,740,Obszar zabudowany,Odcinek prosty,Droga wojewódzka,Jednojezdniowa dwukierunkowa,N,POWIAT RADOMSKI,ZAKRZEW - OBSZAR WIEJSKI
1,0,1,2018,Dobre warunki atmosferyczne,Zderzenie pojazdów tylne,Dobre warunki atmosferyczne,Światło dzienne,Jezdnia,EWK-107223385H,15,2018-08-23,Lekko,21*29'483,51*43'495,801,Obszar zabudowany,Odcinek prosty,Droga wojewódzka,Jednojezdniowa dwukierunkowa,N,POWIAT GARWOLIŃSKI,MACIEJOWICE - OBSZAR WIEJSKI
1,0,0,2018,Dobre warunki atmosferyczne,Zderzenie pojazdów tylne,Dobre warunki atmosferyczne,Światło dzienne,Jezdnia,EWK-107223385H,15,2018-08-23,Nieokreślone (puste pole),21*29'483,51*43'495,801,Obszar zabudowany,Odcinek prosty,Droga wojewódzka,Jednojezdniowa dwukierunkowa,N,POWIAT GARWOLIŃSKI,MACIEJOWICE - OBSZAR WIEJSKI
1,0,1,2018,Dobre warunki atmosferyczne,Zderzenie pojazdów tylne,Dobre warunki atmosferyczne,Światło dzienne,Jezdnia,EWK-107225240X,11,2018-08-14,Lekko,22*15'132,52*23'260,63,Obszar zabudowany,Odcinek prosty,Droga krajowa,Jednojezdniowa dwukierunkowa,N,POWIAT SOKOŁOWSKI,SOKOŁÓW PODLASKI - OBSZAR WIEJSKI
1,0,0,2018,Dobre warunki atmosferyczne,Zderzenie pojazdów tylne,Dobre warunki atmosferyczne,Światło dzienne,Jezdnia,EWK-107225240X,11,2018-08-14,Nieokreślone (puste pole),22*15'132,52*23'260,63,Obszar zabudowany,Odcinek prosty,Droga krajowa,Jednojezdniowa dwukierunkowa,N,POWIAT SOKOŁOWSKI,SOKOŁÓW PODLASKI - OBSZAR WIEJSKI
1,0,1,2018,Dobre warunki atmosferyczne,Zderzenie pojazdów tylne,Dobre warunki atmosferyczne,Światło dzienne,Jezdnia,EWK-107237752Q,12,2018-08-28,Lekko,21*08'262,51*24'170,P5305W,Obszar zabudowany,,Droga powiatowa,Jednokierunkowa,N,POWIAT RADOM,RADOM - OBSZAR MIEJSKI
1,0,0,2018,Dobre warunki atmosferyczne,Zderzenie pojazdów tylne,Dobre warunki atmosferyczne,Światło dzienne,Jezdnia,EWK-107237752Q,12,2018-08-28,Nieokreślone (puste pole),21*08'262,51*24'170,P5305W,Obszar zabudowany,,Droga powiatowa,Jednokierunkowa,N,POWIAT RADOM,RADOM - OBSZAR MIEJSKI
1,1,0,2018,Dobre warunki atmosferyczne,Zderzenie pojazdów tylne,Dobre warunki atmosferyczne,Światło dzienne,Jezdnia,EWK-107237811L,16,2018-08-28,Nieokreślone (puste pole),20*13'514,52*14'205,GMINNA,Obszar zabudowany,Odcinek prosty,Droga gminna,Jednojezdniowa dwukierunkowa,N,POWIAT SOCHACZEWSKI,SOCHACZEW - OBSZAR MIEJSKI
1,0,1,2018,Dobre warunki atmosferyczne,Zderzenie pojazdów tylne,Dobre warunki atmosferyczne,Światło dzienne,Jezdnia,EWK-107238033G,15,2018-08-24,Lekko,21*10'406,51*25'021,P5329W,Obszar zabudowany,Odcinek prosty,Droga powiatowa,Jednojezdniowa dwukierunkowa,N,POWIAT RADOM,RADOM - OBSZAR MIEJSKI
1,0,0,2018,Dobre warunki atmosferyczne,Zderzenie pojazdów tylne,Dobre warunki atmosferyczne,Światło dzienne,Jezdnia,EWK-107238033G,15,2018-08-24,Nieokreślone (puste pole),21*10'406,51*25'021,P5329W,Obszar zabudowany,Odcinek prosty,Droga powiatowa,Jednojezdniowa dwukierunkowa,N,POWIAT RADOM,RADOM - OBSZAR MIEJSKI
1,0,2,2018,Dobre warunki atmosferyczne,Zderzenie pojazdów tylne,Dobre warunki atmosferyczne,Światło dzienne,Jezdnia,EWK-107239022T,16,2018-08-28,Lekko,20*54'461,53*15'302,P3211W,Obszar niezabudowany,Odcinek prosty,Droga powiatowa,Jednojezdniowa dwukierunkowa,T,POWIAT PRZASNYSKI,CHORZELE - OBSZAR MIEJSKI
1,0,2,2018,Dobre warunki atmosferyczne,Zderzenie pojazdów tylne,Dobre warunki atmosferyczne,Światło dzienne,Jezdnia,EWK-107247604C,14,2018-08-31,Lekko,22*17'508,52*10'235,P,Obszar zabudowany,Odcinek prosty,Droga powiatowa,Jednojezdniowa dwukierunkowa,N,POWIAT SIEDLCE,SIEDLCE - OBSZAR MIEJSKI
1,0,0,2018,Dobre warunki atmosferyczne,Zderzenie pojazdów tylne,Dobre warunki atmosferyczne,Światło dzienne,Jezdnia,EWK-107247604C,14,2018-08-31,Nieokreślone (puste pole),22*17'508,52*10'235,P,Obszar zabudowany,Odcinek prosty,Droga powiatowa,Jednojezdniowa dwukierunkowa,N,POWIAT SIEDLCE,SIEDLCE - OBSZAR MIEJSKI
1,0,1,2018,Dobre warunki atmosferyczne,Zderzenie pojazdów tylne,Dobre warunki atmosferyczne,Światło dzienne,Jezdnia,EWK-107250562T,17,2018-09-01,Lekko,21*10'384,51*22'481,G530007W,Obszar zabudowany,,Droga gminna,Jednojezdniowa dwukierunkowa,N,POWIAT RADOM,RADOM - OBSZAR MIEJSKI
1,0,0,2018,Dobre warunki atmosferyczne,Zderzenie pojazdów tylne,Dobre warunki atmosferyczne,Światło dzienne,Jezdnia,EWK-107250562T,17,2018-09-01,Nieokreślone (puste pole),21*10'384,51*22'481,G530007W,Obszar zabudowany,,Droga gminna,Jednojezdniowa dwukierunkowa,N,POWIAT RADOM,RADOM - OBSZAR MIEJSKI
1,0,1,2018,Dobre warunki atmosferyczne,Zderzenie pojazdów tylne,Dobre warunki atmosferyczne,Światło dzienne,Jezdnia,EWK-107255970R,15,2018-08-29,Ciężko,21*14'024,51*28'313,9,Obszar niezabudowany,Odcinek prosty,Droga krajowa,Jednojezdniowa dwukierunkowa,N,POWIAT RADOMSKI,IŁŻA - OBSZAR MIEJSKI
1,0,0,2018,Dobre warunki atmosferyczne,Zderzenie pojazdów tylne,Dobre warunki atmosferyczne,Światło dzienne,Jezdnia,EWK-107255970R,15,2018-08-29,Nieokreślone (puste pole),21*14'024,51*28'313,9,Obszar niezabudowany,Odcinek prosty,Droga krajowa,Jednojezdniowa dwukierunkowa,N,POWIAT RADOMSKI,IŁŻA - OBSZAR MIEJSKI
1,0,1,2018,Dobre warunki atmosferyczne,Zderzenie pojazdów tylne,Dobre warunki atmosferyczne,Światło dzienne,Jezdnia,EWK-107257767K,16,2018-09-04,Ciężko,21*51'201,52*39'188,GMINNA,Obszar niezabudowany,Odcinek prosty,Droga gminna,Jednojezdniowa dwukierunkowa,N,POWIAT WĘGROWSKI,SADOWNE - OBSZAR WIEJSKI
1,0,1,2018,Dobre warunki atmosferyczne,Zderzenie pojazdów tylne,Dobre warunki atmosferyczne,Światło dzienne,Jezdnia,EWK-107257767K,16,2018-09-04,Lekko,21*51'201,52*39'188,GMINNA,Obszar niezabudowany,Odcinek prosty,Droga gminna,Jednojezdniowa dwukierunkowa,N,POWIAT WĘGROWSKI,SADOWNE - OBSZAR WIEJSKI
1,0,0,2018,Dobre warunki atmosferyczne,Zderzenie pojazdów tylne,Dobre warunki atmosferyczne,Światło dzienne,Jezdnia,EWK-107257767K,16,2018-09-04,Nieokreślone (puste pole),21*51'201,52*39'188,GMINNA,Obszar niezabudowany,Odcinek prosty,Droga gminna,Jednojezdniowa dwukierunkowa,N,POWIAT WĘGROWSKI,SADOWNE - OBSZAR WIEJSKI
1,0,1,2018,Dobre warunki atmosferyczne,Zderzenie pojazdów tylne,Dobre warunki atmosferyczne,Światło dzienne,Jezdnia,EWK-107258286L,11,2018-09-05,Lekko,21*44'110,51*46'521,17,Obszar niezabudowany,Odcinek prosty,Droga krajowa,Jednojezdniowa dwukierunkowa,T,POWIAT GARWOLIŃSKI,SOBOLEW - OBSZAR WIEJSKI
1,0,0,2018,Dobre warunki atmosferyczne,Zderzenie pojazdów tylne,Dobre warunki atmosferyczne,Światło dzienne,Jezdnia,EWK-107258286L,11,2018-09-05,Nieokreślone (puste pole),21*44'110,51*46'521,17,Obszar niezabudowany,Odcinek prosty,Droga krajowa,Jednojezdniowa dwukierunkowa,T,POWIAT GARWOLIŃSKI,SOBOLEW - OBSZAR WIEJSKI
1,0,2,2018,Dobre warunki atmosferyczne,Zderzenie pojazdów tylne,Dobre warunki atmosferyczne,Światło dzienne,Jezdnia,EWK-107260639A,8,2018-09-06,Lekko,21*34'418,51*41'493,807,Obszar niezabudowany,"Zakręt, łuk",Droga wojewódzka,Jednojezdniowa dwukierunkowa,N,POWIAT GARWOLIŃSKI,MACIEJOWICE - OBSZAR WIEJSKI
1,0,0,2018,Dobre warunki atmosferyczne,Zderzenie pojazdów tylne,Dobre warunki atmosferyczne,Światło dzienne,Jezdnia,EWK-107260639A,8,2018-09-06,Nieokreślone (puste pole),21*34'418,51*41'493,807,Obszar niezabudowany,"Zakręt, łuk",Droga wojewódzka,Jednojezdniowa dwukierunkowa,N,POWIAT GARWOLIŃSKI,MACIEJOWICE - OBSZAR WIEJSKI