Liczba wypadków,Liczba zabitych,Liczba rannych,Rok,Warunki atmosferyczne,Rodzaj zdarzenia,Warunki atmosferyczne,Oświetlenie,Charakterystyka miejsca zdarzenia,IDKSIP zdarzenia,Godzina,Dzień,Ranny,GPS x,GPS y,Numer drogi,Obszar,Geometria drogi,Kategoria drogi 1,Rodzaj drogi,Czy w zdarzeniu był sprawca nietrzeźwy,Powiat,Gmina
1,0,1,2018,"Mgła, dym",Najechanie na zwierzę,"Mgła, dym",Noc - droga oświetlona,Jezdnia,EWK-107199483M,21,2018-08-19,Lekko,21*04'368,52*38'238,P3408W,Obszar zabudowany,Odcinek prosty,Droga powiatowa,Jednojezdniowa dwukierunkowa,N,POWIAT PUŁTUSKI,POKRZYWNICA - OBSZAR WIEJSKI
1,0,0,2018,"Mgła, dym",Najechanie na zwierzę,"Mgła, dym",Noc - droga oświetlona,Jezdnia,EWK-107199483M,21,2018-08-19,Nieokreślone (puste pole),21*04'368,52*38'238,P3408W,Obszar zabudowany,Odcinek prosty,Droga powiatowa,Jednojezdniowa dwukierunkowa,N,POWIAT PUŁTUSKI,POKRZYWNICA - OBSZAR WIEJSKI
1,0,1,2018,"Mgła, dym",Wywrócenie się pojazdu,"Mgła, dym",Noc - droga nieoświetlona,Jezdnia,EWK-106657031W,6,2018-01-02,Lekko,21*26'359,51*01'438,P0244T,Obszar niezabudowany,"Zakręt, łuk",Droga powiatowa,Jednojezdniowa dwukierunkowa,N,POWIAT LIPSKI,SIENNO - OBSZAR WIEJSKI
1,0,1,2018,"Mgła, dym",Wywrócenie się pojazdu,"Mgła, dym",Noc - droga nieoświetlona,Jezdnia,EWK-107389381R,6,2018-10-19,Lekko,22*12'456,52*05'563,,Obszar niezabudowany,Odcinek prosty,Nieokreślone (puste pole),Jednojezdniowa dwukierunkowa,N,POWIAT SIEDLECKI,WIŚNIEW - OBSZAR WIEJSKI
1,1,0,2018,"Mgła, dym",Wywrócenie się pojazdu,"Mgła, dym",Noc - droga nieoświetlona,Jezdnia,EWK-107461064X,18,2018-11-25,Nieokreślone (puste pole),22*46'379,52*11'459,698,Obszar zabudowany,"Zakręt, łuk",Droga wojewódzka,Jednojezdniowa dwukierunkowa,T,POWIAT ŁOSICKI,ŁOSICE - OBSZAR WIEJSKI
1,0,1,2018,"Mgła, dym",Wywrócenie się pojazdu,"Mgła, dym",Noc - droga oświetlona,Jezdnia,EWK-107392834E,5,2018-10-21,Lekko,22*04'533,52*27'506,P4232W,Obszar zabudowany,Odcinek prosty,Droga powiatowa,Jednojezdniowa dwukierunkowa,N,POWIAT WĘGROWSKI,MIEDZNA - OBSZAR WIEJSKI
1,0,1,2018,"Mgła, dym",Zderzenie pojazdów boczne,"Mgła, dym",Noc - droga nieoświetlona,Jezdnia,EWK-107459413H,23,2018-11-24,Ciężko,19*53'001,52*47'203,10,Obszar niezabudowany,Odcinek prosty,Droga krajowa,Jednojezdniowa dwukierunkowa,N,POWIAT SIERPECKI,ZAWIDZ - OBSZAR WIEJSKI
1,0,1,2018,"Mgła, dym",Zderzenie pojazdów boczne,"Mgła, dym",Noc - droga nieoświetlona,Jezdnia,EWK-107459413H,23,2018-11-24,Lekko,19*53'001,52*47'203,10,Obszar niezabudowany,Odcinek prosty,Droga krajowa,Jednojezdniowa dwukierunkowa,N,POWIAT SIERPECKI,ZAWIDZ - OBSZAR WIEJSKI
1,0,0,2018,"Mgła, dym",Zderzenie pojazdów boczne,"Mgła, dym",Noc - droga nieoświetlona,Jezdnia,EWK-107459413H,23,2018-11-24,Nieokreślone (puste pole),19*53'001,52*47'203,10,Obszar niezabudowany,Odcinek prosty,Droga krajowa,Jednojezdniowa dwukierunkowa,N,POWIAT SIERPECKI,ZAWIDZ - OBSZAR WIEJSKI
1,0,1,2018,"Mgła, dym",Zderzenie pojazdów boczne,"Mgła, dym",Noc - droga nieoświetlona,"Wjazd, wyjazd z posesji, pola",EWK-107435140Q,18,2018-11-09,Lekko,21*07'481,52*51'581,60,Obszar niezabudowany,Odcinek prosty,Droga krajowa,Jednojezdniowa dwukierunkowa,N,POWIAT MAKOWSKI,SZELKÓW - OBSZAR WIEJSKI
1,0,0,2018,"Mgła, dym",Zderzenie pojazdów boczne,"Mgła, dym",Noc - droga nieoświetlona,"Wjazd, wyjazd z posesji, pola",EWK-107435140Q,18,2018-11-09,Nieokreślone (puste pole),21*07'481,52*51'581,60,Obszar niezabudowany,Odcinek prosty,Droga krajowa,Jednojezdniowa dwukierunkowa,N,POWIAT MAKOWSKI,SZELKÓW - OBSZAR WIEJSKI
1,0,2,2018,"Mgła, dym",Zderzenie pojazdów boczne,"Mgła, dym",Noc - droga oświetlona,Jezdnia,EWK-107433706R,18,2018-11-08,Lekko,21*41'343,51*55'438,76,Obszar zabudowany,Odcinek prosty,Droga krajowa,Jednojezdniowa dwukierunkowa,N,POWIAT GARWOLIŃSKI,BOROWIE - OBSZAR WIEJSKI
1,0,0,2018,"Mgła, dym",Zderzenie pojazdów boczne,"Mgła, dym",Noc - droga oświetlona,Jezdnia,EWK-107433706R,18,2018-11-08,Nieokreślone (puste pole),21*41'343,51*55'438,76,Obszar zabudowany,Odcinek prosty,Droga krajowa,Jednojezdniowa dwukierunkowa,N,POWIAT GARWOLIŃSKI,BOROWIE - OBSZAR WIEJSKI
1,1,0,2018,"Mgła, dym",Zderzenie pojazdów boczne,"Mgła, dym",Światło dzienne,Jezdnia,EWK-107432748H,7,2018-11-08,Nieokreślone (puste pole),21*16'399,52*59'039,626,Obszar niezabudowany,,Droga wojewódzka,Jednojezdniowa dwukierunkowa,N,POWIAT MAKOWSKI,SYPNIEWO - OBSZAR WIEJSKI
1,1,0,2018,"Mgła, dym",Zderzenie pojazdów boczne,"Mgła, dym","Świt, zmrok",Jezdnia,EWK-107389862J,6,2018-10-19,Nieokreślone (puste pole),20*52'034,53*09'491,57,Obszar niezabudowany,Odcinek prosty,Droga krajowa,Jednojezdniowa dwukierunkowa,N,POWIAT PRZASNYSKI,KRZYNOWŁOGA MAŁA - OBSZAR WIEJSKI
1,0,3,2018,"Mgła, dym",Zderzenie pojazdów czołowe,"Mgła, dym",Noc - droga oświetlona,Jezdnia,EWK-107468122X,20,2018-11-25,Lekko,22*17'382,52*04'187,63,Obszar zabudowany,Odcinek prosty,Droga krajowa,Jednojezdniowa dwukierunkowa,N,POWIAT SIEDLECKI,WIŚNIEW - OBSZAR WIEJSKI
1,0,2,2018,"Mgła, dym",Zderzenie pojazdów czołowe,"Mgła, dym",Światło dzienne,Jezdnia,EWK-106664791G,8,2018-01-09,Lekko,22*17'348,52*03'131,63,Obszar niezabudowany,Odcinek prosty,Droga krajowa,Jednojezdniowa dwukierunkowa,N,POWIAT SIEDLECKI,WIŚNIEW - OBSZAR WIEJSKI
1,0,0,2018,"Mgła, dym",Zderzenie pojazdów czołowe,"Mgła, dym",Światło dzienne,Jezdnia,EWK-106664791G,8,2018-01-09,Nieokreślone (puste pole),22*17'348,52*03'131,63,Obszar niezabudowany,Odcinek prosty,Droga krajowa,Jednojezdniowa dwukierunkowa,N,POWIAT SIEDLECKI,WIŚNIEW - OBSZAR WIEJSKI
1,1,0,2018,"Mgła, dym",Zderzenie pojazdów czołowe,"Mgła, dym",Światło dzienne,Jezdnia,EWK-107269803K,5,2018-09-10,Nieokreślone (puste pole),21*25'543,51*30'218,737,Obszar niezabudowany,Odcinek prosty,Droga wojewódzka,Jednojezdniowa dwukierunkowa,N,POWIAT RADOMSKI,PIONKI - OBSZAR WIEJSKI
1,0,1,2018,"Mgła, dym",Zderzenie pojazdów czołowe,"Mgła, dym","Świt, zmrok",Jezdnia,EWK-107134264J,5,2018-07-31,Ciężko,21*11'165,51*26'170,P1715W,Obszar niezabudowany,Odcinek prosty,Droga powiatowa,Jednojezdniowa dwukierunkowa,N,POWIAT RADOM,RADOM - OBSZAR MIEJSKI
1,0,1,2018,"Mgła, dym",Zderzenie pojazdów czołowe,"Mgła, dym","Świt, zmrok",Jezdnia,EWK-107134264J,5,2018-07-31,Lekko,21*11'165,51*26'170,P1715W,Obszar niezabudowany,Odcinek prosty,Droga powiatowa,Jednojezdniowa dwukierunkowa,N,POWIAT RADOM,RADOM - OBSZAR MIEJSKI
1,0,1,2018,"Mgła, dym",Zderzenie pojazdów tylne,"Mgła, dym",Noc - droga oświetlona,Jezdnia,EWK-106783715G,18,2018-03-07,Lekko,21*51'564,52*53'127,677,Obszar niezabudowany,Odcinek prosty,Droga wojewódzka,Jednojezdniowa dwukierunkowa,N,POWIAT OSTROWSKI,STARY LUBOTYŃ - OBSZAR WIEJSKI
1,0,0,2018,"Mgła, dym",Zderzenie pojazdów tylne,"Mgła, dym",Noc - droga oświetlona,Jezdnia,EWK-106783715G,18,2018-03-07,Nieokreślone (puste pole),21*51'564,52*53'127,677,Obszar niezabudowany,Odcinek prosty,Droga wojewódzka,Jednojezdniowa dwukierunkowa,N,POWIAT OSTROWSKI,STARY LUBOTYŃ - OBSZAR WIEJSKI
1,0,1,2018,"Mgła, dym",Zderzenie pojazdów tylne,"Mgła, dym",Światło dzienne,Jezdnia,EWK-106652214C,8,2018-01-02,Lekko,21*37'295,51*21'383,12,Obszar niezabudowany,Odcinek prosty,Droga krajowa,Jednojezdniowa dwukierunkowa,N,POWIAT ZWOLEŃSKI,ZWOLEŃ - OBSZAR WIEJSKI
1,0,0,2018,"Mgła, dym",Zderzenie pojazdów tylne,"Mgła, dym",Światło dzienne,Jezdnia,EWK-106652214C,8,2018-01-02,Nieokreślone (puste pole),21*37'295,51*21'383,12,Obszar niezabudowany,Odcinek prosty,Droga krajowa,Jednojezdniowa dwukierunkowa,N,POWIAT ZWOLEŃSKI,ZWOLEŃ - OBSZAR WIEJSKI
1,0,1,2018,"Mgła, dym",Zderzenie pojazdów tylne,"Mgła, dym",Światło dzienne,Jezdnia,EWK-107398204F,7,2018-10-22,Lekko,20*52'476,51*51'515,P1656W,Obszar zabudowany,Odcinek prosty,Droga powiatowa,Jednojezdniowa dwukierunkowa,N,POWIAT GRÓJECKI,GRÓJEC - OBSZAR MIEJSKI
1,0,0,2018,"Mgła, dym",Zderzenie pojazdów tylne,"Mgła, dym",Światło dzienne,Jezdnia,EWK-107398204F,7,2018-10-22,Nieokreślone (puste pole),20*52'476,51*51'515,P1656W,Obszar zabudowany,Odcinek prosty,Droga powiatowa,Jednojezdniowa dwukierunkowa,N,POWIAT GRÓJECKI,GRÓJEC - OBSZAR MIEJSKI
1,0,1,2018,Opady deszczu,Inne,Opady deszczu,Noc - droga nieoświetlona,Jezdnia,EWK-107265814A,1,2018-09-08,Ciężko,20*51'140,51*46'383,P1638W,Obszar zabudowany,Odcinek prosty,Droga powiatowa,Jednojezdniowa dwukierunkowa,N,POWIAT GRÓJECKI,BELSK DUŻY - OBSZAR WIEJSKI
1,0,0,2018,Opady deszczu,Inne,Opady deszczu,Noc - droga nieoświetlona,Jezdnia,EWK-107265814A,1,2018-09-08,Nieokreślone (puste pole),20*51'140,51*46'383,P1638W,Obszar zabudowany,Odcinek prosty,Droga powiatowa,Jednojezdniowa dwukierunkowa,N,POWIAT GRÓJECKI,BELSK DUŻY - OBSZAR WIEJSKI
1,0,1,2018,Opady deszczu,Inne,Opady deszczu,Noc - droga nieoświetlona,Jezdnia,EWK-107476420C,21,2018-12-03,Lekko,21*49'284,51*42'029,17,Obszar niezabudowany,"Zakręt, łuk",Droga krajowa,Jednojezdniowa dwukierunkowa,N,POWIAT GARWOLIŃSKI,TROJANÓW - OBSZAR WIEJSKI
1,0,0,2018,Opady deszczu,Inne,Opady deszczu,Noc - droga nieoświetlona,Jezdnia,EWK-107476420C,21,2018-12-03,Nieokreślone (puste pole),21*49'284,51*42'029,17,Obszar niezabudowany,"Zakręt, łuk",Droga krajowa,Jednojezdniowa dwukierunkowa,N,POWIAT GARWOLIŃSKI,TROJANÓW - OBSZAR WIEJSKI
1,0,1,2018,Opady deszczu,Inne,Opady deszczu,Noc - droga oświetlona,Jezdnia,EWK-106983413N,22,2018-05-21,Ciężko,21*34'044,53*04'484,P5107W,Obszar zabudowany,,Droga powiatowa,Jednojezdniowa dwukierunkowa,N,POWIAT OSTROŁĘKA,OSTROŁĘKA - OBSZAR MIEJSKI
1,0,0,2018,Opady deszczu,Inne,Opady deszczu,Noc - droga oświetlona,Jezdnia,EWK-106983413N,22,2018-05-21,Nieokreślone (puste pole),21*34'044,53*04'484,P5107W,Obszar zabudowany,,Droga powiatowa,Jednojezdniowa dwukierunkowa,N,POWIAT OSTROŁĘKA,OSTROŁĘKA - OBSZAR MIEJSKI
1,0,2,2018,Opady deszczu,Inne,Opady deszczu,Światło dzienne,Jezdnia,EWK-107005069Y,8,2018-06-12,Lekko,21*12'127,51*18'572,P3540W,Obszar zabudowany,Odcinek prosty,Droga powiatowa,Jednojezdniowa dwukierunkowa,N,POWIAT RADOMSKI,SKARYSZEW - OBSZAR WIEJSKI
1,0,0,2018,Opady deszczu,Inne,Opady deszczu,Światło dzienne,Jezdnia,EWK-107005069Y,8,2018-06-12,Nieokreślone (puste pole),21*12'127,51*18'572,P3540W,Obszar zabudowany,Odcinek prosty,Droga powiatowa,Jednojezdniowa dwukierunkowa,N,POWIAT RADOMSKI,SKARYSZEW - OBSZAR WIEJSKI
1,0,1,2018,Opady deszczu,Inne,Opady deszczu,Światło dzienne,"Skarpa, rów",EWK-107002797M,11,2018-06-12,Lekko,21*03'143,51*19'055,P4010W,Obszar zabudowany,,Droga powiatowa,Jednojezdniowa dwukierunkowa,N,POWIAT RADOMSKI,KOWALA - OBSZAR WIEJSKI
1,0,1,2018,Opady deszczu,Inne,Opady deszczu,Światło dzienne,"Skarpa, rów",EWK-107098294P,17,2018-07-11,Lekko,21*37'292,51*19'201,GMINNA,Obszar niezabudowany,"Zakręt, łuk",Droga gminna,Jednojezdniowa dwukierunkowa,N,POWIAT ZWOLEŃSKI,ZWOLEŃ - OBSZAR WIEJSKI
1,0,1,2018,Opady deszczu,Inne,Opady deszczu,Światło dzienne,"Skarpa, rów",EWK-107408128J,9,2018-10-28,Ciężko,21*04'125,51*25'156,740,Obszar zabudowany,"Zakręt, łuk",Droga wojewódzka,Jednojezdniowa dwukierunkowa,N,POWIAT RADOMSKI,ZAKRZEW - OBSZAR WIEJSKI
1,0,3,2018,Opady deszczu,Inne,Opady deszczu,Światło dzienne,"Skarpa, rów",EWK-107408128J,9,2018-10-28,Lekko,21*04'125,51*25'156,740,Obszar zabudowany,"Zakręt, łuk",Droga wojewódzka,Jednojezdniowa dwukierunkowa,N,POWIAT RADOMSKI,ZAKRZEW - OBSZAR WIEJSKI
1,0,1,2018,Opady deszczu,Inne,Opady deszczu,"Świt, zmrok",Jezdnia,EWK-106865370F,18,2018-04-01,Ciężko,20*55'093,52*57'157,P3238W  ,Obszar niezabudowany,Odcinek prosty,Droga powiatowa,Jednojezdniowa dwukierunkowa,N,POWIAT PRZASNYSKI,PRZASNYSZ - OBSZAR WIEJSKI
1,0,1,2018,Opady deszczu,Inne,Opady deszczu,"Świt, zmrok",Pobocze,EWK-106958044R,5,2018-05-18,Lekko,22*52'171,52*18'364,19,Obszar niezabudowany,"Zakręt, łuk",Droga krajowa,Jednojezdniowa dwukierunkowa,N,POWIAT ŁOSICKI,SARNAKI - OBSZAR WIEJSKI
1,0,0,2018,Opady deszczu,Inne,Opady deszczu,"Świt, zmrok",Pobocze,EWK-106958044R,5,2018-05-18,Nieokreślone (puste pole),22*52'171,52*18'364,19,Obszar niezabudowany,"Zakręt, łuk",Droga krajowa,Jednojezdniowa dwukierunkowa,N,POWIAT ŁOSICKI,SARNAKI - OBSZAR WIEJSKI
1,0,2,2018,Opady deszczu,Najechanie na barierę ochronną,Opady deszczu,Noc - droga oświetlona,Jezdnia,EWK-107542064A,19,2018-12-28,Lekko,22*17'225,52*09'062,GMINNA,Obszar zabudowany,"Zakręt, łuk",Droga gminna,Jednojezdniowa dwukierunkowa,N,POWIAT SIEDLCE,SIEDLCE - OBSZAR MIEJSKI
1,0,0,2018,Opady deszczu,Najechanie na barierę ochronną,Opady deszczu,Noc - droga oświetlona,Jezdnia,EWK-107542064A,19,2018-12-28,Nieokreślone (puste pole),22*17'225,52*09'062,GMINNA,Obszar zabudowany,"Zakręt, łuk",Droga gminna,Jednojezdniowa dwukierunkowa,N,POWIAT SIEDLCE,SIEDLCE - OBSZAR MIEJSKI
1,0,1,2018,Opady deszczu,Najechanie na barierę ochronną,Opady deszczu,Światło dzienne,"Chodnik, droga dla pieszych",EWK-107410949Q,9,2018-10-28,Lekko,20*43'104,51*21'474,12,Obszar zabudowany,"Zakręt, łuk",Droga krajowa,Jednojezdniowa dwukierunkowa,N,POWIAT PRZYSUSKI,WIENIAWA - OBSZAR WIEJSKI
1,0,0,2018,Opady deszczu,Najechanie na barierę ochronną,Opady deszczu,Światło dzienne,"Chodnik, droga dla pieszych",EWK-107410949Q,9,2018-10-28,Nieokreślone (puste pole),20*43'104,51*21'474,12,Obszar zabudowany,"Zakręt, łuk",Droga krajowa,Jednojezdniowa dwukierunkowa,N,POWIAT PRZYSUSKI,WIENIAWA - OBSZAR WIEJSKI
1,1,0,2018,Opady deszczu,Najechanie na drzewo,Opady deszczu,Noc - droga nieoświetlona,Jezdnia,EWK-106905515P,20,2018-04-23,Nieokreślone (puste pole),21*01'105,52*55'315,57,Obszar zabudowany,Odcinek prosty,Droga krajowa,Jednojezdniowa dwukierunkowa,N,POWIAT MAKOWSKI,PŁONIAWY-BRAMURA - OBSZAR WIEJSKI
1,0,2,2018,Opady deszczu,Najechanie na drzewo,Opady deszczu,Noc - droga nieoświetlona,Pobocze,EWK-106704078N,16,2018-01-29,Lekko,22*39'087,52*07'237,P2050W,Obszar niezabudowany,Odcinek prosty,Droga powiatowa,Jednojezdniowa dwukierunkowa,T,POWIAT ŁOSICKI,OLSZANKA - OBSZAR WIEJSKI
1,0,1,2018,Opady deszczu,Najechanie na drzewo,Opady deszczu,Noc - droga nieoświetlona,Pobocze,EWK-107169685T,1,2018-08-11,Lekko,19*37'562,52*28'485,60,Obszar niezabudowany,Odcinek prosty,Droga krajowa,Jednojezdniowa dwukierunkowa,N,POWIAT PŁOCKI,ŁĄCK - OBSZAR WIEJSKI
1,0,1,2018,Opady deszczu,Najechanie na drzewo,Opady deszczu,Noc - droga nieoświetlona,Pobocze,EWK-107476218E,22,2018-12-02,Ciężko,21*26'383,52*53'071,60,Obszar niezabudowany,"Zakręt, łuk",Droga krajowa,Jednojezdniowa dwukierunkowa,N,POWIAT OSTROŁĘCKI,GOWOROWO - OBSZAR WIEJSKI
1,1,0,2018,Opady deszczu,Najechanie na drzewo,Opady deszczu,Noc - droga nieoświetlona,Pobocze,EWK-107476428E,22,2018-12-03,Nieokreślone (puste pole),19*59'061,52*44'424,P2994W,Obszar niezabudowany,Odcinek prosty,Droga powiatowa,Jednojezdniowa dwukierunkowa,T,POWIAT PŁOCKI,DROBIN - OBSZAR WIEJSKI
1,1,0,2018,Opady deszczu,Najechanie na drzewo,Opady deszczu,Noc - droga nieoświetlona,"Skarpa, rów",EWK-106709929E,21,2018-02-01,Nieokreślone (puste pole),22*44'240,52*12'358,698,Obszar niezabudowany,"Zakręt, łuk",Droga wojewódzka,Jednojezdniowa dwukierunkowa,N,POWIAT ŁOSICKI,ŁOSICE - OBSZAR WIEJSKI
1,0,2,2018,Opady deszczu,Najechanie na drzewo,Opady deszczu,Noc - droga oświetlona,Jezdnia,EWK-107131437J,1,2018-07-30,Ciężko,20*53'188,51*51'476,P1656W,Obszar zabudowany,Odcinek prosty,Droga powiatowa,Jednojezdniowa dwukierunkowa,T,POWIAT GRÓJECKI,GRÓJEC - OBSZAR MIEJSKI
1,1,0,2018,Opady deszczu,Najechanie na drzewo,Opady deszczu,Noc - droga oświetlona,Jezdnia,EWK-107131437J,1,2018-07-30,Nieokreślone (puste pole),20*53'188,51*51'476,P1656W,Obszar zabudowany,Odcinek prosty,Droga powiatowa,Jednojezdniowa dwukierunkowa,T,POWIAT GRÓJECKI,GRÓJEC - OBSZAR MIEJSKI
1,0,2,2018,Opady deszczu,Najechanie na drzewo,Opady deszczu,Noc - droga oświetlona,Jezdnia,EWK-107392086P,23,2018-10-20,Ciężko,21*07'254,51*22'080,744,Obszar zabudowany,Odcinek prosty,Droga wojewódzka,Jednojezdniowa dwukierunkowa,N,POWIAT RADOM,RADOM - OBSZAR MIEJSKI
1,0,0,2018,Opady deszczu,Najechanie na drzewo,Opady deszczu,Noc - droga oświetlona,Jezdnia,EWK-107392086P,23,2018-10-20,Nieokreślone (puste pole),21*07'254,51*22'080,744,Obszar zabudowany,Odcinek prosty,Droga wojewódzka,Jednojezdniowa dwukierunkowa,N,POWIAT RADOM,RADOM - OBSZAR MIEJSKI
1,0,2,2018,Opady deszczu,Najechanie na drzewo,Opady deszczu,Noc - droga oświetlona,Jezdnia,EWK-107474013R,19,2018-12-02,Lekko,20*27'210,52*13'292,GMINNA,Obszar niezabudowany,Odcinek prosty,Droga gminna,Jednojezdniowa dwukierunkowa,N,POWIAT SOCHACZEWSKI,TERESIN - OBSZAR WIEJSKI
1,0,0,2018,Opady deszczu,Najechanie na drzewo,Opady deszczu,Noc - droga oświetlona,Jezdnia,EWK-107474013R,19,2018-12-02,Nieokreślone (puste pole),20*27'210,52*13'292,GMINNA,Obszar niezabudowany,Odcinek prosty,Droga gminna,Jednojezdniowa dwukierunkowa,N,POWIAT SOCHACZEWSKI,TERESIN - OBSZAR WIEJSKI
1,0,2,2018,Opady deszczu,Najechanie na drzewo,Opady deszczu,Noc - droga oświetlona,Jezdnia,EWK-107485444U,23,2018-12-07,Ciężko,20*37'048,52*52'269,G121139W,Obszar zabudowany,Odcinek prosty,Droga gminna,Jednojezdniowa dwukierunkowa,N,POWIAT CIECHANOWSKI,CIECHANÓW - OBSZAR MIEJSKI
1,0,0,2018,Opady deszczu,Najechanie na drzewo,Opady deszczu,Noc - droga oświetlona,Jezdnia,EWK-107485444U,23,2018-12-07,Nieokreślone (puste pole),20*37'048,52*52'269,G121139W,Obszar zabudowany,Odcinek prosty,Droga gminna,Jednojezdniowa dwukierunkowa,N,POWIAT CIECHANOWSKI,CIECHANÓW - OBSZAR MIEJSKI
1,0,1,2018,Opady deszczu,Najechanie na drzewo,Opady deszczu,Światło dzienne,Jezdnia,EWK-107108295P,16,2018-07-16,Ciężko,19*39'257,52*52'463,560,Obszar niezabudowany,Odcinek prosty,Droga wojewódzka,Jednojezdniowa dwukierunkowa,T,POWIAT SIERPECKI,SIERPC - OBSZAR MIEJSKI
1,0,0,2018,Opady deszczu,Najechanie na drzewo,Opady deszczu,Światło dzienne,Jezdnia,EWK-107108295P,16,2018-07-16,Nieokreślone (puste pole),19*39'257,52*52'463,560,Obszar niezabudowany,Odcinek prosty,Droga wojewódzka,Jednojezdniowa dwukierunkowa,T,POWIAT SIERPECKI,SIERPC - OBSZAR MIEJSKI
1,0,1,2018,Opady deszczu,Najechanie na drzewo,Opady deszczu,Światło dzienne,Pobocze,EWK-106951989Y,17,2018-05-17,Lekko,19*41'319,52*32'227,P5219W,Obszar zabudowany,"Zakręt, łuk",Droga powiatowa,Jednokierunkowa,N,POWIAT PŁOCK,PŁOCK - OBSZAR MIEJSKI
1,0,1,2018,Opady deszczu,Najechanie na drzewo,Opady deszczu,Światło dzienne,Pobocze,EWK-107459586P,10,2018-11-25,Lekko,19*33'571,52*27'159,60,Obszar niezabudowany,Odcinek prosty,Droga krajowa,Jednojezdniowa dwukierunkowa,N,POWIAT PŁOCKI,ŁĄCK - OBSZAR WIEJSKI
1,0,0,2018,Opady deszczu,Najechanie na drzewo,Opady deszczu,Światło dzienne,Pobocze,EWK-107459586P,10,2018-11-25,Nieokreślone (puste pole),19*33'571,52*27'159,60,Obszar niezabudowany,Odcinek prosty,Droga krajowa,Jednojezdniowa dwukierunkowa,N,POWIAT PŁOCKI,ŁĄCK - OBSZAR WIEJSKI
1,0,1,2018,Opady deszczu,Najechanie na drzewo,Opady deszczu,Światło dzienne,Pobocze,EWK-107484834P,15,2018-12-07,Lekko,20*26'297,52*00'162,P4716W,Obszar niezabudowany,Odcinek prosty,Droga powiatowa,Jednojezdniowa dwukierunkowa,T,POWIAT ŻYRARDOWSKI,MSZCZONÓW - OBSZAR WIEJSKI
1,1,0,2018,Opady deszczu,Najechanie na drzewo,Opady deszczu,Światło dzienne,"Skarpa, rów",EWK-107055276F,7,2018-06-24,Nieokreślone (puste pole),20*20'307,52*24'082,62,Obszar niezabudowany,"Zakręt, łuk",Droga krajowa,Jednojezdniowa dwukierunkowa,N,POWIAT PŁOŃSKI,CZERWIŃSK NAD WISŁĄ - OBSZAR WIEJSKI
1,0,1,2018,Opady deszczu,Najechanie na drzewo,Opady deszczu,Światło dzienne,"Skarpa, rów",EWK-107070985W,5,2018-06-28,Ciężko,20*33'015,51*56'211,P4726W,Obszar niezabudowany,"Zakręt, łuk",Droga powiatowa,Jednojezdniowa dwukierunkowa,N,POWIAT ŻYRARDOWSKI,MSZCZONÓW - OBSZAR WIEJSKI
1,0,2,2018,Opady deszczu,Najechanie na drzewo,Opady deszczu,Światło dzienne,"Skarpa, rów",EWK-107147204N,14,2018-08-03,Lekko,21*08'100,53*04'137,3234W,Obszar niezabudowany,Odcinek prosty,Droga powiatowa,Jednojezdniowa dwukierunkowa,N,POWIAT MAKOWSKI,KRASNOSIELC - OBSZAR WIEJSKI
1,0,1,2018,Opady deszczu,Najechanie na drzewo,Opady deszczu,"Świt, zmrok",Jezdnia,EWK-106703188N,16,2018-01-29,Ciężko,19*31'455,52*46'403,P,Obszar niezabudowany,Odcinek prosty,Droga powiatowa,Jednojezdniowa dwukierunkowa,N,POWIAT SIERPECKI,MOCHOWO - OBSZAR WIEJSKI
1,0,1,2018,Opady deszczu,Najechanie na drzewo,Opady deszczu,"Świt, zmrok","Skarpa, rów",EWK-107422101D,16,2018-11-03,Ciężko,20*35'475,52*02'550,W579,Obszar niezabudowany,Odcinek prosty,Droga wojewódzka,Jednojezdniowa dwukierunkowa,N,POWIAT ŻYRARDOWSKI,RADZIEJOWICE - OBSZAR WIEJSKI
1,2,0,2018,Opady deszczu,Najechanie na drzewo,Opady deszczu,"Świt, zmrok","Skarpa, rów",EWK-107422101D,16,2018-11-03,Nieokreślone (puste pole),20*35'475,52*02'550,W579,Obszar niezabudowany,Odcinek prosty,Droga wojewódzka,Jednojezdniowa dwukierunkowa,N,POWIAT ŻYRARDOWSKI,RADZIEJOWICE - OBSZAR WIEJSKI
1,0,1,2018,Opady deszczu,Najechanie na pieszego,Opady deszczu,Noc - droga nieoświetlona,Jezdnia,EWK-106788083X,19,2018-03-09,Lekko,21*30'124,53*02'023,61,Obszar zabudowany,Odcinek prosty,Droga krajowa,Jednojezdniowa dwukierunkowa,N,POWIAT OSTROŁĘCKI,OLSZEWO-BORKI - OBSZAR WIEJSKI
1,1,0,2018,Opady deszczu,Najechanie na pieszego,Opady deszczu,Noc - droga nieoświetlona,Jezdnia,EWK-106788083X,19,2018-03-09,Nieokreślone (puste pole),21*30'124,53*02'023,61,Obszar zabudowany,Odcinek prosty,Droga krajowa,Jednojezdniowa dwukierunkowa,N,POWIAT OSTROŁĘCKI,OLSZEWO-BORKI - OBSZAR WIEJSKI
1,0,1,2018,Opady deszczu,Najechanie na pieszego,Opady deszczu,Noc - droga nieoświetlona,Jezdnia,EWK-106865033M,23,2018-03-31,Lekko,21*57'328,52*00'021,,Obszar zabudowany,Odcinek prosty,Nieokreślone (puste pole),Jednojezdniowa dwukierunkowa,T,POWIAT SIEDLECKI,WODYNIE - OBSZAR WIEJSKI
1,0,0,2018,Opady deszczu,Najechanie na pieszego,Opady deszczu,Noc - droga nieoświetlona,Jezdnia,EWK-106865033M,23,2018-03-31,Nieokreślone (puste pole),21*57'328,52*00'021,,Obszar zabudowany,Odcinek prosty,Nieokreślone (puste pole),Jednojezdniowa dwukierunkowa,T,POWIAT SIEDLECKI,WODYNIE - OBSZAR WIEJSKI
1,1,0,2018,Opady deszczu,Najechanie na pieszego,Opady deszczu,Noc - droga nieoświetlona,Jezdnia,EWK-106933963F,21,2018-05-09,Nieokreślone (puste pole),20*00'260,52*44'257,60,Obszar niezabudowany,Odcinek prosty,Droga krajowa,Jednojezdniowa dwukierunkowa,T,POWIAT PŁOCKI,DROBIN - OBSZAR WIEJSKI