Liczba wypadków,Liczba zabitych,Liczba rannych,Rok,Warunki atmosferyczne,Rodzaj zdarzenia,Warunki atmosferyczne,Oświetlenie,Charakterystyka miejsca zdarzenia,IDKSIP zdarzenia,Godzina,Dzień,Ranny,GPS x,GPS y,Numer drogi,Obszar,Geometria drogi,Kategoria drogi 1,Rodzaj drogi,Czy w zdarzeniu był sprawca nietrzeźwy,Powiat,Gmina
1,1,0,2018,Opady deszczu,Najechanie na pieszego,Opady deszczu,Noc - droga nieoświetlona,Jezdnia,EWK-107127465L,23,2018-07-27,Nieokreślone (puste pole),21*58'286,52*47'300,P2655W,Obszar niezabudowany,Odcinek prosty,Droga powiatowa,Jednojezdniowa dwukierunkowa,N,POWIAT OSTROWSKI,OSTRÓW MAZOWIECKA - OBSZAR WIEJSKI
1,0,1,2018,Opady deszczu,Najechanie na pieszego,Opady deszczu,Noc - droga nieoświetlona,Jezdnia,EWK-107306567G,20,2018-09-23,Ciężko,21*06'461,51*23'381,G530017W,Obszar zabudowany,Odcinek prosty,Droga gminna,Jednojezdniowa dwukierunkowa,N,POWIAT RADOM,RADOM - OBSZAR MIEJSKI
1,0,0,2018,Opady deszczu,Najechanie na pieszego,Opady deszczu,Noc - droga nieoświetlona,Jezdnia,EWK-107306567G,20,2018-09-23,Nieokreślone (puste pole),21*06'461,51*23'381,G530017W,Obszar zabudowany,Odcinek prosty,Droga gminna,Jednojezdniowa dwukierunkowa,N,POWIAT RADOM,RADOM - OBSZAR MIEJSKI
1,1,0,2018,Opady deszczu,Najechanie na pieszego,Opady deszczu,Noc - droga nieoświetlona,Jezdnia,EWK-107398307P,5,2018-10-24,Nieokreślone (puste pole),22*02'124,52*41'527,P2653W,Obszar niezabudowany,Odcinek prosty,Droga powiatowa,Jednojezdniowa dwukierunkowa,N,POWIAT OSTROWSKI,MAŁKINIA GÓRNA - OBSZAR WIEJSKI
1,0,1,2018,Opady deszczu,Najechanie na pieszego,Opady deszczu,Noc - droga nieoświetlona,Jezdnia,EWK-107402267T,19,2018-10-25,Lekko,20*42'186,52*53'534,G120722W,Obszar niezabudowany,Odcinek prosty,Droga gminna,Jednojezdniowa dwukierunkowa,T,POWIAT CIECHANOWSKI,OPINOGÓRA GÓRNA - OBSZAR WIEJSKI
1,0,0,2018,Opady deszczu,Najechanie na pieszego,Opady deszczu,Noc - droga nieoświetlona,Jezdnia,EWK-107402267T,19,2018-10-25,Nieokreślone (puste pole),20*42'186,52*53'534,G120722W,Obszar niezabudowany,Odcinek prosty,Droga gminna,Jednojezdniowa dwukierunkowa,T,POWIAT CIECHANOWSKI,OPINOGÓRA GÓRNA - OBSZAR WIEJSKI
1,1,0,2018,Opady deszczu,Najechanie na pieszego,Opady deszczu,Noc - droga nieoświetlona,Jezdnia,EWK-107425036A,16,2018-11-04,Nieokreślone (puste pole),21*53'083,52*46'524,P2638W,Obszar niezabudowany,Odcinek prosty,Droga powiatowa,Jednojezdniowa dwukierunkowa,N,POWIAT OSTROWSKI,OSTRÓW MAZOWIECKA - OBSZAR WIEJSKI
1,1,0,2018,Opady deszczu,Najechanie na pieszego,Opady deszczu,Noc - droga nieoświetlona,Jezdnia,EWK-107425128U,20,2018-11-04,Nieokreślone (puste pole),21*02'136,52*55'100,57,Obszar niezabudowany,Odcinek prosty,Droga krajowa,Jednojezdniowa dwukierunkowa,N,POWIAT MAKOWSKI,PŁONIAWY-BRAMURA - OBSZAR WIEJSKI
1,0,1,2018,Opady deszczu,Najechanie na pieszego,Opady deszczu,Noc - droga nieoświetlona,Jezdnia,EWK-107485190E,18,2018-12-07,Ciężko,20*08'006,52*16'412,577,Obszar niezabudowany,Odcinek prosty,Droga wojewódzka,Jednojezdniowa dwukierunkowa,N,POWIAT SOCHACZEWSKI,RYBNO - OBSZAR WIEJSKI
1,0,0,2018,Opady deszczu,Najechanie na pieszego,Opady deszczu,Noc - droga nieoświetlona,Jezdnia,EWK-107485190E,18,2018-12-07,Nieokreślone (puste pole),20*08'006,52*16'412,577,Obszar niezabudowany,Odcinek prosty,Droga wojewódzka,Jednojezdniowa dwukierunkowa,N,POWIAT SOCHACZEWSKI,RYBNO - OBSZAR WIEJSKI
1,0,1,2018,Opady deszczu,Najechanie na pieszego,Opady deszczu,Noc - droga nieoświetlona,Jezdnia,EWK-107522333L,22,2018-12-21,Lekko,20*58'269,51*37'160,S7,Obszar niezabudowany,Odcinek prosty,Droga krajowa,Ekspresowa,N,POWIAT BIAŁOBRZESKI,BIAŁOBRZEGI - OBSZAR WIEJSKI
1,0,0,2018,Opady deszczu,Najechanie na pieszego,Opady deszczu,Noc - droga nieoświetlona,Jezdnia,EWK-107522333L,22,2018-12-21,Nieokreślone (puste pole),20*58'269,51*37'160,S7,Obszar niezabudowany,Odcinek prosty,Droga krajowa,Ekspresowa,N,POWIAT BIAŁOBRZESKI,BIAŁOBRZEGI - OBSZAR WIEJSKI
1,0,1,2018,Opady deszczu,Najechanie na pieszego,Opady deszczu,Noc - droga oświetlona,Jezdnia,EWK-106654081E,19,2018-01-02,Ciężko,19*45'183,52*32'414,I2,Obszar zabudowany,,Inna,Jednojezdniowa dwukierunkowa,N,POWIAT PŁOCK,PŁOCK - OBSZAR MIEJSKI
1,0,0,2018,Opady deszczu,Najechanie na pieszego,Opady deszczu,Noc - droga oświetlona,Jezdnia,EWK-106654081E,19,2018-01-02,Nieokreślone (puste pole),19*45'183,52*32'414,I2,Obszar zabudowany,,Inna,Jednojezdniowa dwukierunkowa,N,POWIAT PŁOCK,PŁOCK - OBSZAR MIEJSKI
1,0,1,2018,Opady deszczu,Najechanie na pieszego,Opady deszczu,Noc - droga oświetlona,Jezdnia,EWK-106708514N,18,2018-02-01,Ciężko,20*56'265,51*49'114,P1662W,Obszar zabudowany,Odcinek prosty,Droga powiatowa,Jednojezdniowa dwukierunkowa,N,POWIAT GRÓJECKI,JASIENIEC - OBSZAR WIEJSKI
1,0,0,2018,Opady deszczu,Najechanie na pieszego,Opady deszczu,Noc - droga oświetlona,Jezdnia,EWK-106708514N,18,2018-02-01,Nieokreślone (puste pole),20*56'265,51*49'114,P1662W,Obszar zabudowany,Odcinek prosty,Droga powiatowa,Jednojezdniowa dwukierunkowa,N,POWIAT GRÓJECKI,JASIENIEC - OBSZAR WIEJSKI
1,0,1,2018,Opady deszczu,Najechanie na pieszego,Opady deszczu,Noc - droga oświetlona,Jezdnia,EWK-107306621N,21,2018-09-23,Ciężko,20*45'282,51*48'515,725,Obszar niezabudowany,Odcinek prosty,Droga wojewódzka,Jednojezdniowa dwukierunkowa,N,POWIAT GRÓJECKI,BELSK DUŻY - OBSZAR WIEJSKI
1,0,0,2018,Opady deszczu,Najechanie na pieszego,Opady deszczu,Noc - droga oświetlona,Jezdnia,EWK-107306621N,21,2018-09-23,Nieokreślone (puste pole),20*45'282,51*48'515,725,Obszar niezabudowany,Odcinek prosty,Droga wojewódzka,Jednojezdniowa dwukierunkowa,N,POWIAT GRÓJECKI,BELSK DUŻY - OBSZAR WIEJSKI
1,1,0,2018,Opady deszczu,Najechanie na pieszego,Opady deszczu,Noc - droga oświetlona,Jezdnia,EWK-107306648N,20,2018-09-23,Nieokreślone (puste pole),21*04'336,52*44'549,57,Obszar zabudowany,Odcinek prosty,Droga krajowa,Jednojezdniowa dwukierunkowa,T,POWIAT PUŁTUSKI,PUŁTUSK - OBSZAR WIEJSKI
1,0,1,2018,Opady deszczu,Najechanie na pieszego,Opady deszczu,Noc - droga oświetlona,Jezdnia,EWK-107410094N,5,2018-10-29,Lekko,21*22'113,52*42'460,P4407W,Obszar zabudowany,Odcinek prosty,Droga powiatowa,Jednojezdniowa dwukierunkowa,T,POWIAT WYSZKOWSKI,RZĄŚNIK - OBSZAR WIEJSKI
1,0,0,2018,Opady deszczu,Najechanie na pieszego,Opady deszczu,Noc - droga oświetlona,Jezdnia,EWK-107410094N,5,2018-10-29,Nieokreślone (puste pole),21*22'113,52*42'460,P4407W,Obszar zabudowany,Odcinek prosty,Droga powiatowa,Jednojezdniowa dwukierunkowa,T,POWIAT WYSZKOWSKI,RZĄŚNIK - OBSZAR WIEJSKI
1,0,1,2018,Opady deszczu,Najechanie na pieszego,Opady deszczu,Noc - droga oświetlona,Jezdnia,EWK-107441744G,18,2018-11-14,Ciężko,20*52'491,53*01'174,57,Obszar zabudowany,Odcinek prosty,Droga krajowa,Jednojezdniowa dwukierunkowa,N,POWIAT PRZASNYSKI,PRZASNYSZ - OBSZAR MIEJSKI
1,0,0,2018,Opady deszczu,Najechanie na pieszego,Opady deszczu,Noc - droga oświetlona,Jezdnia,EWK-107441744G,18,2018-11-14,Nieokreślone (puste pole),20*52'491,53*01'174,57,Obszar zabudowany,Odcinek prosty,Droga krajowa,Jednojezdniowa dwukierunkowa,N,POWIAT PRZASNYSKI,PRZASNYSZ - OBSZAR MIEJSKI
1,0,1,2018,Opady deszczu,Najechanie na pieszego,Opady deszczu,Noc - droga oświetlona,Jezdnia,EWK-107487509K,17,2018-12-09,Ciężko,21*09'318,51*23'043,G530034W,Obszar zabudowany,Odcinek prosty,Droga gminna,Jednojezdniowa dwukierunkowa,N,POWIAT RADOM,RADOM - OBSZAR MIEJSKI
1,0,0,2018,Opady deszczu,Najechanie na pieszego,Opady deszczu,Noc - droga oświetlona,Jezdnia,EWK-107487509K,17,2018-12-09,Nieokreślone (puste pole),21*09'318,51*23'043,G530034W,Obszar zabudowany,Odcinek prosty,Droga gminna,Jednojezdniowa dwukierunkowa,N,POWIAT RADOM,RADOM - OBSZAR MIEJSKI
1,1,0,2018,Opady deszczu,Najechanie na pieszego,Opady deszczu,Noc - droga oświetlona,Jezdnia,EWK-107496008U,17,2018-12-12,Nieokreślone (puste pole),21*13'194,51*44'084,P1702W,Obszar zabudowany,Odcinek prosty,Droga powiatowa,Jednojezdniowa dwukierunkowa,T,POWIAT KOZIENICKI,GRABÓW NAD PILICĄ - OBSZAR WIEJSKI
1,0,1,2018,Opady deszczu,Najechanie na pieszego,Opady deszczu,Noc - droga oświetlona,Jezdnia,EWK-107504493D,16,2018-12-04,Ciężko,21*13'367,51*11'495,P3545W,Obszar zabudowany,Odcinek prosty,Droga powiatowa,Jednojezdniowa dwukierunkowa,T,POWIAT RADOMSKI,IŁŻA - OBSZAR WIEJSKI
1,0,0,2018,Opady deszczu,Najechanie na pieszego,Opady deszczu,Noc - droga oświetlona,Jezdnia,EWK-107504493D,16,2018-12-04,Nieokreślone (puste pole),21*13'367,51*11'495,P3545W,Obszar zabudowany,Odcinek prosty,Droga powiatowa,Jednojezdniowa dwukierunkowa,T,POWIAT RADOMSKI,IŁŻA - OBSZAR WIEJSKI
1,0,1,2018,Opady deszczu,Najechanie na pieszego,Opady deszczu,Noc - droga oświetlona,Jezdnia,EWK-107527276R,18,2018-12-23,Lekko,21*32'423,51*35'016,G170594W,Obszar zabudowany,Odcinek prosty,Droga gminna,Jednojezdniowa dwukierunkowa,T,POWIAT KOZIENICKI,KOZIENICE - OBSZAR MIEJSKI
1,0,0,2018,Opady deszczu,Najechanie na pieszego,Opady deszczu,Noc - droga oświetlona,Jezdnia,EWK-107527276R,18,2018-12-23,Nieokreślone (puste pole),21*32'423,51*35'016,G170594W,Obszar zabudowany,Odcinek prosty,Droga gminna,Jednojezdniowa dwukierunkowa,T,POWIAT KOZIENICKI,KOZIENICE - OBSZAR MIEJSKI
1,0,1,2018,Opady deszczu,Najechanie na pieszego,Opady deszczu,Noc - droga oświetlona,Jezdnia,EWK-107527477H,16,2018-12-23,Lekko,21*21'027,51*16'406,P3536W,Obszar zabudowany,Odcinek prosty,Droga powiatowa,Jednojezdniowa dwukierunkowa,N,POWIAT ZWOLEŃSKI,KAZANÓW - OBSZAR WIEJSKI
1,0,0,2018,Opady deszczu,Najechanie na pieszego,Opady deszczu,Noc - droga oświetlona,Jezdnia,EWK-107527477H,16,2018-12-23,Nieokreślone (puste pole),21*21'027,51*16'406,P3536W,Obszar zabudowany,Odcinek prosty,Droga powiatowa,Jednojezdniowa dwukierunkowa,N,POWIAT ZWOLEŃSKI,KAZANÓW - OBSZAR WIEJSKI
1,0,1,2018,Opady deszczu,Najechanie na pieszego,Opady deszczu,Noc - droga oświetlona,Jezdnia,EWK-107537444R,21,2018-12-27,Ciężko,21*36'269,52*42'329,4403W,Obszar zabudowany,Odcinek prosty,Droga powiatowa,Jednojezdniowa dwukierunkowa,T,POWIAT WYSZKOWSKI,BRAŃSZCZYK - OBSZAR WIEJSKI
1,0,0,2018,Opady deszczu,Najechanie na pieszego,Opady deszczu,Noc - droga oświetlona,Jezdnia,EWK-107537444R,21,2018-12-27,Nieokreślone (puste pole),21*36'269,52*42'329,4403W,Obszar zabudowany,Odcinek prosty,Droga powiatowa,Jednojezdniowa dwukierunkowa,T,POWIAT WYSZKOWSKI,BRAŃSZCZYK - OBSZAR WIEJSKI
1,0,1,2018,Opady deszczu,Najechanie na pieszego,Opady deszczu,Noc - droga oświetlona,Przejście dla pieszych,EWK-106708573A,18,2018-02-01,Ciężko,21*08'064,51*24'585,7,Obszar zabudowany,Odcinek prosty,Droga krajowa,Dwie jezdnie jednokierunkowe,N,POWIAT RADOM,RADOM - OBSZAR MIEJSKI
1,0,0,2018,Opady deszczu,Najechanie na pieszego,Opady deszczu,Noc - droga oświetlona,Przejście dla pieszych,EWK-106708573A,18,2018-02-01,Nieokreślone (puste pole),21*08'064,51*24'585,7,Obszar zabudowany,Odcinek prosty,Droga krajowa,Dwie jezdnie jednokierunkowe,N,POWIAT RADOM,RADOM - OBSZAR MIEJSKI
1,0,1,2018,Opady deszczu,Najechanie na pieszego,Opady deszczu,Noc - droga oświetlona,Przejście dla pieszych,EWK-106783236H,19,2018-03-07,Lekko,21*09'102,51*25'052,P5339W,Obszar zabudowany,Odcinek prosty,Droga powiatowa,Jednojezdniowa dwukierunkowa,N,POWIAT RADOM,RADOM - OBSZAR MIEJSKI
1,0,0,2018,Opady deszczu,Najechanie na pieszego,Opady deszczu,Noc - droga oświetlona,Przejście dla pieszych,EWK-106783236H,19,2018-03-07,Nieokreślone (puste pole),21*09'102,51*25'052,P5339W,Obszar zabudowany,Odcinek prosty,Droga powiatowa,Jednojezdniowa dwukierunkowa,N,POWIAT RADOM,RADOM - OBSZAR MIEJSKI
1,0,1,2018,Opady deszczu,Najechanie na pieszego,Opady deszczu,Noc - droga oświetlona,Przejście dla pieszych,EWK-106890512Y,19,2018-04-13,Lekko,20*26'575,52*02'591,719,Obszar zabudowany,Odcinek prosty,Droga wojewódzka,Jednojezdniowa dwukierunkowa,T,POWIAT ŻYRARDOWSKI,ŻYRARDÓW - OBSZAR MIEJSKI
1,0,0,2018,Opady deszczu,Najechanie na pieszego,Opady deszczu,Noc - droga oświetlona,Przejście dla pieszych,EWK-106890512Y,19,2018-04-13,Nieokreślone (puste pole),20*26'575,52*02'591,719,Obszar zabudowany,Odcinek prosty,Droga wojewódzka,Jednojezdniowa dwukierunkowa,T,POWIAT ŻYRARDOWSKI,ŻYRARDÓW - OBSZAR MIEJSKI
1,0,2,2018,Opady deszczu,Najechanie na pieszego,Opady deszczu,Noc - droga oświetlona,Przejście dla pieszych,EWK-107403055Y,18,2018-10-25,Ciężko,22*01'259,52*23'560,G420872W,Obszar zabudowany,"Zakręt, łuk",Droga gminna,Jednojezdniowa dwukierunkowa,N,POWIAT WĘGROWSKI,WĘGRÓW - OBSZAR MIEJSKI
1,0,0,2018,Opady deszczu,Najechanie na pieszego,Opady deszczu,Noc - droga oświetlona,Przejście dla pieszych,EWK-107403055Y,18,2018-10-25,Nieokreślone (puste pole),22*01'259,52*23'560,G420872W,Obszar zabudowany,"Zakręt, łuk",Droga gminna,Jednojezdniowa dwukierunkowa,N,POWIAT WĘGROWSKI,WĘGRÓW - OBSZAR MIEJSKI
1,0,1,2018,Opady deszczu,Najechanie na pieszego,Opady deszczu,Noc - droga oświetlona,Przejście dla pieszych,EWK-107409841G,18,2018-10-28,Lekko,22*16'227,52*09'550,GMINNA,Obszar zabudowany,,Droga gminna,Jednokierunkowa,N,POWIAT SIEDLCE,SIEDLCE - OBSZAR MIEJSKI
1,0,0,2018,Opady deszczu,Najechanie na pieszego,Opady deszczu,Noc - droga oświetlona,Przejście dla pieszych,EWK-107409841G,18,2018-10-28,Nieokreślone (puste pole),22*16'227,52*09'550,GMINNA,Obszar zabudowany,,Droga gminna,Jednokierunkowa,N,POWIAT SIEDLCE,SIEDLCE - OBSZAR MIEJSKI
1,0,1,2018,Opady deszczu,Najechanie na pieszego,Opady deszczu,Noc - droga oświetlona,Przejście dla pieszych,EWK-107422238Y,22,2018-11-03,Lekko,20*51'404,51*13'404,G400539W,Obszar zabudowany,Odcinek prosty,Droga gminna,Jednojezdniowa dwukierunkowa,T,POWIAT SZYDŁOWIECKI,SZYDŁOWIEC - OBSZAR MIEJSKI
1,0,0,2018,Opady deszczu,Najechanie na pieszego,Opady deszczu,Noc - droga oświetlona,Przejście dla pieszych,EWK-107422238Y,22,2018-11-03,Nieokreślone (puste pole),20*51'404,51*13'404,G400539W,Obszar zabudowany,Odcinek prosty,Droga gminna,Jednojezdniowa dwukierunkowa,T,POWIAT SZYDŁOWIECKI,SZYDŁOWIEC - OBSZAR MIEJSKI
1,0,1,2018,Opady deszczu,Najechanie na pieszego,Opady deszczu,Noc - droga oświetlona,Przejście dla pieszych,EWK-107448053R,17,2018-11-18,Lekko,21*34'048,53*04'552,G510089W,Obszar zabudowany,,Droga gminna,Jednojezdniowa dwukierunkowa,N,POWIAT OSTROŁĘKA,OSTROŁĘKA - OBSZAR MIEJSKI
1,0,0,2018,Opady deszczu,Najechanie na pieszego,Opady deszczu,Noc - droga oświetlona,Przejście dla pieszych,EWK-107448053R,17,2018-11-18,Nieokreślone (puste pole),21*34'048,53*04'552,G510089W,Obszar zabudowany,,Droga gminna,Jednojezdniowa dwukierunkowa,N,POWIAT OSTROŁĘKA,OSTROŁĘKA - OBSZAR MIEJSKI
1,0,1,2018,Opady deszczu,Najechanie na pieszego,Opady deszczu,Noc - droga oświetlona,Przejście dla pieszych,EWK-107474310J,5,2018-12-03,Lekko,21*32'098,51*35'382,79,Obszar zabudowany,,Droga krajowa,Jednojezdniowa dwukierunkowa,N,POWIAT KOZIENICKI,KOZIENICE - OBSZAR MIEJSKI
1,0,0,2018,Opady deszczu,Najechanie na pieszego,Opady deszczu,Noc - droga oświetlona,Przejście dla pieszych,EWK-107474310J,5,2018-12-03,Nieokreślone (puste pole),21*32'098,51*35'382,79,Obszar zabudowany,,Droga krajowa,Jednojezdniowa dwukierunkowa,N,POWIAT KOZIENICKI,KOZIENICE - OBSZAR MIEJSKI
1,1,0,2018,Opady deszczu,Najechanie na pieszego,Opady deszczu,Noc - droga oświetlona,Przejście dla pieszych,EWK-107488436R,6,2018-12-08,Nieokreślone (puste pole),22*44'494,52*08'528,19,Obszar zabudowany,Odcinek prosty,Droga krajowa,Jednojezdniowa dwukierunkowa,N,POWIAT ŁOSICKI,OLSZANKA - OBSZAR WIEJSKI
1,0,1,2018,Opady deszczu,Najechanie na pieszego,Opady deszczu,Noc - droga oświetlona,Przejście dla pieszych,EWK-107524746G,18,2018-12-22,Ciężko,21*26'487,51*28'342,787,Obszar zabudowany,Odcinek prosty,Droga wojewódzka,Jednojezdniowa dwukierunkowa,N,POWIAT RADOMSKI,PIONKI - OBSZAR MIEJSKI
1,0,0,2018,Opady deszczu,Najechanie na pieszego,Opady deszczu,Noc - droga oświetlona,Przejście dla pieszych,EWK-107524746G,18,2018-12-22,Nieokreślone (puste pole),21*26'487,51*28'342,787,Obszar zabudowany,Odcinek prosty,Droga wojewódzka,Jednojezdniowa dwukierunkowa,N,POWIAT RADOMSKI,PIONKI - OBSZAR MIEJSKI
1,0,1,2018,Opady deszczu,Najechanie na pieszego,Opady deszczu,Noc - droga oświetlona,Przejście dla pieszych,EWK-107525015A,17,2018-12-22,Lekko,22*15'278,52*10'019,P,Obszar zabudowany,Spadek,Droga powiatowa,Jednojezdniowa dwukierunkowa,N,POWIAT SIEDLCE,SIEDLCE - OBSZAR MIEJSKI
1,0,0,2018,Opady deszczu,Najechanie na pieszego,Opady deszczu,Noc - droga oświetlona,Przejście dla pieszych,EWK-107525015A,17,2018-12-22,Nieokreślone (puste pole),22*15'278,52*10'019,P,Obszar zabudowany,Spadek,Droga powiatowa,Jednojezdniowa dwukierunkowa,N,POWIAT SIEDLCE,SIEDLCE - OBSZAR MIEJSKI
1,0,1,2018,Opady deszczu,Najechanie na pieszego,Opady deszczu,Noc - droga oświetlona,Przejście dla pieszych,EWK-107529877Y,20,2018-12-25,Ciężko,21*32'445,51*35'202,79,Obszar zabudowany,,Droga krajowa,Jednojezdniowa dwukierunkowa,N,POWIAT KOZIENICKI,KOZIENICE - OBSZAR MIEJSKI
1,0,0,2018,Opady deszczu,Najechanie na pieszego,Opady deszczu,Noc - droga oświetlona,Przejście dla pieszych,EWK-107529877Y,20,2018-12-25,Nieokreślone (puste pole),21*32'445,51*35'202,79,Obszar zabudowany,,Droga krajowa,Jednojezdniowa dwukierunkowa,N,POWIAT KOZIENICKI,KOZIENICE - OBSZAR MIEJSKI
1,0,1,2018,Opady deszczu,Najechanie na pieszego,Opady deszczu,Noc - droga oświetlona,Przejście dla pieszych,EWK-107537358D,17,2018-12-27,Lekko,21*09'455,51*24'052,G530144W,Obszar zabudowany,Odcinek prosty,Droga gminna,Jednojezdniowa dwukierunkowa,N,POWIAT RADOM,RADOM - OBSZAR MIEJSKI
1,0,0,2018,Opady deszczu,Najechanie na pieszego,Opady deszczu,Noc - droga oświetlona,Przejście dla pieszych,EWK-107537358D,17,2018-12-27,Nieokreślone (puste pole),21*09'455,51*24'052,G530144W,Obszar zabudowany,Odcinek prosty,Droga gminna,Jednojezdniowa dwukierunkowa,N,POWIAT RADOM,RADOM - OBSZAR MIEJSKI
1,0,1,2018,Opady deszczu,Najechanie na pieszego,Opady deszczu,Noc - droga oświetlona,Przejście dla pieszych,EWK-107542063F,19,2018-12-28,Lekko,22*16'356,52*10'021,GMINNA,Obszar zabudowany,Odcinek prosty,Droga gminna,Jednojezdniowa dwukierunkowa,N,POWIAT SIEDLCE,SIEDLCE - OBSZAR MIEJSKI
1,0,0,2018,Opady deszczu,Najechanie na pieszego,Opady deszczu,Noc - droga oświetlona,Przejście dla pieszych,EWK-107542063F,19,2018-12-28,Nieokreślone (puste pole),22*16'356,52*10'021,GMINNA,Obszar zabudowany,Odcinek prosty,Droga gminna,Jednojezdniowa dwukierunkowa,N,POWIAT SIEDLCE,SIEDLCE - OBSZAR MIEJSKI
1,0,1,2018,Opady deszczu,Najechanie na pieszego,Opady deszczu,Noc - droga oświetlona,Przejście dla pieszych,EWK-107546658T,16,2018-12-30,Lekko,21*07'425,51*22'223,G530023W,Obszar zabudowany,Odcinek prosty; Wzniesienie,Droga gminna,Dwie jezdnie jednokierunkowe,N,POWIAT RADOM,RADOM - OBSZAR MIEJSKI
1,0,0,2018,Opady deszczu,Najechanie na pieszego,Opady deszczu,Noc - droga oświetlona,Przejście dla pieszych,EWK-107546658T,16,2018-12-30,Nieokreślone (puste pole),21*07'425,51*22'223,G530023W,Obszar zabudowany,Odcinek prosty; Wzniesienie,Droga gminna,Dwie jezdnie jednokierunkowe,N,POWIAT RADOM,RADOM - OBSZAR MIEJSKI
1,0,1,2018,Opady deszczu,Najechanie na pieszego,Opady deszczu,Światło dzienne,Jezdnia,EWK-106951690D,9,2018-05-17,Lekko,22*09'127,52*42'399,P2615W,Obszar niezabudowany,Odcinek prosty,Droga powiatowa,Jednojezdniowa dwukierunkowa,N,POWIAT OSTROWSKI,ZARĘBY KOŚCIELNE - OBSZAR WIEJSKI
1,0,0,2018,Opady deszczu,Najechanie na pieszego,Opady deszczu,Światło dzienne,Jezdnia,EWK-106951690D,9,2018-05-17,Nieokreślone (puste pole),22*09'127,52*42'399,P2615W,Obszar niezabudowany,Odcinek prosty,Droga powiatowa,Jednojezdniowa dwukierunkowa,N,POWIAT OSTROWSKI,ZARĘBY KOŚCIELNE - OBSZAR WIEJSKI
1,0,1,2018,Opady deszczu,Najechanie na pieszego,Opady deszczu,Światło dzienne,Pobocze,EWK-107535619U,10,2018-12-27,Lekko,20*43'473,51*33'108,P1109W,Obszar zabudowany,"Zakręt, łuk",Droga powiatowa,Jednojezdniowa dwukierunkowa,N,POWIAT BIAŁOBRZESKI,WYŚMIERZYCE - OBSZAR WIEJSKI
1,0,0,2018,Opady deszczu,Najechanie na pieszego,Opady deszczu,Światło dzienne,Pobocze,EWK-107535619U,10,2018-12-27,Nieokreślone (puste pole),20*43'473,51*33'108,P1109W,Obszar zabudowany,"Zakręt, łuk",Droga powiatowa,Jednojezdniowa dwukierunkowa,N,POWIAT BIAŁOBRZESKI,WYŚMIERZYCE - OBSZAR WIEJSKI
1,0,1,2018,Opady deszczu,Najechanie na pieszego,Opady deszczu,Światło dzienne,Przejście dla pieszych,EWK-106703197P,14,2018-01-29,Lekko,22*11'228,52*10'328,2,Obszar zabudowany,Odcinek prosty,Droga krajowa,Jednojezdniowa dwukierunkowa,N,POWIAT SIEDLECKI,SIEDLCE - OBSZAR WIEJSKI
1,0,0,2018,Opady deszczu,Najechanie na pieszego,Opady deszczu,Światło dzienne,Przejście dla pieszych,EWK-106703197P,14,2018-01-29,Nieokreślone (puste pole),22*11'228,52*10'328,2,Obszar zabudowany,Odcinek prosty,Droga krajowa,Jednojezdniowa dwukierunkowa,N,POWIAT SIEDLECKI,SIEDLCE - OBSZAR WIEJSKI
1,0,1,2018,Opady deszczu,Najechanie na pieszego,Opady deszczu,Światło dzienne,Przejście dla pieszych,EWK-106763743U,8,2018-02-15,Lekko,21*11'272,51*47'025,G161094W,Obszar zabudowany,Odcinek prosty,Droga gminna,Jednojezdniowa dwukierunkowa,N,POWIAT GRÓJECKI,WARKA - OBSZAR MIEJSKI
1,0,0,2018,Opady deszczu,Najechanie na pieszego,Opady deszczu,Światło dzienne,Przejście dla pieszych,EWK-106763743U,8,2018-02-15,Nieokreślone (puste pole),21*11'272,51*47'025,G161094W,Obszar zabudowany,Odcinek prosty,Droga gminna,Jednojezdniowa dwukierunkowa,N,POWIAT GRÓJECKI,WARKA - OBSZAR MIEJSKI
1,0,1,2018,Opady deszczu,Najechanie na pieszego,Opady deszczu,Światło dzienne,Przejście dla pieszych,EWK-107055479U,11,2018-06-24,Lekko,21*05'089,52*43'156,61,Obszar zabudowany,Odcinek prosty,Droga krajowa,Jednojezdniowa dwukierunkowa,N,POWIAT PUŁTUSKI,PUŁTUSK - OBSZAR MIEJSKI
1,0,0,2018,Opady deszczu,Najechanie na pieszego,Opady deszczu,Światło dzienne,Przejście dla pieszych,EWK-107055479U,11,2018-06-24,Nieokreślone (puste pole),21*05'089,52*43'156,61,Obszar zabudowany,Odcinek prosty,Droga krajowa,Jednojezdniowa dwukierunkowa,N,POWIAT PUŁTUSKI,PUŁTUSK - OBSZAR MIEJSKI