Liczba wypadków,Liczba zabitych,Liczba rannych,Rok,Warunki atmosferyczne,Rodzaj zdarzenia,Warunki atmosferyczne,Oświetlenie,Charakterystyka miejsca zdarzenia,IDKSIP zdarzenia,Godzina,Dzień,Ranny,GPS x,GPS y,Numer drogi,Obszar,Geometria drogi,Kategoria drogi 1,Rodzaj drogi,Czy w zdarzeniu był sprawca nietrzeźwy,Powiat,Gmina
1,0,1,2018,Opady deszczu,Najechanie na pieszego,Opady deszczu,Światło dzienne,Przejście dla pieszych,EWK-107410834H,9,2018-10-25,Lekko,21*09'150,51*23'298,P5321W,Obszar zabudowany,,Droga powiatowa,Jednokierunkowa,N,POWIAT RADOM,RADOM - OBSZAR MIEJSKI
1,0,0,2018,Opady deszczu,Najechanie na pieszego,Opady deszczu,Światło dzienne,Przejście dla pieszych,EWK-107410834H,9,2018-10-25,Nieokreślone (puste pole),21*09'150,51*23'298,P5321W,Obszar zabudowany,,Droga powiatowa,Jednokierunkowa,N,POWIAT RADOM,RADOM - OBSZAR MIEJSKI
1,0,1,2018,Opady deszczu,Najechanie na pieszego,Opady deszczu,Światło dzienne,Przejście dla pieszych,EWK-107411996F,7,2018-10-29,Lekko,19*40'542,52*31'318,575,Obszar zabudowany,Odcinek prosty,Droga wojewódzka,Jednojezdniowa dwukierunkowa,N,POWIAT PŁOCK,PŁOCK - OBSZAR MIEJSKI
1,0,0,2018,Opady deszczu,Najechanie na pieszego,Opady deszczu,Światło dzienne,Przejście dla pieszych,EWK-107411996F,7,2018-10-29,Nieokreślone (puste pole),19*40'542,52*31'318,575,Obszar zabudowany,Odcinek prosty,Droga wojewódzka,Jednojezdniowa dwukierunkowa,N,POWIAT PŁOCK,PŁOCK - OBSZAR MIEJSKI
1,0,1,2018,Opady deszczu,Najechanie na pieszego,Opady deszczu,Światło dzienne,Przejście dla pieszych,EWK-107424838H,13,2018-11-04,Lekko,22*15'123,52*15'351,,Obszar zabudowany,Odcinek prosty,Nieokreślone (puste pole),Jednojezdniowa dwukierunkowa,N,POWIAT SIEDLECKI,SUCHOŻEBRY - OBSZAR WIEJSKI
1,0,0,2018,Opady deszczu,Najechanie na pieszego,Opady deszczu,Światło dzienne,Przejście dla pieszych,EWK-107424838H,13,2018-11-04,Nieokreślone (puste pole),22*15'123,52*15'351,,Obszar zabudowany,Odcinek prosty,Nieokreślone (puste pole),Jednojezdniowa dwukierunkowa,N,POWIAT SIEDLECKI,SUCHOŻEBRY - OBSZAR WIEJSKI
1,0,1,2018,Opady deszczu,Najechanie na pieszego,Opady deszczu,Światło dzienne,Przejście dla pieszych,EWK-107570966L,11,2018-12-24,Lekko,21*14'154,51*09'488,,Obszar zabudowany,Odcinek prosty,Nieokreślone (puste pole),Jednojezdniowa dwukierunkowa,N,POWIAT RADOMSKI,IŁŻA - OBSZAR MIEJSKI
1,0,0,2018,Opady deszczu,Najechanie na pieszego,Opady deszczu,Światło dzienne,Przejście dla pieszych,EWK-107570966L,11,2018-12-24,Nieokreślone (puste pole),21*14'154,51*09'488,,Obszar zabudowany,Odcinek prosty,Nieokreślone (puste pole),Jednojezdniowa dwukierunkowa,N,POWIAT RADOMSKI,IŁŻA - OBSZAR MIEJSKI
1,0,1,2018,Opady deszczu,Najechanie na pieszego,Opady deszczu,"Świt, zmrok",Jezdnia,EWK-107306583W,18,2018-09-23,Lekko,21*34'041,51*23'035,P4507W,Obszar zabudowany,Odcinek prosty,Droga powiatowa,Jednojezdniowa dwukierunkowa,T,POWIAT ZWOLEŃSKI,ZWOLEŃ - OBSZAR WIEJSKI
1,0,0,2018,Opady deszczu,Najechanie na pieszego,Opady deszczu,"Świt, zmrok",Jezdnia,EWK-107306583W,18,2018-09-23,Nieokreślone (puste pole),21*34'041,51*23'035,P4507W,Obszar zabudowany,Odcinek prosty,Droga powiatowa,Jednojezdniowa dwukierunkowa,T,POWIAT ZWOLEŃSKI,ZWOLEŃ - OBSZAR WIEJSKI
1,1,0,2018,Opady deszczu,Najechanie na pieszego,Opady deszczu,"Świt, zmrok",Jezdnia,EWK-107439974A,16,2018-11-13,Nieokreślone (puste pole),20*05'381,52*56'190,P3014W,Obszar zabudowany,Odcinek prosty,Droga powiatowa,Jednojezdniowa dwukierunkowa,T,POWIAT MŁAWSKI,RADZANÓW - OBSZAR WIEJSKI
1,0,1,2018,Opady deszczu,Najechanie na pieszego,Opady deszczu,"Świt, zmrok",Jezdnia,EWK-107542377L,16,2018-12-28,Ciężko,21*39'293,51*10'175,P1916W,Obszar niezabudowany,Odcinek prosty,Droga powiatowa,Jednojezdniowa dwukierunkowa,N,POWIAT LIPSKI,LIPSKO - OBSZAR MIEJSKI
1,0,0,2018,Opady deszczu,Najechanie na pieszego,Opady deszczu,"Świt, zmrok",Jezdnia,EWK-107542377L,16,2018-12-28,Nieokreślone (puste pole),21*39'293,51*10'175,P1916W,Obszar niezabudowany,Odcinek prosty,Droga powiatowa,Jednojezdniowa dwukierunkowa,N,POWIAT LIPSKI,LIPSKO - OBSZAR MIEJSKI
1,0,1,2018,Opady deszczu,Najechanie na pieszego,Opady deszczu,"Świt, zmrok",Przejście dla pieszych,EWK-106780267E,20,2018-03-06,Lekko,19*40'153,52*50'477,560,Obszar zabudowany,Odcinek prosty,Droga wojewódzka,Jednojezdniowa dwukierunkowa,N,POWIAT SIERPECKI,SIERPC - OBSZAR MIEJSKI
1,0,0,2018,Opady deszczu,Najechanie na pieszego,Opady deszczu,"Świt, zmrok",Przejście dla pieszych,EWK-106780267E,20,2018-03-06,Nieokreślone (puste pole),19*40'153,52*50'477,560,Obszar zabudowany,Odcinek prosty,Droga wojewódzka,Jednojezdniowa dwukierunkowa,N,POWIAT SIERPECKI,SIERPC - OBSZAR MIEJSKI
1,0,1,2018,Opady deszczu,Najechanie na pieszego,Opady deszczu,"Świt, zmrok",Przejście dla pieszych,EWK-107399030M,17,2018-10-23,Ciężko,19*40'334,52*51'279,541,Obszar zabudowany,"Zakręt, łuk",Droga wojewódzka,Jednojezdniowa dwukierunkowa,N,POWIAT SIERPECKI,SIERPC - OBSZAR MIEJSKI
1,0,0,2018,Opady deszczu,Najechanie na pieszego,Opady deszczu,"Świt, zmrok",Przejście dla pieszych,EWK-107399030M,17,2018-10-23,Nieokreślone (puste pole),19*40'334,52*51'279,541,Obszar zabudowany,"Zakręt, łuk",Droga wojewódzka,Jednojezdniowa dwukierunkowa,N,POWIAT SIERPECKI,SIERPC - OBSZAR MIEJSKI
1,0,1,2018,Opady deszczu,Najechanie na pieszego,Opady deszczu,"Świt, zmrok",Przejście dla pieszych,EWK-107527280F,15,2018-12-23,Ciężko,21*08'114,51*25'024,7,Obszar zabudowany,Odcinek prosty,Droga krajowa,Dwie jezdnie jednokierunkowe,N,POWIAT RADOM,RADOM - OBSZAR MIEJSKI
1,0,0,2018,Opady deszczu,Najechanie na pieszego,Opady deszczu,"Świt, zmrok",Przejście dla pieszych,EWK-107527280F,15,2018-12-23,Nieokreślone (puste pole),21*08'114,51*25'024,7,Obszar zabudowany,Odcinek prosty,Droga krajowa,Dwie jezdnie jednokierunkowe,N,POWIAT RADOM,RADOM - OBSZAR MIEJSKI
1,0,2,2018,Opady deszczu,Najechanie na pojazd unieruchomiony,Opady deszczu,Światło dzienne,Jezdnia,EWK-107316001G,16,2018-09-26,Lekko,21*29'512,52*35'012,S8W,Obszar niezabudowany,Odcinek prosty,Droga krajowa,Ekspresowa,N,POWIAT WYSZKOWSKI,WYSZKÓW - OBSZAR WIEJSKI
1,0,0,2018,Opady deszczu,Najechanie na pojazd unieruchomiony,Opady deszczu,Światło dzienne,Jezdnia,EWK-107316001G,16,2018-09-26,Nieokreślone (puste pole),21*29'512,52*35'012,S8W,Obszar niezabudowany,Odcinek prosty,Droga krajowa,Ekspresowa,N,POWIAT WYSZKOWSKI,WYSZKÓW - OBSZAR WIEJSKI
1,0,1,2018,Opady deszczu,"Najechanie na słup, znak",Opady deszczu,Noc - droga oświetlona,Jezdnia,EWK-107338575X,23,2018-10-02,Lekko,20*37'179,52*52'524,60,Obszar zabudowany,,Droga krajowa,Dwie jezdnie jednokierunkowe,N,POWIAT CIECHANOWSKI,CIECHANÓW - OBSZAR MIEJSKI
1,0,0,2018,Opady deszczu,"Najechanie na słup, znak",Opady deszczu,Noc - droga oświetlona,Jezdnia,EWK-107338575X,23,2018-10-02,Nieokreślone (puste pole),20*37'179,52*52'524,60,Obszar zabudowany,,Droga krajowa,Dwie jezdnie jednokierunkowe,N,POWIAT CIECHANOWSKI,CIECHANÓW - OBSZAR MIEJSKI
1,0,1,2018,Opady deszczu,"Najechanie na słup, znak",Opady deszczu,Noc - droga oświetlona,Jezdnia,EWK-107409881U,18,2018-10-28,Ciężko,21*58'003,52*22'260,W637,Obszar zabudowany,,Droga wojewódzka,Jednojezdniowa dwukierunkowa,N,POWIAT WĘGROWSKI,LIW - OBSZAR WIEJSKI
1,0,0,2018,Opady deszczu,"Najechanie na słup, znak",Opady deszczu,Noc - droga oświetlona,Jezdnia,EWK-107409881U,18,2018-10-28,Nieokreślone (puste pole),21*58'003,52*22'260,W637,Obszar zabudowany,,Droga wojewódzka,Jednojezdniowa dwukierunkowa,N,POWIAT WĘGROWSKI,LIW - OBSZAR WIEJSKI
1,0,2,2018,Opady deszczu,"Najechanie na słup, znak",Opady deszczu,Noc - droga oświetlona,Jezdnia,EWK-107542084P,22,2018-12-28,Ciężko,21*41'536,52*31'129,62,Obszar zabudowany,"Zakręt, łuk",Droga krajowa,Jednojezdniowa dwukierunkowa,N,POWIAT WĘGROWSKI,ŁOCHÓW - OBSZAR MIEJSKI
1,0,1,2018,Opady deszczu,"Najechanie na słup, znak",Opady deszczu,Noc - droga oświetlona,Jezdnia,EWK-107542084P,22,2018-12-28,Lekko,21*41'536,52*31'129,62,Obszar zabudowany,"Zakręt, łuk",Droga krajowa,Jednojezdniowa dwukierunkowa,N,POWIAT WĘGROWSKI,ŁOCHÓW - OBSZAR MIEJSKI
1,1,0,2018,Opady deszczu,"Najechanie na słup, znak",Opady deszczu,Noc - droga oświetlona,Jezdnia,EWK-107542084P,22,2018-12-28,Nieokreślone (puste pole),21*41'536,52*31'129,62,Obszar zabudowany,"Zakręt, łuk",Droga krajowa,Jednojezdniowa dwukierunkowa,N,POWIAT WĘGROWSKI,ŁOCHÓW - OBSZAR MIEJSKI
1,0,1,2018,Opady deszczu,"Najechanie na słup, znak",Opady deszczu,Światło dzienne,Jezdnia,EWK-106868151G,16,2018-03-31,Ciężko,20*44'372,51*55'436,P1601W,Obszar niezabudowany,Odcinek prosty,Droga powiatowa,Jednojezdniowa dwukierunkowa,N,POWIAT GRÓJECKI,PNIEWY - OBSZAR WIEJSKI
1,0,1,2018,Opady deszczu,"Najechanie na słup, znak",Opady deszczu,Światło dzienne,Jezdnia,EWK-107475160Q,7,2018-12-03,Lekko,22*21'202,52*02'043,GMINNA,Obszar zabudowany,"Zakręt, łuk",Droga gminna,Jednojezdniowa dwukierunkowa,N,POWIAT SIEDLECKI,WIŚNIEW - OBSZAR WIEJSKI
1,0,0,2018,Opady deszczu,"Najechanie na słup, znak",Opady deszczu,Światło dzienne,Jezdnia,EWK-107475160Q,7,2018-12-03,Nieokreślone (puste pole),22*21'202,52*02'043,GMINNA,Obszar zabudowany,"Zakręt, łuk",Droga gminna,Jednojezdniowa dwukierunkowa,N,POWIAT SIEDLECKI,WIŚNIEW - OBSZAR WIEJSKI
1,0,1,2018,Opady deszczu,"Najechanie na słup, znak",Opady deszczu,Światło dzienne,Pobocze,EWK-106969766F,6,2018-05-26,Lekko,20*31'078,51*58'547,K50B,Obszar niezabudowany,"Zakręt, łuk",Droga krajowa,Jednokierunkowa,N,POWIAT ŻYRARDOWSKI,MSZCZONÓW - OBSZAR MIEJSKI
1,0,4,2018,Opady deszczu,Wywrócenie się pojazdu,Opady deszczu,Noc - droga nieoświetlona,Jezdnia,EWK-107099082L,1,2018-07-12,Lekko,20*33'485,53*02'170,7,Obszar niezabudowany,Odcinek prosty,Droga krajowa,Jednojezdniowa dwukierunkowa,N,POWIAT MŁAWSKI,WIŚNIEWO - OBSZAR WIEJSKI
1,0,0,2018,Opady deszczu,Wywrócenie się pojazdu,Opady deszczu,Noc - droga nieoświetlona,Jezdnia,EWK-107099082L,1,2018-07-12,Nieokreślone (puste pole),20*33'485,53*02'170,7,Obszar niezabudowany,Odcinek prosty,Droga krajowa,Jednojezdniowa dwukierunkowa,N,POWIAT MŁAWSKI,WIŚNIEWO - OBSZAR WIEJSKI
1,0,1,2018,Opady deszczu,Wywrócenie się pojazdu,Opady deszczu,Noc - droga nieoświetlona,Jezdnia,EWK-107487823C,1,2018-12-08,Lekko,19*34'518,52*46'249,541,Obszar niezabudowany,"Zakręt, łuk",Droga wojewódzka,Jednojezdniowa dwukierunkowa,T,POWIAT SIERPECKI,MOCHOWO - OBSZAR WIEJSKI
1,0,0,2018,Opady deszczu,Wywrócenie się pojazdu,Opady deszczu,Noc - droga nieoświetlona,Jezdnia,EWK-107487823C,1,2018-12-08,Nieokreślone (puste pole),19*34'518,52*46'249,541,Obszar niezabudowany,"Zakręt, łuk",Droga wojewódzka,Jednojezdniowa dwukierunkowa,T,POWIAT SIERPECKI,MOCHOWO - OBSZAR WIEJSKI
1,0,1,2018,Opady deszczu,Wywrócenie się pojazdu,Opady deszczu,Noc - droga nieoświetlona,Pobocze,EWK-107479163L,21,2018-12-02,Lekko,21*17'501,51*39'102,730,Obszar niezabudowany,Odcinek prosty,Droga wojewódzka,Jednojezdniowa dwukierunkowa,N,POWIAT KOZIENICKI,GŁOWACZÓW - OBSZAR WIEJSKI
1,0,1,2018,Opady deszczu,Wywrócenie się pojazdu,Opady deszczu,Noc - droga nieoświetlona,Pobocze,EWK-107531171M,16,2018-12-25,Lekko,21*24'406,51*41'343,79,Obszar niezabudowany,"Zakręt, łuk",Droga krajowa,Jednojezdniowa dwukierunkowa,N,POWIAT KOZIENICKI,MAGNUSZEW - OBSZAR WIEJSKI
1,0,0,2018,Opady deszczu,Wywrócenie się pojazdu,Opady deszczu,Noc - droga nieoświetlona,Pobocze,EWK-107531171M,16,2018-12-25,Nieokreślone (puste pole),21*24'406,51*41'343,79,Obszar niezabudowany,"Zakręt, łuk",Droga krajowa,Jednojezdniowa dwukierunkowa,N,POWIAT KOZIENICKI,MAGNUSZEW - OBSZAR WIEJSKI
1,0,1,2018,Opady deszczu,Wywrócenie się pojazdu,Opady deszczu,Noc - droga oświetlona,Jezdnia,EWK-107422240J,16,2018-11-03,Lekko,21*10'456,51*34'207,GMINNA,Obszar zabudowany,Odcinek prosty,Droga gminna,Jednojezdniowa dwukierunkowa,N,POWIAT RADOMSKI,JEDLIŃSK - OBSZAR WIEJSKI
1,1,0,2018,Opady deszczu,Wywrócenie się pojazdu,Opady deszczu,Noc - droga oświetlona,Jezdnia,EWK-107422240J,16,2018-11-03,Nieokreślone (puste pole),21*10'456,51*34'207,GMINNA,Obszar zabudowany,Odcinek prosty,Droga gminna,Jednojezdniowa dwukierunkowa,N,POWIAT RADOMSKI,JEDLIŃSK - OBSZAR WIEJSKI
1,0,1,2018,Opady deszczu,Wywrócenie się pojazdu,Opady deszczu,Noc - droga oświetlona,Jezdnia,EWK-107531344J,2,2018-12-26,Lekko,20*51'325,51*16'218,P3561W,Obszar zabudowany,"Zakręt, łuk",Droga powiatowa,Jednojezdniowa dwukierunkowa,N,POWIAT SZYDŁOWIECKI,SZYDŁOWIEC - OBSZAR WIEJSKI
1,0,1,2018,Opady deszczu,Wywrócenie się pojazdu,Opady deszczu,Światło dzienne,Jezdnia,EWK-107080149R,13,2018-07-02,Lekko,22*21'270,52*13'049,P,Obszar niezabudowany,Odcinek prosty,Droga powiatowa,Jednojezdniowa dwukierunkowa,N,POWIAT SIEDLECKI,SIEDLCE - OBSZAR WIEJSKI
1,0,1,2018,Opady deszczu,Wywrócenie się pojazdu,Opady deszczu,Światło dzienne,Jezdnia,EWK-107125161M,13,2018-07-25,Ciężko,19*18'378,52*22'302,A1,Obszar niezabudowany,Odcinek prosty,Autostrada,Autostrada,N,POWIAT GOSTYNIŃSKI,GOSTYNIN - OBSZAR WIEJSKI
1,0,0,2018,Opady deszczu,Wywrócenie się pojazdu,Opady deszczu,Światło dzienne,Jezdnia,EWK-107125161M,13,2018-07-25,Nieokreślone (puste pole),19*18'378,52*22'302,A1,Obszar niezabudowany,Odcinek prosty,Autostrada,Autostrada,N,POWIAT GOSTYNIŃSKI,GOSTYNIN - OBSZAR WIEJSKI
1,0,1,2018,Opady deszczu,Wywrócenie się pojazdu,Opady deszczu,Światło dzienne,Jezdnia,EWK-107391236Q,14,2018-10-20,Lekko,20*52'531,51*28'302,740,Obszar niezabudowany,"Zakręt, łuk",Droga wojewódzka,Jednojezdniowa dwukierunkowa,N,POWIAT RADOMSKI,PRZYTYK - OBSZAR WIEJSKI
1,0,1,2018,Opady deszczu,Wywrócenie się pojazdu,Opady deszczu,Światło dzienne,Jezdnia,EWK-107391370E,16,2018-10-20,Lekko,21*19'350,51*32'461,P1715W,Obszar niezabudowany,"Zakręt, łuk",Droga powiatowa,Jednojezdniowa dwukierunkowa,N,POWIAT RADOMSKI,JASTRZĘBIA - OBSZAR WIEJSKI
1,0,0,2018,Opady deszczu,Wywrócenie się pojazdu,Opady deszczu,Światło dzienne,Jezdnia,EWK-107391370E,16,2018-10-20,Nieokreślone (puste pole),21*19'350,51*32'461,P1715W,Obszar niezabudowany,"Zakręt, łuk",Droga powiatowa,Jednojezdniowa dwukierunkowa,N,POWIAT RADOMSKI,JASTRZĘBIA - OBSZAR WIEJSKI
1,0,1,2018,Opady deszczu,Wywrócenie się pojazdu,Opady deszczu,Światło dzienne,Jezdnia,EWK-107408475Y,13,2018-10-28,Lekko,22*33'313,52*12'593,698,Obszar niezabudowany,Odcinek prosty,Droga wojewódzka,Jednojezdniowa dwukierunkowa,T,POWIAT SIEDLECKI,MORDY - OBSZAR WIEJSKI
1,0,1,2018,Opady deszczu,Wywrócenie się pojazdu,Opady deszczu,Światło dzienne,Jezdnia,EWK-107463157P,8,2018-11-23,Lekko,19*45'145,52*41'419,5201W,Obszar niezabudowany,Odcinek prosty,Droga powiatowa,Jednojezdniowa dwukierunkowa,N,POWIAT SIERPECKI,GOZDOWO - OBSZAR WIEJSKI
1,0,0,2018,Opady deszczu,Wywrócenie się pojazdu,Opady deszczu,Światło dzienne,Jezdnia,EWK-107463157P,8,2018-11-23,Nieokreślone (puste pole),19*45'145,52*41'419,5201W,Obszar niezabudowany,Odcinek prosty,Droga powiatowa,Jednojezdniowa dwukierunkowa,N,POWIAT SIERPECKI,GOZDOWO - OBSZAR WIEJSKI
1,0,1,2018,Opady deszczu,Wywrócenie się pojazdu,Opady deszczu,Światło dzienne,Pobocze,EWK-107420806L,10,2018-11-03,Lekko,21*23'422,51*48'323,P1706W,Obszar niezabudowany,Odcinek prosty,Droga powiatowa,Jednojezdniowa dwukierunkowa,N,POWIAT KOZIENICKI,MAGNUSZEW - OBSZAR WIEJSKI
1,0,1,2018,Opady deszczu,Wywrócenie się pojazdu,Opady deszczu,Światło dzienne,"Skarpa, rów",EWK-107171421E,12,2018-08-11,Lekko,20*16'571,52*32'020,50,Obszar niezabudowany,Odcinek prosty,Droga krajowa,Jednojezdniowa dwukierunkowa,N,POWIAT PŁOŃSKI,NARUSZEWO - OBSZAR WIEJSKI
1,0,0,2018,Opady deszczu,Wywrócenie się pojazdu,Opady deszczu,Światło dzienne,"Skarpa, rów",EWK-107171421E,12,2018-08-11,Nieokreślone (puste pole),20*16'571,52*32'020,50,Obszar niezabudowany,Odcinek prosty,Droga krajowa,Jednojezdniowa dwukierunkowa,N,POWIAT PŁOŃSKI,NARUSZEWO - OBSZAR WIEJSKI
1,0,1,2018,Opady deszczu,Wywrócenie się pojazdu,Opady deszczu,"Świt, zmrok",Jezdnia,EWK-107227188G,19,2018-08-24,Ciężko,20*52'170,53*03'248,57,Obszar niezabudowany,Odcinek prosty,Droga krajowa,Jednojezdniowa dwukierunkowa,N,POWIAT PRZASNYSKI,PRZASNYSZ - OBSZAR WIEJSKI
1,0,4,2018,Opady deszczu,Wywrócenie się pojazdu,Opady deszczu,"Świt, zmrok","Skarpa, rów",EWK-107316882E,18,2018-09-26,Lekko,22*41'425,52*11'086,P2050W,Obszar niezabudowany,"Zakręt, łuk",Droga powiatowa,Jednojezdniowa dwukierunkowa,T,POWIAT ŁOSICKI,ŁOSICE - OBSZAR WIEJSKI
1,0,0,2018,Opady deszczu,Wywrócenie się pojazdu,Opady deszczu,"Świt, zmrok","Skarpa, rów",EWK-107316882E,18,2018-09-26,Nieokreślone (puste pole),22*41'425,52*11'086,P2050W,Obszar niezabudowany,"Zakręt, łuk",Droga powiatowa,Jednojezdniowa dwukierunkowa,T,POWIAT ŁOSICKI,ŁOSICE - OBSZAR WIEJSKI
1,0,1,2018,Opady deszczu,Zderzenie pojazdów boczne,Opady deszczu,Noc - droga nieoświetlona,Jezdnia,EWK-106703692F,17,2018-01-29,Ciężko,19*39'201,52*52'578,560,Obszar niezabudowany,Odcinek prosty,Droga wojewódzka,Jednojezdniowa dwukierunkowa,N,POWIAT SIERPECKI,SIERPC - OBSZAR MIEJSKI
1,0,0,2018,Opady deszczu,Zderzenie pojazdów boczne,Opady deszczu,Noc - droga nieoświetlona,Jezdnia,EWK-106703692F,17,2018-01-29,Nieokreślone (puste pole),19*39'201,52*52'578,560,Obszar niezabudowany,Odcinek prosty,Droga wojewódzka,Jednojezdniowa dwukierunkowa,N,POWIAT SIERPECKI,SIERPC - OBSZAR MIEJSKI
1,0,1,2018,Opady deszczu,Zderzenie pojazdów boczne,Opady deszczu,Noc - droga nieoświetlona,Jezdnia,EWK-107394811M,18,2018-10-22,Ciężko,20*58'388,53*04'142,544,Obszar niezabudowany,Odcinek prosty,Droga wojewódzka,Jednojezdniowa dwukierunkowa,T,POWIAT PRZASNYSKI,PRZASNYSZ - OBSZAR WIEJSKI
1,0,0,2018,Opady deszczu,Zderzenie pojazdów boczne,Opady deszczu,Noc - droga nieoświetlona,Jezdnia,EWK-107394811M,18,2018-10-22,Nieokreślone (puste pole),20*58'388,53*04'142,544,Obszar niezabudowany,Odcinek prosty,Droga wojewódzka,Jednojezdniowa dwukierunkowa,T,POWIAT PRZASNYSKI,PRZASNYSZ - OBSZAR WIEJSKI
1,0,1,2018,Opady deszczu,Zderzenie pojazdów boczne,Opady deszczu,Noc - droga nieoświetlona,Jezdnia,EWK-107424994E,18,2018-11-04,Lekko,21*47'578,51*43'210,17,Obszar niezabudowany,Odcinek prosty,Droga krajowa,Jednojezdniowa dwukierunkowa,N,POWIAT GARWOLIŃSKI,TROJANÓW - OBSZAR WIEJSKI
1,0,0,2018,Opady deszczu,Zderzenie pojazdów boczne,Opady deszczu,Noc - droga nieoświetlona,Jezdnia,EWK-107424994E,18,2018-11-04,Nieokreślone (puste pole),21*47'578,51*43'210,17,Obszar niezabudowany,Odcinek prosty,Droga krajowa,Jednojezdniowa dwukierunkowa,N,POWIAT GARWOLIŃSKI,TROJANÓW - OBSZAR WIEJSKI
1,0,1,2018,Opady deszczu,Zderzenie pojazdów boczne,Opady deszczu,Noc - droga oświetlona,"Chodnik, droga dla pieszych",EWK-106658339D,19,2018-01-04,Lekko,21*54'302,52*47'473,627,Obszar zabudowany,Odcinek prosty,Droga wojewódzka,Jednojezdniowa dwukierunkowa,N,POWIAT OSTROWSKI,OSTRÓW MAZOWIECKA - OBSZAR MIEJSKI
1,0,0,2018,Opady deszczu,Zderzenie pojazdów boczne,Opady deszczu,Noc - droga oświetlona,"Chodnik, droga dla pieszych",EWK-106658339D,19,2018-01-04,Nieokreślone (puste pole),21*54'302,52*47'473,627,Obszar zabudowany,Odcinek prosty,Droga wojewódzka,Jednojezdniowa dwukierunkowa,N,POWIAT OSTROWSKI,OSTRÓW MAZOWIECKA - OBSZAR MIEJSKI
1,0,1,2018,Opady deszczu,Zderzenie pojazdów boczne,Opady deszczu,Noc - droga oświetlona,Jezdnia,EWK-107306574X,19,2018-09-23,Lekko,21*28'423,51*27'312,787,Obszar zabudowany,Odcinek prosty,Droga wojewódzka,Jednojezdniowa dwukierunkowa,N,POWIAT RADOMSKI,PIONKI - OBSZAR WIEJSKI
1,0,0,2018,Opady deszczu,Zderzenie pojazdów boczne,Opady deszczu,Noc - droga oświetlona,Jezdnia,EWK-107306574X,19,2018-09-23,Nieokreślone (puste pole),21*28'423,51*27'312,787,Obszar zabudowany,Odcinek prosty,Droga wojewódzka,Jednojezdniowa dwukierunkowa,N,POWIAT RADOMSKI,PIONKI - OBSZAR WIEJSKI
1,0,1,2018,Opady deszczu,Zderzenie pojazdów boczne,Opady deszczu,Noc - droga oświetlona,Jezdnia,EWK-107476972E,5,2018-12-04,Ciężko,21*22'096,52*34'436,62,Obszar niezabudowany,,Droga krajowa,Jednojezdniowa dwukierunkowa,N,POWIAT WYSZKOWSKI,WYSZKÓW - OBSZAR WIEJSKI
1,0,1,2018,Opady deszczu,Zderzenie pojazdów boczne,Opady deszczu,Noc - droga oświetlona,Jezdnia,EWK-107476972E,5,2018-12-04,Lekko,21*22'096,52*34'436,62,Obszar niezabudowany,,Droga krajowa,Jednojezdniowa dwukierunkowa,N,POWIAT WYSZKOWSKI,WYSZKÓW - OBSZAR WIEJSKI
1,0,0,2018,Opady deszczu,Zderzenie pojazdów boczne,Opady deszczu,Noc - droga oświetlona,Jezdnia,EWK-107476972E,5,2018-12-04,Nieokreślone (puste pole),21*22'096,52*34'436,62,Obszar niezabudowany,,Droga krajowa,Jednojezdniowa dwukierunkowa,N,POWIAT WYSZKOWSKI,WYSZKÓW - OBSZAR WIEJSKI
1,0,1,2018,Opady deszczu,Zderzenie pojazdów boczne,Opady deszczu,Noc - droga oświetlona,Jezdnia,EWK-107524630U,16,2018-12-22,Lekko,21*05'266,51*38'471,48,Obszar zabudowany,"Zakręt, łuk",Droga krajowa,Jednojezdniowa dwukierunkowa,N,POWIAT BIAŁOBRZESKI,STROMIEC - OBSZAR WIEJSKI
1,0,0,2018,Opady deszczu,Zderzenie pojazdów boczne,Opady deszczu,Noc - droga oświetlona,Jezdnia,EWK-107524630U,16,2018-12-22,Nieokreślone (puste pole),21*05'266,51*38'471,48,Obszar zabudowany,"Zakręt, łuk",Droga krajowa,Jednojezdniowa dwukierunkowa,N,POWIAT BIAŁOBRZESKI,STROMIEC - OBSZAR WIEJSKI
1,0,2,2018,Opady deszczu,Zderzenie pojazdów boczne,Opady deszczu,Noc - droga oświetlona,Jezdnia,EWK-107527832G,20,2018-12-23,Lekko,20*37'280,52*52'047,50,Obszar zabudowany,,Droga krajowa,Dwie jezdnie jednokierunkowe,N,POWIAT CIECHANOWSKI,CIECHANÓW - OBSZAR MIEJSKI
1,0,2,2018,Opady deszczu,Zderzenie pojazdów boczne,Opady deszczu,Noc - droga oświetlona,Jezdnia,EWK-107531300J,0,2018-12-26,Lekko,19*41'369,52*32'350,5207W,Obszar zabudowany,,Droga powiatowa,Jednokierunkowa,N,POWIAT PŁOCK,PŁOCK - OBSZAR MIEJSKI
1,0,0,2018,Opady deszczu,Zderzenie pojazdów boczne,Opady deszczu,Noc - droga oświetlona,Jezdnia,EWK-107531300J,0,2018-12-26,Nieokreślone (puste pole),19*41'369,52*32'350,5207W,Obszar zabudowany,,Droga powiatowa,Jednokierunkowa,N,POWIAT PŁOCK,PŁOCK - OBSZAR MIEJSKI
1,0,1,2018,Opady deszczu,Zderzenie pojazdów boczne,Opady deszczu,Noc - droga oświetlona,"Wjazd, wyjazd z posesji, pola",EWK-107489044L,5,2018-12-10,Lekko,19*41'573,52*33'384,5213W,Obszar zabudowany,Odcinek prosty,Droga powiatowa,Jednojezdniowa dwukierunkowa,N,POWIAT PŁOCK,PŁOCK - OBSZAR MIEJSKI