Liczba wypadków,Liczba zabitych,Liczba rannych,Rok,Warunki atmosferyczne,Rodzaj zdarzenia,Warunki atmosferyczne,Oświetlenie,Charakterystyka miejsca zdarzenia,IDKSIP zdarzenia,Godzina,Dzień,Ranny,GPS x,GPS y,Numer drogi,Obszar,Geometria drogi,Kategoria drogi 1,Rodzaj drogi,Czy w zdarzeniu był sprawca nietrzeźwy,Powiat,Gmina
1,0,1,2018,Opady deszczu,Zderzenie pojazdów czołowe,Opady deszczu,Światło dzienne,Jezdnia,EWK-107102896M,14,2018-07-13,Lekko,22*06'061,52*18'333,696,Obszar niezabudowany,Odcinek prosty,Droga wojewódzka,Jednojezdniowa dwukierunkowa,N,POWIAT SIEDLECKI,MOKOBODY - OBSZAR WIEJSKI
1,0,0,2018,Opady deszczu,Zderzenie pojazdów czołowe,Opady deszczu,Światło dzienne,Jezdnia,EWK-107102896M,14,2018-07-13,Nieokreślone (puste pole),22*06'061,52*18'333,696,Obszar niezabudowany,Odcinek prosty,Droga wojewódzka,Jednojezdniowa dwukierunkowa,N,POWIAT SIEDLECKI,MOKOBODY - OBSZAR WIEJSKI
1,0,1,2018,Opady deszczu,Zderzenie pojazdów czołowe,Opady deszczu,Światło dzienne,Jezdnia,EWK-107105342Q,13,2018-07-15,Ciężko,21*37'404,52*37'435,P4405W,Obszar niezabudowany,"Zakręt, łuk",Droga powiatowa,Jednojezdniowa dwukierunkowa,N,POWIAT WYSZKOWSKI,BRAŃSZCZYK - OBSZAR WIEJSKI
1,0,0,2018,Opady deszczu,Zderzenie pojazdów czołowe,Opady deszczu,Światło dzienne,Jezdnia,EWK-107105342Q,13,2018-07-15,Nieokreślone (puste pole),21*37'404,52*37'435,P4405W,Obszar niezabudowany,"Zakręt, łuk",Droga powiatowa,Jednojezdniowa dwukierunkowa,N,POWIAT WYSZKOWSKI,BRAŃSZCZYK - OBSZAR WIEJSKI
1,0,1,2018,Opady deszczu,Zderzenie pojazdów czołowe,Opady deszczu,Światło dzienne,Jezdnia,EWK-107171955X,15,2018-08-11,Ciężko,21*32'032,52*34'470,62,Obszar niezabudowany,Odcinek prosty,Droga krajowa,Jednojezdniowa dwukierunkowa,N,POWIAT WYSZKOWSKI,WYSZKÓW - OBSZAR WIEJSKI
1,0,1,2018,Opady deszczu,Zderzenie pojazdów czołowe,Opady deszczu,Światło dzienne,Jezdnia,EWK-107171955X,15,2018-08-11,Lekko,21*32'032,52*34'470,62,Obszar niezabudowany,Odcinek prosty,Droga krajowa,Jednojezdniowa dwukierunkowa,N,POWIAT WYSZKOWSKI,WYSZKÓW - OBSZAR WIEJSKI
1,2,0,2018,Opady deszczu,Zderzenie pojazdów czołowe,Opady deszczu,Światło dzienne,Jezdnia,EWK-107171955X,15,2018-08-11,Nieokreślone (puste pole),21*32'032,52*34'470,62,Obszar niezabudowany,Odcinek prosty,Droga krajowa,Jednojezdniowa dwukierunkowa,N,POWIAT WYSZKOWSKI,WYSZKÓW - OBSZAR WIEJSKI
1,0,1,2018,Opady deszczu,Zderzenie pojazdów czołowe,Opady deszczu,Światło dzienne,Jezdnia,EWK-107268854P,16,2018-09-08,Ciężko,21*31'193,52*35'448,62,Obszar niezabudowany,"Zakręt, łuk",Droga krajowa,Jednojezdniowa dwukierunkowa,N,POWIAT WYSZKOWSKI,WYSZKÓW - OBSZAR WIEJSKI
1,0,1,2018,Opady deszczu,Zderzenie pojazdów czołowe,Opady deszczu,Światło dzienne,Jezdnia,EWK-107268854P,16,2018-09-08,Lekko,21*31'193,52*35'448,62,Obszar niezabudowany,"Zakręt, łuk",Droga krajowa,Jednojezdniowa dwukierunkowa,N,POWIAT WYSZKOWSKI,WYSZKÓW - OBSZAR WIEJSKI
1,0,0,2018,Opady deszczu,Zderzenie pojazdów czołowe,Opady deszczu,Światło dzienne,Jezdnia,EWK-107268854P,16,2018-09-08,Nieokreślone (puste pole),21*31'193,52*35'448,62,Obszar niezabudowany,"Zakręt, łuk",Droga krajowa,Jednojezdniowa dwukierunkowa,N,POWIAT WYSZKOWSKI,WYSZKÓW - OBSZAR WIEJSKI
1,0,2,2018,Opady deszczu,Zderzenie pojazdów czołowe,Opady deszczu,Światło dzienne,Jezdnia,EWK-107287858H,10,2018-09-15,Lekko,19*47'331,52*35'532,60,Obszar niezabudowany,"Zakręt, łuk",Droga krajowa,Jednojezdniowa dwukierunkowa,N,POWIAT PŁOCKI,RADZANOWO - OBSZAR WIEJSKI
1,0,0,2018,Opady deszczu,Zderzenie pojazdów czołowe,Opady deszczu,Światło dzienne,Jezdnia,EWK-107287858H,10,2018-09-15,Nieokreślone (puste pole),19*47'331,52*35'532,60,Obszar niezabudowany,"Zakręt, łuk",Droga krajowa,Jednojezdniowa dwukierunkowa,N,POWIAT PŁOCKI,RADZANOWO - OBSZAR WIEJSKI
1,0,3,2018,Opady deszczu,Zderzenie pojazdów czołowe,Opady deszczu,Światło dzienne,Jezdnia,EWK-107397303J,13,2018-10-23,Lekko,21*53'260,52*57'154,677,Obszar niezabudowany,Odcinek prosty,Droga wojewódzka,Jednojezdniowa dwukierunkowa,N,POWIAT OSTROWSKI,STARY LUBOTYŃ - OBSZAR WIEJSKI
1,1,0,2018,Opady deszczu,Zderzenie pojazdów czołowe,Opady deszczu,Światło dzienne,Jezdnia,EWK-107397303J,13,2018-10-23,Nieokreślone (puste pole),21*53'260,52*57'154,677,Obszar niezabudowany,Odcinek prosty,Droga wojewódzka,Jednojezdniowa dwukierunkowa,N,POWIAT OSTROWSKI,STARY LUBOTYŃ - OBSZAR WIEJSKI
1,0,1,2018,Opady deszczu,Zderzenie pojazdów czołowe,Opady deszczu,Światło dzienne,Jezdnia,EWK-107401227K,10,2018-10-25,Ciężko,21*45'128,51*29'438,738,Obszar niezabudowany,Odcinek prosty,Droga wojewódzka,Jednojezdniowa dwukierunkowa,N,POWIAT KOZIENICKI,GNIEWOSZÓW - OBSZAR WIEJSKI
1,0,0,2018,Opady deszczu,Zderzenie pojazdów czołowe,Opady deszczu,Światło dzienne,Jezdnia,EWK-107401227K,10,2018-10-25,Nieokreślone (puste pole),21*45'128,51*29'438,738,Obszar niezabudowany,Odcinek prosty,Droga wojewódzka,Jednojezdniowa dwukierunkowa,N,POWIAT KOZIENICKI,GNIEWOSZÓW - OBSZAR WIEJSKI
1,0,1,2018,Opady deszczu,Zderzenie pojazdów czołowe,Opady deszczu,Światło dzienne,Jezdnia,EWK-107401360T,11,2018-10-25,Lekko,21*30'323,51*25'171,787,Obszar zabudowany,"Zakręt, łuk",Droga wojewódzka,Jednojezdniowa dwukierunkowa,N,POWIAT RADOMSKI,PIONKI - OBSZAR WIEJSKI
1,0,0,2018,Opady deszczu,Zderzenie pojazdów czołowe,Opady deszczu,Światło dzienne,Jezdnia,EWK-107401360T,11,2018-10-25,Nieokreślone (puste pole),21*30'323,51*25'171,787,Obszar zabudowany,"Zakręt, łuk",Droga wojewódzka,Jednojezdniowa dwukierunkowa,N,POWIAT RADOMSKI,PIONKI - OBSZAR WIEJSKI
1,0,1,2018,Opady deszczu,Zderzenie pojazdów czołowe,Opady deszczu,Światło dzienne,Jezdnia,EWK-107458057X,8,2018-11-23,Ciężko,20*20'491,52*37'079,W570,Obszar niezabudowany,"Zakręt, łuk",Droga wojewódzka,Jednojezdniowa dwukierunkowa,N,POWIAT PŁOŃSKI,NARUSZEWO - OBSZAR WIEJSKI
1,0,0,2018,Opady deszczu,Zderzenie pojazdów czołowe,Opady deszczu,Światło dzienne,Jezdnia,EWK-107458057X,8,2018-11-23,Nieokreślone (puste pole),20*20'491,52*37'079,W570,Obszar niezabudowany,"Zakręt, łuk",Droga wojewódzka,Jednojezdniowa dwukierunkowa,N,POWIAT PŁOŃSKI,NARUSZEWO - OBSZAR WIEJSKI
1,0,1,2018,Opady deszczu,Zderzenie pojazdów czołowe,Opady deszczu,Światło dzienne,Jezdnia,EWK-107485149E,13,2018-12-07,Lekko,21*13'349,51*25'343,737,Obszar zabudowany,Odcinek prosty,Droga wojewódzka,Jednojezdniowa dwukierunkowa,N,POWIAT RADOMSKI,JEDLNIA-LETNISKO - OBSZAR WIEJSKI
1,0,0,2018,Opady deszczu,Zderzenie pojazdów czołowe,Opady deszczu,Światło dzienne,Jezdnia,EWK-107485149E,13,2018-12-07,Nieokreślone (puste pole),21*13'349,51*25'343,737,Obszar zabudowany,Odcinek prosty,Droga wojewódzka,Jednojezdniowa dwukierunkowa,N,POWIAT RADOMSKI,JEDLNIA-LETNISKO - OBSZAR WIEJSKI
1,0,2,2018,Opady deszczu,Zderzenie pojazdów czołowe,Opady deszczu,Światło dzienne,Jezdnia,EWK-107535766N,14,2018-12-27,Lekko,20*58'251,51*38'587,48,Obszar niezabudowany,,Droga krajowa,Jednojezdniowa dwukierunkowa,N,POWIAT BIAŁOBRZESKI,BIAŁOBRZEGI - OBSZAR WIEJSKI
1,0,0,2018,Opady deszczu,Zderzenie pojazdów czołowe,Opady deszczu,Światło dzienne,Jezdnia,EWK-107535766N,14,2018-12-27,Nieokreślone (puste pole),20*58'251,51*38'587,48,Obszar niezabudowany,,Droga krajowa,Jednojezdniowa dwukierunkowa,N,POWIAT BIAŁOBRZESKI,BIAŁOBRZEGI - OBSZAR WIEJSKI
1,0,3,2018,Opady deszczu,Zderzenie pojazdów czołowe,Opady deszczu,"Świt, zmrok",Jezdnia,EWK-106977463M,20,2018-05-26,Lekko,21*52'533,52*01'377,,Obszar zabudowany,Odcinek prosty,Nieokreślone (puste pole),Jednojezdniowa dwukierunkowa,T,POWIAT SIEDLECKI,SIEDLCE - OBSZAR WIEJSKI
1,1,0,2018,Opady deszczu,Zderzenie pojazdów tylne,Opady deszczu,Noc - droga nieoświetlona,Jezdnia,EWK-107404115R,18,2018-10-25,Nieokreślone (puste pole),19*52'527,52*53'322,561,Obszar niezabudowany,Odcinek prosty,Droga wojewódzka,Jednojezdniowa dwukierunkowa,N,POWIAT SIERPECKI,ZAWIDZ - OBSZAR WIEJSKI
1,0,1,2018,Opady deszczu,Zderzenie pojazdów tylne,Opady deszczu,Noc - droga nieoświetlona,Jezdnia,EWK-107491632W,16,2018-12-11,Lekko,19*40'283,52*49'570,560,Obszar niezabudowany,Odcinek prosty,Droga wojewódzka,Jednojezdniowa dwukierunkowa,N,POWIAT SIERPECKI,SIERPC - OBSZAR WIEJSKI
1,0,0,2018,Opady deszczu,Zderzenie pojazdów tylne,Opady deszczu,Noc - droga nieoświetlona,Jezdnia,EWK-107491632W,16,2018-12-11,Nieokreślone (puste pole),19*40'283,52*49'570,560,Obszar niezabudowany,Odcinek prosty,Droga wojewódzka,Jednojezdniowa dwukierunkowa,N,POWIAT SIERPECKI,SIERPC - OBSZAR WIEJSKI
1,0,1,2018,Opady deszczu,Zderzenie pojazdów tylne,Opady deszczu,Noc - droga nieoświetlona,Jezdnia,EWK-107501122U,16,2018-12-14,Lekko,19*46'488,52*31'498,62,Obszar zabudowany,Odcinek prosty,Droga krajowa,Jednojezdniowa dwukierunkowa,N,POWIAT PŁOCK,PŁOCK - OBSZAR MIEJSKI
1,0,0,2018,Opady deszczu,Zderzenie pojazdów tylne,Opady deszczu,Noc - droga nieoświetlona,Jezdnia,EWK-107501122U,16,2018-12-14,Nieokreślone (puste pole),19*46'488,52*31'498,62,Obszar zabudowany,Odcinek prosty,Droga krajowa,Jednojezdniowa dwukierunkowa,N,POWIAT PŁOCK,PŁOCK - OBSZAR MIEJSKI
1,0,2,2018,Opady deszczu,Zderzenie pojazdów tylne,Opady deszczu,Noc - droga nieoświetlona,Jezdnia,EWK-107537426L,17,2018-12-27,Lekko,21*12'139,51*45'427,730,Obszar niezabudowany,Odcinek prosty,Droga wojewódzka,Jednojezdniowa dwukierunkowa,N,POWIAT KOZIENICKI,GRABÓW NAD PILICĄ - OBSZAR WIEJSKI
1,0,0,2018,Opady deszczu,Zderzenie pojazdów tylne,Opady deszczu,Noc - droga nieoświetlona,Jezdnia,EWK-107537426L,17,2018-12-27,Nieokreślone (puste pole),21*12'139,51*45'427,730,Obszar niezabudowany,Odcinek prosty,Droga wojewódzka,Jednojezdniowa dwukierunkowa,N,POWIAT KOZIENICKI,GRABÓW NAD PILICĄ - OBSZAR WIEJSKI
1,0,1,2018,Opady deszczu,Zderzenie pojazdów tylne,Opady deszczu,Światło dzienne,Jezdnia,EWK-106708087K,10,2018-02-01,Lekko,21*58'194,52*26'417,62,Obszar niezabudowany,Odcinek prosty,Droga krajowa,Jednojezdniowa dwukierunkowa,N,POWIAT WĘGROWSKI,LIW - OBSZAR WIEJSKI
1,0,0,2018,Opady deszczu,Zderzenie pojazdów tylne,Opady deszczu,Światło dzienne,Jezdnia,EWK-106708087K,10,2018-02-01,Nieokreślone (puste pole),21*58'194,52*26'417,62,Obszar niezabudowany,Odcinek prosty,Droga krajowa,Jednojezdniowa dwukierunkowa,N,POWIAT WĘGROWSKI,LIW - OBSZAR WIEJSKI
1,0,2,2018,Opady deszczu,Zderzenie pojazdów tylne,Opady deszczu,Światło dzienne,Jezdnia,EWK-106951997F,15,2018-05-17,Lekko,19*43'270,52*32'203,P5222W,Obszar zabudowany,,Droga powiatowa,Jednojezdniowa dwukierunkowa,N,POWIAT PŁOCK,PŁOCK - OBSZAR MIEJSKI
1,0,0,2018,Opady deszczu,Zderzenie pojazdów tylne,Opady deszczu,Światło dzienne,Jezdnia,EWK-106951997F,15,2018-05-17,Nieokreślone (puste pole),19*43'270,52*32'203,P5222W,Obszar zabudowany,,Droga powiatowa,Jednojezdniowa dwukierunkowa,N,POWIAT PŁOCK,PŁOCK - OBSZAR MIEJSKI
1,0,2,2018,Opady deszczu,Zderzenie pojazdów tylne,Opady deszczu,Światło dzienne,Jezdnia,EWK-107000657F,17,2018-06-11,Lekko,20*30'049,52*32'568,7,Obszar niezabudowany,,Droga krajowa,Jednojezdniowa dwukierunkowa,N,POWIAT PŁOŃSKI,ZAŁUSKI - OBSZAR WIEJSKI
1,1,0,2018,Opady deszczu,Zderzenie pojazdów tylne,Opady deszczu,Światło dzienne,Jezdnia,EWK-107000657F,17,2018-06-11,Nieokreślone (puste pole),20*30'049,52*32'568,7,Obszar niezabudowany,,Droga krajowa,Jednojezdniowa dwukierunkowa,N,POWIAT PŁOŃSKI,ZAŁUSKI - OBSZAR WIEJSKI
1,0,2,2018,Opady deszczu,Zderzenie pojazdów tylne,Opady deszczu,Światło dzienne,Jezdnia,EWK-107054856R,13,2018-06-23,Lekko,19*25'589,52*22'381,60,Obszar niezabudowany,Odcinek prosty,Droga krajowa,Jednojezdniowa dwukierunkowa,N,POWIAT GOSTYNIŃSKI,GOSTYNIN - OBSZAR WIEJSKI
1,0,0,2018,Opady deszczu,Zderzenie pojazdów tylne,Opady deszczu,Światło dzienne,Jezdnia,EWK-107054856R,13,2018-06-23,Nieokreślone (puste pole),19*25'589,52*22'381,60,Obszar niezabudowany,Odcinek prosty,Droga krajowa,Jednojezdniowa dwukierunkowa,N,POWIAT GOSTYNIŃSKI,GOSTYNIN - OBSZAR WIEJSKI
1,0,1,2018,Opady deszczu,Zderzenie pojazdów tylne,Opady deszczu,Światło dzienne,Jezdnia,EWK-107072112E,7,2018-06-28,Lekko,21*08'337,51*24'328,P5302W,Obszar zabudowany,,Droga powiatowa,Dwie jezdnie jednokierunkowe,N,POWIAT RADOM,RADOM - OBSZAR MIEJSKI
1,0,0,2018,Opady deszczu,Zderzenie pojazdów tylne,Opady deszczu,Światło dzienne,Jezdnia,EWK-107072112E,7,2018-06-28,Nieokreślone (puste pole),21*08'337,51*24'328,P5302W,Obszar zabudowany,,Droga powiatowa,Dwie jezdnie jednokierunkowe,N,POWIAT RADOM,RADOM - OBSZAR MIEJSKI
1,0,1,2018,Opady deszczu,Zderzenie pojazdów tylne,Opady deszczu,Światło dzienne,Jezdnia,EWK-107080126R,7,2018-07-02,Ciężko,21*35'534,53*04'590,P5104W,Obszar zabudowany,,Droga powiatowa,Jednojezdniowa dwukierunkowa,N,POWIAT OSTROŁĘKA,OSTROŁĘKA - OBSZAR MIEJSKI
1,0,0,2018,Opady deszczu,Zderzenie pojazdów tylne,Opady deszczu,Światło dzienne,Jezdnia,EWK-107080126R,7,2018-07-02,Nieokreślone (puste pole),21*35'534,53*04'590,P5104W,Obszar zabudowany,,Droga powiatowa,Jednojezdniowa dwukierunkowa,N,POWIAT OSTROŁĘKA,OSTROŁĘKA - OBSZAR MIEJSKI
1,0,2,2018,Opady deszczu,Zderzenie pojazdów tylne,Opady deszczu,Światło dzienne,Jezdnia,EWK-107080262Q,10,2018-07-02,Lekko,21*05'452,52*38'043,61,Obszar niezabudowany,Odcinek prosty,Droga krajowa,Jednojezdniowa dwukierunkowa,N,POWIAT PUŁTUSKI,POKRZYWNICA - OBSZAR WIEJSKI
1,0,0,2018,Opady deszczu,Zderzenie pojazdów tylne,Opady deszczu,Światło dzienne,Jezdnia,EWK-107080262Q,10,2018-07-02,Nieokreślone (puste pole),21*05'452,52*38'043,61,Obszar niezabudowany,Odcinek prosty,Droga krajowa,Jednojezdniowa dwukierunkowa,N,POWIAT PUŁTUSKI,POKRZYWNICA - OBSZAR WIEJSKI
1,0,1,2018,Opady deszczu,Zderzenie pojazdów tylne,Opady deszczu,Światło dzienne,Jezdnia,EWK-107080835L,13,2018-06-30,Lekko,21*07'400,51*22'357,744,Obszar zabudowany,Odcinek prosty,Droga wojewódzka,Dwie jezdnie jednokierunkowe,N,POWIAT RADOM,RADOM - OBSZAR MIEJSKI
1,0,0,2018,Opady deszczu,Zderzenie pojazdów tylne,Opady deszczu,Światło dzienne,Jezdnia,EWK-107080835L,13,2018-06-30,Nieokreślone (puste pole),21*07'400,51*22'357,744,Obszar zabudowany,Odcinek prosty,Droga wojewódzka,Dwie jezdnie jednokierunkowe,N,POWIAT RADOM,RADOM - OBSZAR MIEJSKI
1,0,2,2018,Opady deszczu,Zderzenie pojazdów tylne,Opady deszczu,Światło dzienne,Jezdnia,EWK-107081170N,15,2018-07-02,Lekko,21*10'181,51*24'157,P5329W,Obszar zabudowany,,Droga powiatowa,Jednojezdniowa dwukierunkowa,N,POWIAT RADOM,RADOM - OBSZAR MIEJSKI
1,0,0,2018,Opady deszczu,Zderzenie pojazdów tylne,Opady deszczu,Światło dzienne,Jezdnia,EWK-107081170N,15,2018-07-02,Nieokreślone (puste pole),21*10'181,51*24'157,P5329W,Obszar zabudowany,,Droga powiatowa,Jednojezdniowa dwukierunkowa,N,POWIAT RADOM,RADOM - OBSZAR MIEJSKI
1,0,3,2018,Opady deszczu,Zderzenie pojazdów tylne,Opady deszczu,Światło dzienne,Jezdnia,EWK-107090783X,19,2018-07-08,Lekko,21*01'243,51*20'121,7,Obszar niezabudowany,Odcinek prosty,Droga krajowa,Jednojezdniowa dwukierunkowa,N,POWIAT RADOMSKI,KOWALA - OBSZAR WIEJSKI
1,0,0,2018,Opady deszczu,Zderzenie pojazdów tylne,Opady deszczu,Światło dzienne,Jezdnia,EWK-107090783X,19,2018-07-08,Nieokreślone (puste pole),21*01'243,51*20'121,7,Obszar niezabudowany,Odcinek prosty,Droga krajowa,Jednojezdniowa dwukierunkowa,N,POWIAT RADOMSKI,KOWALA - OBSZAR WIEJSKI
1,0,1,2018,Opady deszczu,Zderzenie pojazdów tylne,Opady deszczu,Światło dzienne,Jezdnia,EWK-107103075E,16,2018-07-13,Ciężko,21*32'022,52*37'039,4403W,Obszar zabudowany,Spadek,Droga powiatowa,Jednojezdniowa dwukierunkowa,N,POWIAT WYSZKOWSKI,BRAŃSZCZYK - OBSZAR WIEJSKI
1,0,0,2018,Opady deszczu,Zderzenie pojazdów tylne,Opady deszczu,Światło dzienne,Jezdnia,EWK-107103075E,16,2018-07-13,Nieokreślone (puste pole),21*32'022,52*37'039,4403W,Obszar zabudowany,Spadek,Droga powiatowa,Jednojezdniowa dwukierunkowa,N,POWIAT WYSZKOWSKI,BRAŃSZCZYK - OBSZAR WIEJSKI
1,0,1,2018,Opady deszczu,Zderzenie pojazdów tylne,Opady deszczu,Światło dzienne,Jezdnia,EWK-107108979E,11,2018-07-17,Lekko,19*25'311,52*20'467,60,Obszar zabudowany,"Zakręt, łuk",Droga krajowa,Jednojezdniowa dwukierunkowa,N,POWIAT GOSTYNIŃSKI,GOSTYNIN - OBSZAR WIEJSKI
1,0,0,2018,Opady deszczu,Zderzenie pojazdów tylne,Opady deszczu,Światło dzienne,Jezdnia,EWK-107108979E,11,2018-07-17,Nieokreślone (puste pole),19*25'311,52*20'467,60,Obszar zabudowany,"Zakręt, łuk",Droga krajowa,Jednojezdniowa dwukierunkowa,N,POWIAT GOSTYNIŃSKI,GOSTYNIN - OBSZAR WIEJSKI
1,0,1,2018,Opady deszczu,Zderzenie pojazdów tylne,Opady deszczu,Światło dzienne,Jezdnia,EWK-107125220X,14,2018-07-25,Ciężko,19*20'203,52*21'112,A1,Obszar niezabudowany,Odcinek prosty,Autostrada,Autostrada,N,POWIAT GOSTYNIŃSKI,GOSTYNIN - OBSZAR WIEJSKI
1,2,0,2018,Opady deszczu,Zderzenie pojazdów tylne,Opady deszczu,Światło dzienne,Jezdnia,EWK-107125220X,14,2018-07-25,Nieokreślone (puste pole),19*20'203,52*21'112,A1,Obszar niezabudowany,Odcinek prosty,Autostrada,Autostrada,N,POWIAT GOSTYNIŃSKI,GOSTYNIN - OBSZAR WIEJSKI
1,0,1,2018,Opady deszczu,Zderzenie pojazdów tylne,Opady deszczu,Światło dzienne,Jezdnia,EWK-107170990U,11,2018-08-11,Lekko,20*17'137,52*47'061,7,Obszar zabudowany,Odcinek prosty,Droga krajowa,Jednojezdniowa dwukierunkowa,N,POWIAT CIECHANOWSKI,GLINOJECK - OBSZAR WIEJSKI
1,0,0,2018,Opady deszczu,Zderzenie pojazdów tylne,Opady deszczu,Światło dzienne,Jezdnia,EWK-107170990U,11,2018-08-11,Nieokreślone (puste pole),20*17'137,52*47'061,7,Obszar zabudowany,Odcinek prosty,Droga krajowa,Jednojezdniowa dwukierunkowa,N,POWIAT CIECHANOWSKI,GLINOJECK - OBSZAR WIEJSKI
1,1,0,2018,Opady deszczu,Zderzenie pojazdów tylne,Opady deszczu,Światło dzienne,Jezdnia,EWK-107227935W,12,2018-08-25,Nieokreślone (puste pole),20*21'144,52*05'069,A2,Obszar niezabudowany,Odcinek prosty,Autostrada,Autostrada,N,POWIAT ŻYRARDOWSKI,WISKITKI - OBSZAR WIEJSKI
1,0,1,2018,Opady deszczu,Zderzenie pojazdów tylne,Opady deszczu,Światło dzienne,Jezdnia,EWK-107231735W,9,2018-08-25,Lekko,20*10'556,52*23'147,50,Obszar niezabudowany,,Droga krajowa,Jednojezdniowa dwukierunkowa,N,POWIAT PŁOCKI,WYSZOGRÓD - OBSZAR WIEJSKI
1,0,0,2018,Opady deszczu,Zderzenie pojazdów tylne,Opady deszczu,Światło dzienne,Jezdnia,EWK-107231735W,9,2018-08-25,Nieokreślone (puste pole),20*10'556,52*23'147,50,Obszar niezabudowany,,Droga krajowa,Jednojezdniowa dwukierunkowa,N,POWIAT PŁOCKI,WYSZOGRÓD - OBSZAR WIEJSKI
1,0,1,2018,Opady deszczu,Zderzenie pojazdów tylne,Opady deszczu,Światło dzienne,Jezdnia,EWK-107398551L,6,2018-10-24,Lekko,21*05'486,52*37'550,61,Obszar niezabudowany,Odcinek prosty,Droga krajowa,Jednojezdniowa dwukierunkowa,N,POWIAT PUŁTUSKI,POKRZYWNICA - OBSZAR WIEJSKI
1,0,0,2018,Opady deszczu,Zderzenie pojazdów tylne,Opady deszczu,Światło dzienne,Jezdnia,EWK-107398551L,6,2018-10-24,Nieokreślone (puste pole),21*05'486,52*37'550,61,Obszar niezabudowany,Odcinek prosty,Droga krajowa,Jednojezdniowa dwukierunkowa,N,POWIAT PUŁTUSKI,POKRZYWNICA - OBSZAR WIEJSKI
1,0,1,2018,Opady deszczu,Zderzenie pojazdów tylne,Opady deszczu,Światło dzienne,Jezdnia,EWK-107524577H,11,2018-12-22,Ciężko,20*23'443,53*07'594,7,Obszar zabudowany,,Droga krajowa,Jednojezdniowa dwukierunkowa,N,POWIAT MŁAWSKI,MŁAWA - OBSZAR MIEJSKI
1,1,0,2018,Opady deszczu,Zderzenie pojazdów tylne,Opady deszczu,Światło dzienne,Jezdnia,EWK-107524577H,11,2018-12-22,Nieokreślone (puste pole),20*23'443,53*07'594,7,Obszar zabudowany,,Droga krajowa,Jednojezdniowa dwukierunkowa,N,POWIAT MŁAWSKI,MŁAWA - OBSZAR MIEJSKI
1,0,1,2018,Opady deszczu,Zderzenie pojazdów tylne,Opady deszczu,Światło dzienne,"Most, wiadukt, łącznica, tunel",EWK-107002239T,11,2018-06-11,Lekko,19*41'137,52*31'543,P5219W,Obszar zabudowany,Odcinek prosty,Droga powiatowa,Jednojezdniowa dwukierunkowa,N,POWIAT PŁOCK,PŁOCK - OBSZAR MIEJSKI
1,0,0,2018,Opady deszczu,Zderzenie pojazdów tylne,Opady deszczu,Światło dzienne,"Most, wiadukt, łącznica, tunel",EWK-107002239T,11,2018-06-11,Nieokreślone (puste pole),19*41'137,52*31'543,P5219W,Obszar zabudowany,Odcinek prosty,Droga powiatowa,Jednojezdniowa dwukierunkowa,N,POWIAT PŁOCK,PŁOCK - OBSZAR MIEJSKI
1,0,1,2018,Opady deszczu,Zderzenie pojazdów tylne,Opady deszczu,"Świt, zmrok",Jezdnia,EWK-106835872R,6,2018-03-29,Lekko,21*12'313,51*28'367,P1715W,Obszar niezabudowany,Odcinek prosty,Droga powiatowa,Jednojezdniowa dwukierunkowa,N,POWIAT RADOMSKI,JASTRZĘBIA - OBSZAR WIEJSKI
1,0,0,2018,Opady deszczu,Zderzenie pojazdów tylne,Opady deszczu,"Świt, zmrok",Jezdnia,EWK-106835872R,6,2018-03-29,Nieokreślone (puste pole),21*12'313,51*28'367,P1715W,Obszar niezabudowany,Odcinek prosty,Droga powiatowa,Jednojezdniowa dwukierunkowa,N,POWIAT RADOMSKI,JASTRZĘBIA - OBSZAR WIEJSKI
1,0,1,2018,Opady deszczu,Zderzenie pojazdów tylne,Opady deszczu,"Świt, zmrok",Jezdnia,EWK-107395740U,18,2018-10-23,Lekko,21*01'235,51*26'039,740,Obszar zabudowany,Odcinek prosty,Droga wojewódzka,Jednojezdniowa dwukierunkowa,N,POWIAT RADOMSKI,ZAKRZEW - OBSZAR WIEJSKI
1,0,0,2018,Opady deszczu,Zderzenie pojazdów tylne,Opady deszczu,"Świt, zmrok",Jezdnia,EWK-107395740U,18,2018-10-23,Nieokreślone (puste pole),21*01'235,51*26'039,740,Obszar zabudowany,Odcinek prosty,Droga wojewódzka,Jednojezdniowa dwukierunkowa,N,POWIAT RADOMSKI,ZAKRZEW - OBSZAR WIEJSKI
1,0,1,2018,Opady deszczu,Zderzenie pojazdów tylne,Opady deszczu,"Świt, zmrok",Jezdnia,EWK-107499959G,15,2018-12-07,Ciężko,21*02'527,51*25'459,740,Obszar zabudowany,Odcinek prosty,Droga wojewódzka,Jednojezdniowa dwukierunkowa,N,POWIAT RADOMSKI,ZAKRZEW - OBSZAR WIEJSKI
1,0,1,2018,Opady deszczu,Zderzenie pojazdów tylne,Opady deszczu,"Świt, zmrok",Jezdnia,EWK-107499959G,15,2018-12-07,Lekko,21*02'527,51*25'459,740,Obszar zabudowany,Odcinek prosty,Droga wojewódzka,Jednojezdniowa dwukierunkowa,N,POWIAT RADOMSKI,ZAKRZEW - OBSZAR WIEJSKI
1,0,0,2018,Opady deszczu,Zderzenie pojazdów tylne,Opady deszczu,"Świt, zmrok",Jezdnia,EWK-107499959G,15,2018-12-07,Nieokreślone (puste pole),21*02'527,51*25'459,740,Obszar zabudowany,Odcinek prosty,Droga wojewódzka,Jednojezdniowa dwukierunkowa,N,POWIAT RADOMSKI,ZAKRZEW - OBSZAR WIEJSKI
1,0,2,2018,"Opady deszczu; Mgła, dym",Zderzenie pojazdów boczne,"Opady deszczu; Mgła, dym",Noc - droga oświetlona,Jezdnia,EWK-107276323Q,22,2018-09-08,Lekko,21*08'023,51*15'375,P3541W,Obszar zabudowany,,Droga powiatowa,Jednojezdniowa dwukierunkowa,N,POWIAT RADOMSKI,WIERZBICA - OBSZAR WIEJSKI