Liczba wypadków,Liczba zabitych,Liczba rannych,Rok,Warunki atmosferyczne,Rodzaj zdarzenia,Warunki atmosferyczne,Oświetlenie,Charakterystyka miejsca zdarzenia,IDKSIP zdarzenia,Godzina,Dzień,Ranny,GPS x,GPS y,Numer drogi,Obszar,Geometria drogi,Kategoria drogi 1,Rodzaj drogi,Czy w zdarzeniu był sprawca nietrzeźwy,Powiat,Gmina
1,0,0,2018,"Opady deszczu; Mgła, dym",Zderzenie pojazdów boczne,"Opady deszczu; Mgła, dym",Noc - droga oświetlona,Jezdnia,EWK-107276323Q,22,2018-09-08,Nieokreślone (puste pole),21*08'023,51*15'375,P3541W,Obszar zabudowany,,Droga powiatowa,Jednojezdniowa dwukierunkowa,N,POWIAT RADOMSKI,WIERZBICA - OBSZAR WIEJSKI
1,0,2,2018,"Opady śniegu, gradu",Inne,"Opady śniegu, gradu",Noc - droga nieoświetlona,"Skarpa, rów",EWK-106864466W,4,2018-04-02,Lekko,20*10'364,52*23'351,62,Obszar niezabudowany,Odcinek prosty,Droga krajowa,Jednojezdniowa dwukierunkowa,N,POWIAT PŁOCKI,WYSZOGRÓD - OBSZAR WIEJSKI
1,0,1,2018,"Opady śniegu, gradu",Inne,"Opady śniegu, gradu",Noc - droga oświetlona,Jezdnia,EWK-107529456A,18,2018-12-24,Ciężko,20*52'028,51*51'472,P1647W,Obszar zabudowany,Odcinek prosty,Droga powiatowa,Jednojezdniowa dwukierunkowa,N,POWIAT GRÓJECKI,GRÓJEC - OBSZAR MIEJSKI
1,0,0,2018,"Opady śniegu, gradu",Inne,"Opady śniegu, gradu",Noc - droga oświetlona,Jezdnia,EWK-107529456A,18,2018-12-24,Nieokreślone (puste pole),20*52'028,51*51'472,P1647W,Obszar zabudowany,Odcinek prosty,Droga powiatowa,Jednojezdniowa dwukierunkowa,N,POWIAT GRÓJECKI,GRÓJEC - OBSZAR MIEJSKI
1,0,1,2018,"Opady śniegu, gradu",Najechanie na drzewo,"Opady śniegu, gradu",Noc - droga nieoświetlona,Jezdnia,EWK-107449799D,16,2018-11-18,Lekko,20*31'544,51*23'543,G330202W,Obszar niezabudowany,Odcinek prosty,Droga gminna,Jednojezdniowa dwukierunkowa,N,POWIAT PRZYSUSKI,GIELNIÓW - OBSZAR WIEJSKI
1,0,1,2018,"Opady śniegu, gradu",Najechanie na drzewo,"Opady śniegu, gradu",Światło dzienne,Pobocze,EWK-106755085G,8,2018-02-23,Lekko,21*23'599,51*38'599,P1712W,Obszar niezabudowany,Odcinek prosty,Droga powiatowa,Jednojezdniowa dwukierunkowa,N,POWIAT KOZIENICKI,KOZIENICE - OBSZAR WIEJSKI
1,0,1,2018,"Opady śniegu, gradu",Najechanie na drzewo,"Opady śniegu, gradu",Światło dzienne,"Skarpa, rów",EWK-106757092R,7,2018-02-24,Ciężko,19*29'421,52*27'537,P1416W,Obszar niezabudowany,Odcinek prosty,Droga powiatowa,Jednojezdniowa dwukierunkowa,N,POWIAT GOSTYNIŃSKI,GOSTYNIN - OBSZAR WIEJSKI
1,0,1,2018,"Opady śniegu, gradu",Najechanie na drzewo,"Opady śniegu, gradu",Światło dzienne,"Skarpa, rów",EWK-107503400X,12,2018-12-16,Lekko,21*25'545,51*35'516,48,Obszar niezabudowany,"Zakręt, łuk",Droga krajowa,Jednojezdniowa dwukierunkowa,N,POWIAT KOZIENICKI,GŁOWACZÓW - OBSZAR WIEJSKI
1,1,0,2018,"Opady śniegu, gradu",Najechanie na pieszego,"Opady śniegu, gradu",Noc - droga nieoświetlona,Jezdnia,EWK-106740923G,2,2018-02-17,Nieokreślone (puste pole),20*25'500,53*11'134,7,Obszar zabudowany,,Droga krajowa,Jednojezdniowa dwukierunkowa,N,POWIAT MŁAWSKI,WIECZFNIA KOŚCIELNA - OBSZAR WIEJSKI
1,0,1,2018,"Opady śniegu, gradu",Najechanie na pieszego,"Opady śniegu, gradu",Noc - droga nieoświetlona,"Wjazd, wyjazd z posesji, pola",EWK-106670097X,17,2018-01-11,Ciężko,19*51'016,52*34'341,P2935W,Obszar niezabudowany,Odcinek prosty,Droga powiatowa,Jednojezdniowa dwukierunkowa,N,POWIAT PŁOCKI,RADZANOWO - OBSZAR WIEJSKI
1,0,0,2018,"Opady śniegu, gradu",Najechanie na pieszego,"Opady śniegu, gradu",Noc - droga nieoświetlona,"Wjazd, wyjazd z posesji, pola",EWK-106670097X,17,2018-01-11,Nieokreślone (puste pole),19*51'016,52*34'341,P2935W,Obszar niezabudowany,Odcinek prosty,Droga powiatowa,Jednojezdniowa dwukierunkowa,N,POWIAT PŁOCKI,RADZANOWO - OBSZAR WIEJSKI
1,0,1,2018,"Opady śniegu, gradu",Najechanie na pieszego,"Opady śniegu, gradu",Noc - droga oświetlona,Przejście dla pieszych,EWK-107518542U,20,2018-12-20,Ciężko,20*52'134,51*51'365,,Obszar zabudowany,Odcinek prosty,Nieokreślone (puste pole),Jednojezdniowa dwukierunkowa,N,POWIAT GRÓJECKI,GRÓJEC - OBSZAR MIEJSKI
1,0,0,2018,"Opady śniegu, gradu",Najechanie na pieszego,"Opady śniegu, gradu",Noc - droga oświetlona,Przejście dla pieszych,EWK-107518542U,20,2018-12-20,Nieokreślone (puste pole),20*52'134,51*51'365,,Obszar zabudowany,Odcinek prosty,Nieokreślone (puste pole),Jednojezdniowa dwukierunkowa,N,POWIAT GRÓJECKI,GRÓJEC - OBSZAR MIEJSKI
1,1,0,2018,"Opady śniegu, gradu",Najechanie na pieszego,"Opady śniegu, gradu",Światło dzienne,Przejście dla pieszych,EWK-106737231G,10,2018-02-15,Nieokreślone (puste pole),21*08'483,51*24'276,P5302W,Obszar zabudowany,Odcinek prosty,Droga powiatowa,Jednojezdniowa dwukierunkowa,N,POWIAT RADOM,RADOM - OBSZAR MIEJSKI
1,0,1,2018,"Opady śniegu, gradu",Najechanie na pieszego,"Opady śniegu, gradu",Światło dzienne,Przejście dla pieszych,EWK-106798643L,13,2018-03-16,Ciężko,20*26'179,52*03'205,GMINNA,Obszar zabudowany,Odcinek prosty,Droga gminna,Jednojezdniowa dwukierunkowa,N,POWIAT ŻYRARDOWSKI,ŻYRARDÓW - OBSZAR MIEJSKI
1,0,0,2018,"Opady śniegu, gradu",Najechanie na pieszego,"Opady śniegu, gradu",Światło dzienne,Przejście dla pieszych,EWK-106798643L,13,2018-03-16,Nieokreślone (puste pole),20*26'179,52*03'205,GMINNA,Obszar zabudowany,Odcinek prosty,Droga gminna,Jednojezdniowa dwukierunkowa,N,POWIAT ŻYRARDOWSKI,ŻYRARDÓW - OBSZAR MIEJSKI
1,0,1,2018,"Opady śniegu, gradu",Najechanie na pieszego,"Opady śniegu, gradu",Światło dzienne,Przejście dla pieszych,EWK-106834857H,9,2018-03-29,Lekko,19*40'132,52*50'578,G370499W,Obszar zabudowany,,Droga gminna,Jednojezdniowa dwukierunkowa,N,POWIAT SIERPECKI,SIERPC - OBSZAR MIEJSKI
1,0,0,2018,"Opady śniegu, gradu",Najechanie na pieszego,"Opady śniegu, gradu",Światło dzienne,Przejście dla pieszych,EWK-106834857H,9,2018-03-29,Nieokreślone (puste pole),19*40'132,52*50'578,G370499W,Obszar zabudowany,,Droga gminna,Jednojezdniowa dwukierunkowa,N,POWIAT SIERPECKI,SIERPC - OBSZAR MIEJSKI
1,0,1,2018,"Opady śniegu, gradu",Najechanie na pieszego,"Opady śniegu, gradu",Światło dzienne,"Wjazd, wyjazd z posesji, pola",EWK-106824103C,7,2018-03-28,Lekko,21*09'044,51*23'077,G530041W,Obszar zabudowany,Odcinek prosty,Droga gminna,Jednojezdniowa dwukierunkowa,N,POWIAT RADOM,RADOM - OBSZAR MIEJSKI
1,0,0,2018,"Opady śniegu, gradu",Najechanie na pieszego,"Opady śniegu, gradu",Światło dzienne,"Wjazd, wyjazd z posesji, pola",EWK-106824103C,7,2018-03-28,Nieokreślone (puste pole),21*09'044,51*23'077,G530041W,Obszar zabudowany,Odcinek prosty,Droga gminna,Jednojezdniowa dwukierunkowa,N,POWIAT RADOM,RADOM - OBSZAR MIEJSKI
1,0,1,2018,"Opady śniegu, gradu","Najechanie na słup, znak","Opady śniegu, gradu",Noc - droga oświetlona,Jezdnia,EWK-106687785Q,0,2018-01-19,Ciężko,21*09'293,51*23'096,12,Obszar zabudowany,Odcinek prosty,Droga krajowa,Dwie jezdnie jednokierunkowe,T,POWIAT RADOM,RADOM - OBSZAR MIEJSKI
1,1,0,2018,"Opady śniegu, gradu","Najechanie na słup, znak","Opady śniegu, gradu",Noc - droga oświetlona,Jezdnia,EWK-106687785Q,0,2018-01-19,Nieokreślone (puste pole),21*09'293,51*23'096,12,Obszar zabudowany,Odcinek prosty,Droga krajowa,Dwie jezdnie jednokierunkowe,T,POWIAT RADOM,RADOM - OBSZAR MIEJSKI
1,0,1,2018,"Opady śniegu, gradu","Najechanie na słup, znak","Opady śniegu, gradu",Noc - droga oświetlona,Jezdnia,EWK-106735290N,20,2018-02-14,Lekko,21*07'502,51*23'149,744,Obszar zabudowany,Odcinek prosty,Droga wojewódzka,Jednojezdniowa dwukierunkowa,N,POWIAT RADOM,RADOM - OBSZAR MIEJSKI
1,0,0,2018,"Opady śniegu, gradu","Najechanie na słup, znak","Opady śniegu, gradu",Noc - droga oświetlona,Jezdnia,EWK-106735290N,20,2018-02-14,Nieokreślone (puste pole),21*07'502,51*23'149,744,Obszar zabudowany,Odcinek prosty,Droga wojewódzka,Jednojezdniowa dwukierunkowa,N,POWIAT RADOM,RADOM - OBSZAR MIEJSKI
1,0,1,2018,"Opady śniegu, gradu","Najechanie na słup, znak","Opady śniegu, gradu",Noc - droga oświetlona,Jezdnia,EWK-107527297W,19,2018-12-23,Lekko,22*31'378,52*12'404,698,Obszar niezabudowany,"Zakręt, łuk",Droga wojewódzka,Jednojezdniowa dwukierunkowa,N,POWIAT SIEDLECKI,MORDY - OBSZAR MIEJSKI
1,0,1,2018,"Opady śniegu, gradu",Wywrócenie się pojazdu,"Opady śniegu, gradu",Noc - droga nieoświetlona,Jezdnia,EWK-106682728M,19,2018-01-18,Lekko,21*11'003,51*38'190,48,Obszar niezabudowany,"Zakręt, łuk",Droga krajowa,Jednojezdniowa dwukierunkowa,N,POWIAT BIAŁOBRZESKI,STROMIEC - OBSZAR WIEJSKI
1,0,0,2018,"Opady śniegu, gradu",Wywrócenie się pojazdu,"Opady śniegu, gradu",Noc - droga nieoświetlona,Jezdnia,EWK-106682728M,19,2018-01-18,Nieokreślone (puste pole),21*11'003,51*38'190,48,Obszar niezabudowany,"Zakręt, łuk",Droga krajowa,Jednojezdniowa dwukierunkowa,N,POWIAT BIAŁOBRZESKI,STROMIEC - OBSZAR WIEJSKI
1,0,1,2018,"Opady śniegu, gradu",Wywrócenie się pojazdu,"Opady śniegu, gradu",Noc - droga nieoświetlona,Jezdnia,EWK-107483855Q,22,2018-12-06,Lekko,20*59'518,52*38'242,P3404W,Obszar zabudowany,Odcinek prosty,Droga powiatowa,Jednojezdniowa dwukierunkowa,N,POWIAT PUŁTUSKI,WINNICA - OBSZAR WIEJSKI
1,0,3,2018,"Opady śniegu, gradu",Wywrócenie się pojazdu,"Opady śniegu, gradu",Noc - droga nieoświetlona,Jezdnia,EWK-107518790U,18,2018-12-20,Lekko,19*42'498,53*02'580,541,Obszar niezabudowany,Odcinek prosty,Droga wojewódzka,Jednojezdniowa dwukierunkowa,N,POWIAT ŻUROMIŃSKI,LUTOCIN - OBSZAR WIEJSKI
1,0,2,2018,"Opady śniegu, gradu",Wywrócenie się pojazdu,"Opady śniegu, gradu",Noc - droga nieoświetlona,"Skarpa, rów",EWK-106683766M,20,2018-01-18,Lekko,20*56'181,52*45'270,618,Obszar niezabudowany,Odcinek prosty,Droga wojewódzka,Jednojezdniowa dwukierunkowa,N,POWIAT PUŁTUSKI,GZY - OBSZAR WIEJSKI
1,0,0,2018,"Opady śniegu, gradu",Wywrócenie się pojazdu,"Opady śniegu, gradu",Noc - droga nieoświetlona,"Skarpa, rów",EWK-106683766M,20,2018-01-18,Nieokreślone (puste pole),20*56'181,52*45'270,618,Obszar niezabudowany,Odcinek prosty,Droga wojewódzka,Jednojezdniowa dwukierunkowa,N,POWIAT PUŁTUSKI,GZY - OBSZAR WIEJSKI
1,0,1,2018,"Opady śniegu, gradu",Wywrócenie się pojazdu,"Opady śniegu, gradu",Noc - droga oświetlona,Jezdnia,EWK-107466243K,17,2018-11-18,Lekko,21*17'018,51*24'239,GMINNA,Obszar zabudowany,Odcinek prosty,Droga gminna,Jednojezdniowa dwukierunkowa,N,POWIAT RADOMSKI,JEDLNIA-LETNISKO - OBSZAR WIEJSKI
1,0,1,2018,"Opady śniegu, gradu",Wywrócenie się pojazdu,"Opady śniegu, gradu",Światło dzienne,Jezdnia,EWK-106677311N,11,2018-01-16,Ciężko,19*48'165,52*26'028,575,Obszar niezabudowany,Odcinek prosty,Droga wojewódzka,Jednojezdniowa dwukierunkowa,N,POWIAT PŁOCKI,GĄBIN - OBSZAR WIEJSKI
1,0,0,2018,"Opady śniegu, gradu",Wywrócenie się pojazdu,"Opady śniegu, gradu",Światło dzienne,Jezdnia,EWK-106677311N,11,2018-01-16,Nieokreślone (puste pole),19*48'165,52*26'028,575,Obszar niezabudowany,Odcinek prosty,Droga wojewódzka,Jednojezdniowa dwukierunkowa,N,POWIAT PŁOCKI,GĄBIN - OBSZAR WIEJSKI
1,0,1,2018,"Opady śniegu, gradu",Wywrócenie się pojazdu,"Opady śniegu, gradu",Światło dzienne,Jezdnia,EWK-106715232G,7,2018-02-05,Lekko,20*54'426,51*26'268,P3502W,Obszar niezabudowany,Odcinek prosty,Droga powiatowa,Jednojezdniowa dwukierunkowa,N,POWIAT RADOMSKI,PRZYTYK - OBSZAR WIEJSKI
1,0,1,2018,"Opady śniegu, gradu",Wywrócenie się pojazdu,"Opady śniegu, gradu",Światło dzienne,Jezdnia,EWK-106760996J,13,2018-02-24,Lekko,21*28'229,51*03'029,P3536W,Obszar niezabudowany,Odcinek prosty,Droga powiatowa,Jednojezdniowa dwukierunkowa,N,POWIAT LIPSKI,SIENNO - OBSZAR WIEJSKI
1,0,0,2018,"Opady śniegu, gradu",Wywrócenie się pojazdu,"Opady śniegu, gradu",Światło dzienne,Jezdnia,EWK-106760996J,13,2018-02-24,Nieokreślone (puste pole),21*28'229,51*03'029,P3536W,Obszar niezabudowany,Odcinek prosty,Droga powiatowa,Jednojezdniowa dwukierunkowa,N,POWIAT LIPSKI,SIENNO - OBSZAR WIEJSKI
1,0,1,2018,"Opady śniegu, gradu",Wywrócenie się pojazdu,"Opady śniegu, gradu",Światło dzienne,"Skarpa, rów",EWK-106804277F,16,2018-03-16,Lekko,20*40'195,51*19'170,P3302W,Obszar niezabudowany,Odcinek prosty,Droga powiatowa,Jednojezdniowa dwukierunkowa,N,POWIAT PRZYSUSKI,BORKOWICE - OBSZAR WIEJSKI
1,0,0,2018,"Opady śniegu, gradu",Wywrócenie się pojazdu,"Opady śniegu, gradu",Światło dzienne,"Skarpa, rów",EWK-106804277F,16,2018-03-16,Nieokreślone (puste pole),20*40'195,51*19'170,P3302W,Obszar niezabudowany,Odcinek prosty,Droga powiatowa,Jednojezdniowa dwukierunkowa,N,POWIAT PRZYSUSKI,BORKOWICE - OBSZAR WIEJSKI
1,0,1,2018,"Opady śniegu, gradu",Zderzenie pojazdów boczne,"Opady śniegu, gradu",Noc - droga nieoświetlona,Jezdnia,EWK-107529524R,19,2018-12-24,Lekko,22*04'143,52*24'377,P4219W,Obszar niezabudowany,Odcinek prosty,Droga powiatowa,Jednojezdniowa dwukierunkowa,N,POWIAT WĘGROWSKI,LIW - OBSZAR WIEJSKI
1,0,0,2018,"Opady śniegu, gradu",Zderzenie pojazdów boczne,"Opady śniegu, gradu",Noc - droga nieoświetlona,Jezdnia,EWK-107529524R,19,2018-12-24,Nieokreślone (puste pole),22*04'143,52*24'377,P4219W,Obszar niezabudowany,Odcinek prosty,Droga powiatowa,Jednojezdniowa dwukierunkowa,N,POWIAT WĘGROWSKI,LIW - OBSZAR WIEJSKI
1,0,1,2018,"Opady śniegu, gradu",Zderzenie pojazdów boczne,"Opady śniegu, gradu",Noc - droga oświetlona,Jezdnia,EWK-106800614D,22,2018-03-16,Lekko,21*34'568,51*21'269,12,Obszar zabudowany,,Droga krajowa,Jednojezdniowa dwukierunkowa,N,POWIAT ZWOLEŃSKI,ZWOLEŃ - OBSZAR MIEJSKI
1,0,0,2018,"Opady śniegu, gradu",Zderzenie pojazdów boczne,"Opady śniegu, gradu",Noc - droga oświetlona,Jezdnia,EWK-106800614D,22,2018-03-16,Nieokreślone (puste pole),21*34'568,51*21'269,12,Obszar zabudowany,,Droga krajowa,Jednojezdniowa dwukierunkowa,N,POWIAT ZWOLEŃSKI,ZWOLEŃ - OBSZAR MIEJSKI
1,0,1,2018,"Opady śniegu, gradu",Zderzenie pojazdów boczne,"Opady śniegu, gradu",Światło dzienne,Jezdnia,EWK-106678405L,8,2018-01-17,Lekko,20*50'404,53*01'140,544,Obszar niezabudowany,Odcinek prosty,Droga wojewódzka,Jednojezdniowa dwukierunkowa,N,POWIAT PRZASNYSKI,PRZASNYSZ - OBSZAR WIEJSKI
1,0,0,2018,"Opady śniegu, gradu",Zderzenie pojazdów boczne,"Opady śniegu, gradu",Światło dzienne,Jezdnia,EWK-106678405L,8,2018-01-17,Nieokreślone (puste pole),20*50'404,53*01'140,544,Obszar niezabudowany,Odcinek prosty,Droga wojewódzka,Jednojezdniowa dwukierunkowa,N,POWIAT PRZASNYSKI,PRZASNYSZ - OBSZAR WIEJSKI
1,0,1,2018,"Opady śniegu, gradu",Zderzenie pojazdów boczne,"Opady śniegu, gradu",Światło dzienne,Jezdnia,EWK-106736081K,9,2018-02-15,Lekko,21*11'365,51*26'581,P1715W,Obszar zabudowany,,Droga powiatowa,Jednojezdniowa dwukierunkowa,N,POWIAT RADOM,RADOM - OBSZAR MIEJSKI
1,0,0,2018,"Opady śniegu, gradu",Zderzenie pojazdów boczne,"Opady śniegu, gradu",Światło dzienne,Jezdnia,EWK-106736081K,9,2018-02-15,Nieokreślone (puste pole),21*11'365,51*26'581,P1715W,Obszar zabudowany,,Droga powiatowa,Jednojezdniowa dwukierunkowa,N,POWIAT RADOM,RADOM - OBSZAR MIEJSKI
1,0,1,2018,"Opady śniegu, gradu",Zderzenie pojazdów boczne,"Opady śniegu, gradu",Światło dzienne,Jezdnia,EWK-106736851H,10,2018-02-15,Lekko,21*31'239,51*20'344,P4506W,Obszar niezabudowany,Odcinek prosty,Droga powiatowa,Jednojezdniowa dwukierunkowa,N,POWIAT ZWOLEŃSKI,TCZÓW - OBSZAR WIEJSKI
1,0,0,2018,"Opady śniegu, gradu",Zderzenie pojazdów boczne,"Opady śniegu, gradu",Światło dzienne,Jezdnia,EWK-106736851H,10,2018-02-15,Nieokreślone (puste pole),21*31'239,51*20'344,P4506W,Obszar niezabudowany,Odcinek prosty,Droga powiatowa,Jednojezdniowa dwukierunkowa,N,POWIAT ZWOLEŃSKI,TCZÓW - OBSZAR WIEJSKI
1,0,1,2018,"Opady śniegu, gradu",Zderzenie pojazdów boczne,"Opady śniegu, gradu",Światło dzienne,Jezdnia,EWK-106756336Q,11,2018-02-24,Lekko,20*38'050,51*19'079,P3302W,Obszar zabudowany,Odcinek prosty,Droga powiatowa,Jednojezdniowa dwukierunkowa,N,POWIAT PRZYSUSKI,BORKOWICE - OBSZAR WIEJSKI
1,0,0,2018,"Opady śniegu, gradu",Zderzenie pojazdów boczne,"Opady śniegu, gradu",Światło dzienne,Jezdnia,EWK-106756336Q,11,2018-02-24,Nieokreślone (puste pole),20*38'050,51*19'079,P3302W,Obszar zabudowany,Odcinek prosty,Droga powiatowa,Jednojezdniowa dwukierunkowa,N,POWIAT PRZYSUSKI,BORKOWICE - OBSZAR WIEJSKI
1,0,2,2018,"Opady śniegu, gradu",Zderzenie pojazdów boczne,"Opady śniegu, gradu",Światło dzienne,Jezdnia,EWK-106801421D,12,2018-03-16,Lekko,20*43'25,51*41'430,G160743W,Obszar zabudowany,,Droga gminna,Jednojezdniowa dwukierunkowa,N,POWIAT GRÓJECKI,MOGIELNICA - OBSZAR MIEJSKI
1,0,0,2018,"Opady śniegu, gradu",Zderzenie pojazdów boczne,"Opady śniegu, gradu",Światło dzienne,Jezdnia,EWK-106801421D,12,2018-03-16,Nieokreślone (puste pole),20*43'25,51*41'430,G160743W,Obszar zabudowany,,Droga gminna,Jednojezdniowa dwukierunkowa,N,POWIAT GRÓJECKI,MOGIELNICA - OBSZAR MIEJSKI
1,0,1,2018,"Opady śniegu, gradu",Zderzenie pojazdów boczne,"Opady śniegu, gradu",Światło dzienne,Jezdnia,EWK-107447924X,14,2018-11-18,Lekko,21*43'838,51*46'439,807,Obszar zabudowany,,Droga wojewódzka,Jednojezdniowa dwukierunkowa,N,POWIAT GARWOLIŃSKI,SOBOLEW - OBSZAR WIEJSKI
1,0,0,2018,"Opady śniegu, gradu",Zderzenie pojazdów boczne,"Opady śniegu, gradu",Światło dzienne,Jezdnia,EWK-107447924X,14,2018-11-18,Nieokreślone (puste pole),21*43'838,51*46'439,807,Obszar zabudowany,,Droga wojewódzka,Jednojezdniowa dwukierunkowa,N,POWIAT GARWOLIŃSKI,SOBOLEW - OBSZAR WIEJSKI
1,0,1,2018,"Opady śniegu, gradu",Zderzenie pojazdów boczne,"Opady śniegu, gradu",Światło dzienne,Jezdnia,EWK-107457025C,8,2018-11-23,Lekko,21*09'508,51*25'429,P5301W,Obszar zabudowany,,Droga powiatowa,Dwie jezdnie jednokierunkowe,N,POWIAT RADOM,RADOM - OBSZAR MIEJSKI
1,0,0,2018,"Opady śniegu, gradu",Zderzenie pojazdów boczne,"Opady śniegu, gradu",Światło dzienne,Jezdnia,EWK-107457025C,8,2018-11-23,Nieokreślone (puste pole),21*09'508,51*25'429,P5301W,Obszar zabudowany,,Droga powiatowa,Dwie jezdnie jednokierunkowe,N,POWIAT RADOM,RADOM - OBSZAR MIEJSKI
1,0,1,2018,"Opady śniegu, gradu",Zderzenie pojazdów boczne,"Opady śniegu, gradu",Światło dzienne,Jezdnia,EWK-107500240L,13,2018-12-14,Lekko,21*33'533,51*21'423,787,Obszar zabudowany,,Droga wojewódzka,Jednojezdniowa dwukierunkowa,N,POWIAT ZWOLEŃSKI,ZWOLEŃ - OBSZAR MIEJSKI
1,0,0,2018,"Opady śniegu, gradu",Zderzenie pojazdów boczne,"Opady śniegu, gradu",Światło dzienne,Jezdnia,EWK-107500240L,13,2018-12-14,Nieokreślone (puste pole),21*33'533,51*21'423,787,Obszar zabudowany,,Droga wojewódzka,Jednojezdniowa dwukierunkowa,N,POWIAT ZWOLEŃSKI,ZWOLEŃ - OBSZAR MIEJSKI
1,0,3,2018,"Opady śniegu, gradu",Zderzenie pojazdów czołowe,"Opady śniegu, gradu",Noc - droga nieoświetlona,Jezdnia,EWK-106678213F,2,2018-01-17,Lekko,21*45'008,51*46'056,17,Obszar niezabudowany,"Zakręt, łuk",Droga krajowa,Jednojezdniowa dwukierunkowa,N,POWIAT GARWOLIŃSKI,SOBOLEW - OBSZAR WIEJSKI
1,0,0,2018,"Opady śniegu, gradu",Zderzenie pojazdów czołowe,"Opady śniegu, gradu",Noc - droga nieoświetlona,Jezdnia,EWK-106678213F,2,2018-01-17,Nieokreślone (puste pole),21*45'008,51*46'056,17,Obszar niezabudowany,"Zakręt, łuk",Droga krajowa,Jednojezdniowa dwukierunkowa,N,POWIAT GARWOLIŃSKI,SOBOLEW - OBSZAR WIEJSKI
1,0,3,2018,"Opady śniegu, gradu",Zderzenie pojazdów czołowe,"Opady śniegu, gradu",Noc - droga nieoświetlona,Jezdnia,EWK-106704685F,18,2018-01-19,Lekko,22*18'020,52*06'089,63,Obszar niezabudowany,Odcinek prosty,Droga krajowa,Jednojezdniowa dwukierunkowa,N,POWIAT SIEDLECKI,WIŚNIEW - OBSZAR WIEJSKI
1,0,1,2018,"Opady śniegu, gradu",Zderzenie pojazdów czołowe,"Opady śniegu, gradu",Noc - droga nieoświetlona,Jezdnia,EWK-106714332P,6,2018-02-05,Lekko,20*52'303,51*50'269,S7,Obszar niezabudowany,Odcinek prosty,Droga krajowa,Ekspresowa,N,POWIAT GRÓJECKI,GRÓJEC - OBSZAR WIEJSKI
1,0,0,2018,"Opady śniegu, gradu",Zderzenie pojazdów czołowe,"Opady śniegu, gradu",Noc - droga nieoświetlona,Jezdnia,EWK-106714332P,6,2018-02-05,Nieokreślone (puste pole),20*52'303,51*50'269,S7,Obszar niezabudowany,Odcinek prosty,Droga krajowa,Ekspresowa,N,POWIAT GRÓJECKI,GRÓJEC - OBSZAR WIEJSKI
1,0,1,2018,"Opady śniegu, gradu",Zderzenie pojazdów czołowe,"Opady śniegu, gradu",Noc - droga nieoświetlona,Jezdnia,EWK-106719995M,17,2018-02-07,Ciężko,21*35'111,51*09'125,747,Obszar niezabudowany,Odcinek prosty,Droga wojewódzka,Jednojezdniowa dwukierunkowa,N,POWIAT LIPSKI,LIPSKO - OBSZAR WIEJSKI
1,0,0,2018,"Opady śniegu, gradu",Zderzenie pojazdów czołowe,"Opady śniegu, gradu",Noc - droga nieoświetlona,Jezdnia,EWK-106719995M,17,2018-02-07,Nieokreślone (puste pole),21*35'111,51*09'125,747,Obszar niezabudowany,Odcinek prosty,Droga wojewódzka,Jednojezdniowa dwukierunkowa,N,POWIAT LIPSKI,LIPSKO - OBSZAR WIEJSKI
1,0,3,2018,"Opady śniegu, gradu",Zderzenie pojazdów czołowe,"Opady śniegu, gradu",Noc - droga oświetlona,Jezdnia,EWK-107449075N,16,2018-11-18,Ciężko,21*48'515,51*28'155,738,Obszar zabudowany,"Zakręt, łuk",Droga wojewódzka,Jednojezdniowa dwukierunkowa,N,POWIAT KOZIENICKI,GNIEWOSZÓW - OBSZAR WIEJSKI
1,0,1,2018,"Opady śniegu, gradu",Zderzenie pojazdów czołowe,"Opady śniegu, gradu",Noc - droga oświetlona,Jezdnia,EWK-107449075N,16,2018-11-18,Lekko,21*48'515,51*28'155,738,Obszar zabudowany,"Zakręt, łuk",Droga wojewódzka,Jednojezdniowa dwukierunkowa,N,POWIAT KOZIENICKI,GNIEWOSZÓW - OBSZAR WIEJSKI
1,0,0,2018,"Opady śniegu, gradu",Zderzenie pojazdów czołowe,"Opady śniegu, gradu",Noc - droga oświetlona,Jezdnia,EWK-107449075N,16,2018-11-18,Nieokreślone (puste pole),21*48'515,51*28'155,738,Obszar zabudowany,"Zakręt, łuk",Droga wojewódzka,Jednojezdniowa dwukierunkowa,N,POWIAT KOZIENICKI,GNIEWOSZÓW - OBSZAR WIEJSKI
1,0,1,2018,"Opady śniegu, gradu",Zderzenie pojazdów czołowe,"Opady śniegu, gradu",Światło dzienne,Jezdnia,EWK-106680010R,9,2018-01-17,Lekko,22*06'593,52*15'486,P3612W,Obszar zabudowany,"Zakręt, łuk",Droga powiatowa,Jednojezdniowa dwukierunkowa,N,POWIAT SIEDLECKI,MOKOBODY - OBSZAR WIEJSKI
1,0,0,2018,"Opady śniegu, gradu",Zderzenie pojazdów czołowe,"Opady śniegu, gradu",Światło dzienne,Jezdnia,EWK-106680010R,9,2018-01-17,Nieokreślone (puste pole),22*06'593,52*15'486,P3612W,Obszar zabudowany,"Zakręt, łuk",Droga powiatowa,Jednojezdniowa dwukierunkowa,N,POWIAT SIEDLECKI,MOKOBODY - OBSZAR WIEJSKI
1,0,1,2018,"Opady śniegu, gradu",Zderzenie pojazdów czołowe,"Opady śniegu, gradu",Światło dzienne,Jezdnia,EWK-106714626D,9,2018-02-05,Lekko,20*56'209,51*14'454,727,Obszar zabudowany,"Zakręt, łuk",Droga wojewódzka,Jednojezdniowa dwukierunkowa,N,POWIAT SZYDŁOWIECKI,JASTRZĄB - OBSZAR WIEJSKI