Liczba wypadków,Liczba zabitych,Liczba rannych,Rok,Warunki atmosferyczne,Rodzaj zdarzenia,Warunki atmosferyczne,Oświetlenie,Charakterystyka miejsca zdarzenia,IDKSIP zdarzenia,Godzina,Dzień,Ranny,GPS x,GPS y,Numer drogi,Obszar,Geometria drogi,Kategoria drogi 1,Rodzaj drogi,Czy w zdarzeniu był sprawca nietrzeźwy,Powiat,Gmina
1,0,0,2018,"Opady śniegu, gradu",Zderzenie pojazdów czołowe,"Opady śniegu, gradu",Światło dzienne,Jezdnia,EWK-106714626D,9,2018-02-05,Nieokreślone (puste pole),20*56'209,51*14'454,727,Obszar zabudowany,"Zakręt, łuk",Droga wojewódzka,Jednojezdniowa dwukierunkowa,N,POWIAT SZYDŁOWIECKI,JASTRZĄB - OBSZAR WIEJSKI
1,0,2,2018,"Opady śniegu, gradu",Zderzenie pojazdów czołowe,"Opady śniegu, gradu",Światło dzienne,Jezdnia,EWK-106721834K,8,2018-02-08,Lekko,20*51'090,51*42'414,P1638W,Obszar niezabudowany,Odcinek prosty,Droga powiatowa,Jednojezdniowa dwukierunkowa,N,POWIAT GRÓJECKI,GOSZCZYN - OBSZAR WIEJSKI
1,0,1,2018,"Opady śniegu, gradu",Zderzenie pojazdów czołowe,"Opady śniegu, gradu",Światło dzienne,Jezdnia,EWK-106800453F,16,2018-03-16,Lekko,21*47'084,51*07'299,747,Obszar niezabudowany,Odcinek prosty,Droga wojewódzka,Jednojezdniowa dwukierunkowa,N,POWIAT LIPSKI,SOLEC NAD WISŁĄ - OBSZAR WIEJSKI
1,0,0,2018,"Opady śniegu, gradu",Zderzenie pojazdów czołowe,"Opady śniegu, gradu",Światło dzienne,Jezdnia,EWK-106800453F,16,2018-03-16,Nieokreślone (puste pole),21*47'084,51*07'299,747,Obszar niezabudowany,Odcinek prosty,Droga wojewódzka,Jednojezdniowa dwukierunkowa,N,POWIAT LIPSKI,SOLEC NAD WISŁĄ - OBSZAR WIEJSKI
1,0,1,2018,"Opady śniegu, gradu",Zderzenie pojazdów czołowe,"Opady śniegu, gradu",Światło dzienne,Jezdnia,EWK-106801321M,16,2018-03-16,Lekko,20*38'530,51*55'426,50,Obszar niezabudowany,Odcinek prosty,Droga krajowa,Jednojezdniowa dwukierunkowa,N,POWIAT ŻYRARDOWSKI,MSZCZONÓW - OBSZAR WIEJSKI
1,0,0,2018,"Opady śniegu, gradu",Zderzenie pojazdów czołowe,"Opady śniegu, gradu",Światło dzienne,Jezdnia,EWK-106801321M,16,2018-03-16,Nieokreślone (puste pole),20*38'530,51*55'426,50,Obszar niezabudowany,Odcinek prosty,Droga krajowa,Jednojezdniowa dwukierunkowa,N,POWIAT ŻYRARDOWSKI,MSZCZONÓW - OBSZAR WIEJSKI
1,0,2,2018,"Opady śniegu, gradu",Zderzenie pojazdów czołowe,"Opady śniegu, gradu",Światło dzienne,Jezdnia,EWK-106829134E,8,2018-03-29,Lekko,20*25'178,53*43'179,615,Obszar niezabudowany,Odcinek prosty,Droga wojewódzka,Jednojezdniowa dwukierunkowa,N,POWIAT MŁAWSKI,SZYDŁOWO - OBSZAR WIEJSKI
1,0,1,2018,"Opady śniegu, gradu",Zderzenie pojazdów czołowe,"Opady śniegu, gradu",Światło dzienne,Jezdnia,EWK-106833834C,6,2018-03-29,Ciężko,20*25'478,52*39'096,50,Obszar niezabudowany,,Droga krajowa,Jednojezdniowa dwukierunkowa,N,POWIAT PŁOŃSKI,PŁOŃSK - OBSZAR WIEJSKI
1,0,0,2018,"Opady śniegu, gradu",Zderzenie pojazdów czołowe,"Opady śniegu, gradu",Światło dzienne,Jezdnia,EWK-106833834C,6,2018-03-29,Nieokreślone (puste pole),20*25'478,52*39'096,50,Obszar niezabudowany,,Droga krajowa,Jednojezdniowa dwukierunkowa,N,POWIAT PŁOŃSKI,PŁOŃSK - OBSZAR WIEJSKI
1,0,1,2018,"Opady śniegu, gradu",Zderzenie pojazdów czołowe,"Opady śniegu, gradu",Światło dzienne,Jezdnia,EWK-107448106A,14,2018-11-18,Ciężko,21*40'200,51*31'512,738,Obszar niezabudowany,"Zakręt, łuk",Droga wojewódzka,Jednojezdniowa dwukierunkowa,N,POWIAT KOZIENICKI,SIECIECHÓW - OBSZAR WIEJSKI
1,0,0,2018,"Opady śniegu, gradu",Zderzenie pojazdów czołowe,"Opady śniegu, gradu",Światło dzienne,Jezdnia,EWK-107448106A,14,2018-11-18,Nieokreślone (puste pole),21*40'200,51*31'512,738,Obszar niezabudowany,"Zakręt, łuk",Droga wojewódzka,Jednojezdniowa dwukierunkowa,N,POWIAT KOZIENICKI,SIECIECHÓW - OBSZAR WIEJSKI
1,0,1,2018,"Opady śniegu, gradu",Zderzenie pojazdów czołowe,"Opady śniegu, gradu",Światło dzienne,Jezdnia,EWK-107448136C,15,2018-11-18,Lekko,21*40'267,51*30'107,691,Obszar zabudowany,"Zakręt, łuk",Droga wojewódzka,Jednojezdniowa dwukierunkowa,N,POWIAT KOZIENICKI,GARBATKA-LETNISKO - OBSZAR WIEJSKI
1,0,0,2018,"Opady śniegu, gradu",Zderzenie pojazdów czołowe,"Opady śniegu, gradu",Światło dzienne,Jezdnia,EWK-107448136C,15,2018-11-18,Nieokreślone (puste pole),21*40'267,51*30'107,691,Obszar zabudowany,"Zakręt, łuk",Droga wojewódzka,Jednojezdniowa dwukierunkowa,N,POWIAT KOZIENICKI,GARBATKA-LETNISKO - OBSZAR WIEJSKI
1,2,0,2018,"Opady śniegu, gradu",Zderzenie pojazdów czołowe,"Opady śniegu, gradu",Światło dzienne,Jezdnia,EWK-107502607X,13,2018-12-16,Nieokreślone (puste pole),20*51'179,53*05'059,57,Obszar niezabudowany,Odcinek prosty,Droga krajowa,Jednojezdniowa dwukierunkowa,N,POWIAT PRZASNYSKI,PRZASNYSZ - OBSZAR WIEJSKI
1,0,1,2018,"Opady śniegu, gradu",Zderzenie pojazdów czołowe,"Opady śniegu, gradu","Świt, zmrok",Jezdnia,EWK-106801323K,16,2018-03-16,Lekko,21*03'357,51*31'514,P1133W,Obszar zabudowany,Odcinek prosty,Droga powiatowa,Jednojezdniowa dwukierunkowa,N,POWIAT RADOMSKI,JEDLIŃSK - OBSZAR WIEJSKI
1,0,0,2018,"Opady śniegu, gradu",Zderzenie pojazdów czołowe,"Opady śniegu, gradu","Świt, zmrok",Jezdnia,EWK-106801323K,16,2018-03-16,Nieokreślone (puste pole),21*03'357,51*31'514,P1133W,Obszar zabudowany,Odcinek prosty,Droga powiatowa,Jednojezdniowa dwukierunkowa,N,POWIAT RADOMSKI,JEDLIŃSK - OBSZAR WIEJSKI
1,0,1,2018,"Opady śniegu, gradu",Zderzenie pojazdów tylne,"Opady śniegu, gradu",Noc - droga oświetlona,Jezdnia,EWK-106685534X,0,2018-01-21,Lekko,21*40'527,52*31'497,50,Obszar zabudowany,"Zakręt, łuk",Droga krajowa,Jednojezdniowa dwukierunkowa,N,POWIAT WĘGROWSKI,ŁOCHÓW - OBSZAR MIEJSKI
1,0,0,2018,"Opady śniegu, gradu",Zderzenie pojazdów tylne,"Opady śniegu, gradu",Noc - droga oświetlona,Jezdnia,EWK-106685534X,0,2018-01-21,Nieokreślone (puste pole),21*40'527,52*31'497,50,Obszar zabudowany,"Zakręt, łuk",Droga krajowa,Jednojezdniowa dwukierunkowa,N,POWIAT WĘGROWSKI,ŁOCHÓW - OBSZAR MIEJSKI
1,1,0,2018,"Opady śniegu, gradu",Zderzenie pojazdów tylne,"Opady śniegu, gradu",Noc - droga oświetlona,Jezdnia,EWK-107535854N,17,2018-12-23,Nieokreślone (puste pole),21*36'595,52*41'596,G440125W,Obszar zabudowany,Odcinek prosty,Droga gminna,Jednojezdniowa dwukierunkowa,N,POWIAT WYSZKOWSKI,BRAŃSZCZYK - OBSZAR WIEJSKI
1,0,2,2018,"Opady śniegu, gradu",Zderzenie pojazdów tylne,"Opady śniegu, gradu",Światło dzienne,Jezdnia,EWK-106734854M,16,2018-02-14,Lekko,21*37'352,51*53'011,GMINNA,Obszar zabudowany,Odcinek prosty,Droga gminna,Jednojezdniowa dwukierunkowa,N,POWIAT GARWOLIŃSKI,GARWOLIN - OBSZAR MIEJSKI
1,0,0,2018,"Opady śniegu, gradu",Zderzenie pojazdów tylne,"Opady śniegu, gradu",Światło dzienne,Jezdnia,EWK-106734854M,16,2018-02-14,Nieokreślone (puste pole),21*37'352,51*53'011,GMINNA,Obszar zabudowany,Odcinek prosty,Droga gminna,Jednojezdniowa dwukierunkowa,N,POWIAT GARWOLIŃSKI,GARWOLIN - OBSZAR MIEJSKI
1,0,1,2018,Oślepiające słońce,Inne,Oślepiające słońce,Światło dzienne,Jezdnia,EWK-106915135C,18,2018-04-27,Ciężko,21*03'478,51*15'584,P3557W,Obszar zabudowany,"Zakręt, łuk",Droga powiatowa,Jednojezdniowa dwukierunkowa,N,POWIAT RADOMSKI,WIERZBICA - OBSZAR WIEJSKI
1,0,1,2018,Oślepiające słońce,Inne,Oślepiające słońce,Światło dzienne,Jezdnia,EWK-106948077Y,16,2018-05-15,Lekko,19*43'439,52*32'261,60,Obszar zabudowany,,Droga krajowa,Dwie jezdnie jednokierunkowe,N,POWIAT PŁOCK,PŁOCK - OBSZAR MIEJSKI
1,0,0,2018,Oślepiające słońce,Inne,Oślepiające słońce,Światło dzienne,Jezdnia,EWK-106948077Y,16,2018-05-15,Nieokreślone (puste pole),19*43'439,52*32'261,60,Obszar zabudowany,,Droga krajowa,Dwie jezdnie jednokierunkowe,N,POWIAT PŁOCK,PŁOCK - OBSZAR MIEJSKI
1,0,1,2018,Oślepiające słońce,Inne,Oślepiające słońce,Światło dzienne,Jezdnia,EWK-107042445C,18,2018-06-20,Lekko,21*47'227,52*27'345,P4237W,Obszar niezabudowany,Odcinek prosty,Droga powiatowa,Jednojezdniowa dwukierunkowa,N,POWIAT WĘGROWSKI,KORYTNICA - OBSZAR WIEJSKI
1,0,0,2018,Oślepiające słońce,Inne,Oślepiające słońce,Światło dzienne,Jezdnia,EWK-107042445C,18,2018-06-20,Nieokreślone (puste pole),21*47'227,52*27'345,P4237W,Obszar niezabudowany,Odcinek prosty,Droga powiatowa,Jednojezdniowa dwukierunkowa,N,POWIAT WĘGROWSKI,KORYTNICA - OBSZAR WIEJSKI
1,0,1,2018,Oślepiające słońce,Inne,Oślepiające słońce,Światło dzienne,"Wjazd, wyjazd z posesji, pola",EWK-107077736W,18,2018-07-01,Ciężko,19*34'342,52*38'371,559,Obszar zabudowany,Odcinek prosty,Droga wojewódzka,Jednojezdniowa dwukierunkowa,N,POWIAT PŁOCKI,BRUDZEŃ DUŻY - OBSZAR WIEJSKI
1,0,0,2018,Oślepiające słońce,Inne,Oślepiające słońce,Światło dzienne,"Wjazd, wyjazd z posesji, pola",EWK-107077736W,18,2018-07-01,Nieokreślone (puste pole),19*34'342,52*38'371,559,Obszar zabudowany,Odcinek prosty,Droga wojewódzka,Jednojezdniowa dwukierunkowa,N,POWIAT PŁOCKI,BRUDZEŃ DUŻY - OBSZAR WIEJSKI
1,0,2,2018,Oślepiające słońce,Najechanie na drzewo,Oślepiające słońce,Światło dzienne,Jezdnia,EWK-107042014P,16,2018-06-20,Lekko,19*51'241,52*46'274,GMINNA,Obszar niezabudowany,"Zakręt, łuk",Droga gminna,Jednojezdniowa dwukierunkowa,N,POWIAT SIERPECKI,ZAWIDZ - OBSZAR WIEJSKI
1,0,1,2018,Oślepiające słońce,Najechanie na pieszego,Oślepiające słońce,Światło dzienne,Jezdnia,EWK-106887891T,7,2018-04-12,Lekko,21*07'435,51*24'218,P5347W,Obszar zabudowany,Odcinek prosty,Droga powiatowa,Jednojezdniowa dwukierunkowa,N,POWIAT RADOM,RADOM - OBSZAR MIEJSKI
1,0,0,2018,Oślepiające słońce,Najechanie na pieszego,Oślepiające słońce,Światło dzienne,Jezdnia,EWK-106887891T,7,2018-04-12,Nieokreślone (puste pole),21*07'435,51*24'218,P5347W,Obszar zabudowany,Odcinek prosty,Droga powiatowa,Jednojezdniowa dwukierunkowa,N,POWIAT RADOM,RADOM - OBSZAR MIEJSKI
1,0,1,2018,Oślepiające słońce,Najechanie na pieszego,Oślepiające słońce,Światło dzienne,Jezdnia,EWK-107021832L,11,2018-06-07,Lekko,22*17'098,52*09'596,GMINNA,Obszar zabudowany,Odcinek prosty,Droga gminna,Jednojezdniowa dwukierunkowa,N,POWIAT SIEDLCE,SIEDLCE - OBSZAR MIEJSKI
1,0,0,2018,Oślepiające słońce,Najechanie na pieszego,Oślepiające słońce,Światło dzienne,Jezdnia,EWK-107021832L,11,2018-06-07,Nieokreślone (puste pole),22*17'098,52*09'596,GMINNA,Obszar zabudowany,Odcinek prosty,Droga gminna,Jednojezdniowa dwukierunkowa,N,POWIAT SIEDLCE,SIEDLCE - OBSZAR MIEJSKI
1,0,1,2018,Oślepiające słońce,Najechanie na pieszego,Oślepiające słońce,Światło dzienne,Jezdnia,EWK-107163363U,18,2018-08-08,Lekko,22*17'205,52*09'486,,Obszar zabudowany,Odcinek prosty,Nieokreślone (puste pole),Jednojezdniowa dwukierunkowa,N,POWIAT SIEDLCE,SIEDLCE - OBSZAR MIEJSKI
1,0,0,2018,Oślepiające słońce,Najechanie na pieszego,Oślepiające słońce,Światło dzienne,Jezdnia,EWK-107163363U,18,2018-08-08,Nieokreślone (puste pole),22*17'205,52*09'486,,Obszar zabudowany,Odcinek prosty,Nieokreślone (puste pole),Jednojezdniowa dwukierunkowa,N,POWIAT SIEDLCE,SIEDLCE - OBSZAR MIEJSKI
1,0,1,2018,Oślepiające słońce,Najechanie na pieszego,Oślepiające słońce,Światło dzienne,Przejście dla pieszych,EWK-106759612M,7,2018-02-26,Lekko,20*36'165,52*52'579,G121126W,Obszar zabudowany,,Droga gminna,Jednojezdniowa dwukierunkowa,N,POWIAT CIECHANOWSKI,CIECHANÓW - OBSZAR MIEJSKI
1,0,0,2018,Oślepiające słońce,Najechanie na pieszego,Oślepiające słońce,Światło dzienne,Przejście dla pieszych,EWK-106759612M,7,2018-02-26,Nieokreślone (puste pole),20*36'165,52*52'579,G121126W,Obszar zabudowany,,Droga gminna,Jednojezdniowa dwukierunkowa,N,POWIAT CIECHANOWSKI,CIECHANÓW - OBSZAR MIEJSKI
1,0,1,2018,Oślepiające słońce,Najechanie na pieszego,Oślepiające słońce,Światło dzienne,Przejście dla pieszych,EWK-106881952J,9,2018-04-07,Ciężko,20*22'571,52*37'252,G301465W,Obszar zabudowany,,Droga gminna,Jednojezdniowa dwukierunkowa,N,POWIAT PŁOŃSKI,PŁOŃSK - OBSZAR MIEJSKI
1,0,0,2018,Oślepiające słońce,Najechanie na pieszego,Oślepiające słońce,Światło dzienne,Przejście dla pieszych,EWK-106881952J,9,2018-04-07,Nieokreślone (puste pole),20*22'571,52*37'252,G301465W,Obszar zabudowany,,Droga gminna,Jednojezdniowa dwukierunkowa,N,POWIAT PŁOŃSKI,PŁOŃSK - OBSZAR MIEJSKI
1,0,1,2018,Oślepiające słońce,Najechanie na pieszego,Oślepiające słońce,Światło dzienne,Przejście dla pieszych,EWK-106915009U,17,2018-04-27,Lekko,21*08'532,51*23'291,12,Obszar zabudowany,,Droga krajowa,Dwie jezdnie jednokierunkowe,N,POWIAT RADOM,RADOM - OBSZAR MIEJSKI
1,0,0,2018,Oślepiające słońce,Najechanie na pieszego,Oślepiające słońce,Światło dzienne,Przejście dla pieszych,EWK-106915009U,17,2018-04-27,Nieokreślone (puste pole),21*08'532,51*23'291,12,Obszar zabudowany,,Droga krajowa,Dwie jezdnie jednokierunkowe,N,POWIAT RADOM,RADOM - OBSZAR MIEJSKI
1,0,1,2018,Oślepiające słońce,Najechanie na pieszego,Oślepiające słońce,Światło dzienne,Przejście dla pieszych,EWK-106979179Q,14,2018-05-30,Ciężko,21*09'312,51*24'353,P5301W,Obszar zabudowany,Odcinek prosty,Droga powiatowa,Jednojezdniowa dwukierunkowa,N,POWIAT RADOM,RADOM - OBSZAR MIEJSKI
1,0,0,2018,Oślepiające słońce,Najechanie na pieszego,Oślepiające słońce,Światło dzienne,Przejście dla pieszych,EWK-106979179Q,14,2018-05-30,Nieokreślone (puste pole),21*09'312,51*24'353,P5301W,Obszar zabudowany,Odcinek prosty,Droga powiatowa,Jednojezdniowa dwukierunkowa,N,POWIAT RADOM,RADOM - OBSZAR MIEJSKI
1,0,1,2018,Oślepiające słońce,Najechanie na pieszego,Oślepiające słońce,Światło dzienne,Przejście dla pieszych,EWK-106989774P,7,2018-06-07,Lekko,22*13'250,52*10'166,,Obszar zabudowany,Odcinek prosty,Nieokreślone (puste pole),Jednojezdniowa dwukierunkowa,N,POWIAT SIEDLECKI,SIEDLCE - OBSZAR WIEJSKI
1,0,0,2018,Oślepiające słońce,Najechanie na pieszego,Oślepiające słońce,Światło dzienne,Przejście dla pieszych,EWK-106989774P,7,2018-06-07,Nieokreślone (puste pole),22*13'250,52*10'166,,Obszar zabudowany,Odcinek prosty,Nieokreślone (puste pole),Jednojezdniowa dwukierunkowa,N,POWIAT SIEDLECKI,SIEDLCE - OBSZAR WIEJSKI
1,0,1,2018,Oślepiające słońce,Najechanie na pieszego,Oślepiające słońce,Światło dzienne,Przejście dla pieszych,EWK-107089301G,18,2018-07-06,Lekko,21*09'425,51*25'443,G530082W,Obszar zabudowany,Odcinek prosty,Droga gminna,Jednojezdniowa dwukierunkowa,N,POWIAT RADOM,RADOM - OBSZAR MIEJSKI
1,0,0,2018,Oślepiające słońce,Najechanie na pieszego,Oślepiające słońce,Światło dzienne,Przejście dla pieszych,EWK-107089301G,18,2018-07-06,Nieokreślone (puste pole),21*09'425,51*25'443,G530082W,Obszar zabudowany,Odcinek prosty,Droga gminna,Jednojezdniowa dwukierunkowa,N,POWIAT RADOM,RADOM - OBSZAR MIEJSKI
1,0,1,2018,Oślepiające słońce,Najechanie na pieszego,Oślepiające słońce,Światło dzienne,Przejście dla pieszych,EWK-107165289L,15,2018-08-09,Lekko,21*36'152,51*53'562,76,Obszar zabudowany,Odcinek prosty,Droga krajowa,Jednojezdniowa dwukierunkowa,N,POWIAT GARWOLIŃSKI,GARWOLIN - OBSZAR MIEJSKI
1,0,0,2018,Oślepiające słońce,Najechanie na pieszego,Oślepiające słońce,Światło dzienne,Przejście dla pieszych,EWK-107165289L,15,2018-08-09,Nieokreślone (puste pole),21*36'152,51*53'562,76,Obszar zabudowany,Odcinek prosty,Droga krajowa,Jednojezdniowa dwukierunkowa,N,POWIAT GARWOLIŃSKI,GARWOLIN - OBSZAR MIEJSKI
1,0,1,2018,Oślepiające słońce,Najechanie na pieszego,Oślepiające słońce,Światło dzienne,Przejście dla pieszych,EWK-107201994R,10,2018-08-16,Lekko,21*10'012,51*25'192,G530136W,Obszar zabudowany,,Droga gminna,Jednojezdniowa dwukierunkowa,N,POWIAT RADOM,RADOM - OBSZAR MIEJSKI
1,0,0,2018,Oślepiające słońce,Najechanie na pieszego,Oślepiające słońce,Światło dzienne,Przejście dla pieszych,EWK-107201994R,10,2018-08-16,Nieokreślone (puste pole),21*10'012,51*25'192,G530136W,Obszar zabudowany,,Droga gminna,Jednojezdniowa dwukierunkowa,N,POWIAT RADOM,RADOM - OBSZAR MIEJSKI
1,1,0,2018,Oślepiające słońce,Najechanie na pieszego,Oślepiające słońce,Światło dzienne,Przejście dla pieszych,EWK-107315842W,8,2018-09-26,Nieokreślone (puste pole),20*22'539,53*06'480,544,Obszar zabudowany,,Droga wojewódzka,Jednojezdniowa dwukierunkowa,N,POWIAT MŁAWSKI,MŁAWA - OBSZAR MIEJSKI
1,0,1,2018,Oślepiające słońce,Najechanie na pieszego,Oślepiające słońce,Światło dzienne,Przejście dla pieszych,EWK-107339008R,8,2018-09-29,Ciężko,21*09'204,51*23'525,P5318W,Obszar zabudowany,Odcinek prosty,Droga powiatowa,Jednojezdniowa dwukierunkowa,N,POWIAT RADOM,RADOM - OBSZAR MIEJSKI
1,0,0,2018,Oślepiające słońce,Najechanie na pieszego,Oślepiające słońce,Światło dzienne,Przejście dla pieszych,EWK-107339008R,8,2018-09-29,Nieokreślone (puste pole),21*09'204,51*23'525,P5318W,Obszar zabudowany,Odcinek prosty,Droga powiatowa,Jednojezdniowa dwukierunkowa,N,POWIAT RADOM,RADOM - OBSZAR MIEJSKI
1,0,1,2018,Oślepiające słońce,Najechanie na pieszego,Oślepiające słońce,Światło dzienne,Przejście dla pieszych,EWK-107344245U,8,2018-10-04,Ciężko,22*14'499,52*24'408,627,Obszar zabudowany,Odcinek prosty,Droga wojewódzka,Jednojezdniowa dwukierunkowa,N,POWIAT SOKOŁOWSKI,SOKOŁÓW PODLASKI - OBSZAR MIEJSKI
1,0,1,2018,Oślepiające słońce,Najechanie na pieszego,Oślepiające słońce,Światło dzienne,Przejście dla pieszych,EWK-107344245U,8,2018-10-04,Lekko,22*14'499,52*24'408,627,Obszar zabudowany,Odcinek prosty,Droga wojewódzka,Jednojezdniowa dwukierunkowa,N,POWIAT SOKOŁOWSKI,SOKOŁÓW PODLASKI - OBSZAR MIEJSKI
1,0,0,2018,Oślepiające słońce,Najechanie na pieszego,Oślepiające słońce,Światło dzienne,Przejście dla pieszych,EWK-107344245U,8,2018-10-04,Nieokreślone (puste pole),22*14'499,52*24'408,627,Obszar zabudowany,Odcinek prosty,Droga wojewódzka,Jednojezdniowa dwukierunkowa,N,POWIAT SOKOŁOWSKI,SOKOŁÓW PODLASKI - OBSZAR MIEJSKI
1,0,1,2018,Oślepiające słońce,Najechanie na zwierzę,Oślepiające słońce,Światło dzienne,Jezdnia,EWK-107161980Y,11,2018-08-04,Lekko,20*36'044,51*24'346,G330702W,Obszar zabudowany,Odcinek prosty,Droga gminna,Jednojezdniowa dwukierunkowa,N,POWIAT PRZYSUSKI,RUSINÓW - OBSZAR WIEJSKI
1,0,1,2018,Oślepiające słońce,Wywrócenie się pojazdu,Oślepiające słońce,Światło dzienne,Jezdnia,EWK-106956856Y,11,2018-05-20,Ciężko,20*25'411,53*12'585,S7,Obszar niezabudowany,Odcinek prosty,Droga krajowa,Ekspresowa,N,POWIAT MŁAWSKI,WIECZFNIA KOŚCIELNA - OBSZAR WIEJSKI
1,0,1,2018,Oślepiające słońce,Wywrócenie się pojazdu,Oślepiające słońce,Światło dzienne,Jezdnia,EWK-106956856Y,11,2018-05-20,Lekko,20*25'411,53*12'585,S7,Obszar niezabudowany,Odcinek prosty,Droga krajowa,Ekspresowa,N,POWIAT MŁAWSKI,WIECZFNIA KOŚCIELNA - OBSZAR WIEJSKI
1,0,1,2018,Oślepiające słońce,Zdarzenie z pasażerem,Oślepiające słońce,Światło dzienne,"Skarpa, rów",EWK-107226115F,14,2018-08-22,Lekko,20*48'196,51*21'136,12,Obszar niezabudowany,Odcinek prosty,Droga krajowa,Jednojezdniowa dwukierunkowa,N,POWIAT PRZYSUSKI,WIENIAWA - OBSZAR WIEJSKI
1,0,0,2018,Oślepiające słońce,Zdarzenie z pasażerem,Oślepiające słońce,Światło dzienne,"Skarpa, rów",EWK-107226115F,14,2018-08-22,Nieokreślone (puste pole),20*48'196,51*21'136,12,Obszar niezabudowany,Odcinek prosty,Droga krajowa,Jednojezdniowa dwukierunkowa,N,POWIAT PRZYSUSKI,WIENIAWA - OBSZAR WIEJSKI
1,0,1,2018,Oślepiające słońce,Zderzenie pojazdów boczne,Oślepiające słońce,Światło dzienne,"Droga, pas ruchu, śluza dla rowerów",EWK-106987188Q,15,2018-06-04,Ciężko,21*09'412,51*23'042,12,Obszar zabudowany,,Droga krajowa,Dwie jezdnie jednokierunkowe,N,POWIAT RADOM,RADOM - OBSZAR MIEJSKI
1,0,0,2018,Oślepiające słońce,Zderzenie pojazdów boczne,Oślepiające słońce,Światło dzienne,"Droga, pas ruchu, śluza dla rowerów",EWK-106987188Q,15,2018-06-04,Nieokreślone (puste pole),21*09'412,51*23'042,12,Obszar zabudowany,,Droga krajowa,Dwie jezdnie jednokierunkowe,N,POWIAT RADOM,RADOM - OBSZAR MIEJSKI
1,0,1,2018,Oślepiające słońce,Zderzenie pojazdów boczne,Oślepiające słońce,Światło dzienne,Jezdnia,EWK-106777328Y,15,2018-03-04,Lekko,20*27'120,52*03'257,GMINNA,Obszar zabudowany,Odcinek prosty,Droga gminna,Jednojezdniowa dwukierunkowa,N,POWIAT ŻYRARDOWSKI,ŻYRARDÓW - OBSZAR MIEJSKI
1,0,0,2018,Oślepiające słońce,Zderzenie pojazdów boczne,Oślepiające słońce,Światło dzienne,Jezdnia,EWK-106777328Y,15,2018-03-04,Nieokreślone (puste pole),20*27'120,52*03'257,GMINNA,Obszar zabudowany,Odcinek prosty,Droga gminna,Jednojezdniowa dwukierunkowa,N,POWIAT ŻYRARDOWSKI,ŻYRARDÓW - OBSZAR MIEJSKI
1,0,1,2018,Oślepiające słońce,Zderzenie pojazdów boczne,Oślepiające słońce,Światło dzienne,Jezdnia,EWK-106788419T,9,2018-03-10,Lekko,21*39'570,51*44'190,807,Obszar zabudowany,,Droga wojewódzka,Jednojezdniowa dwukierunkowa,N,POWIAT GARWOLIŃSKI,SOBOLEW - OBSZAR WIEJSKI
1,0,0,2018,Oślepiające słońce,Zderzenie pojazdów boczne,Oślepiające słońce,Światło dzienne,Jezdnia,EWK-106788419T,9,2018-03-10,Nieokreślone (puste pole),21*39'570,51*44'190,807,Obszar zabudowany,,Droga wojewódzka,Jednojezdniowa dwukierunkowa,N,POWIAT GARWOLIŃSKI,SOBOLEW - OBSZAR WIEJSKI
1,0,1,2018,Oślepiające słońce,Zderzenie pojazdów boczne,Oślepiające słońce,Światło dzienne,Jezdnia,EWK-106810189A,10,2018-03-22,Lekko,21*35'516,51*18'303,79,Obszar zabudowany,Odcinek prosty,Droga krajowa,Jednojezdniowa dwukierunkowa,N,POWIAT ZWOLEŃSKI,ZWOLEŃ - OBSZAR WIEJSKI
1,0,0,2018,Oślepiające słońce,Zderzenie pojazdów boczne,Oślepiające słońce,Światło dzienne,Jezdnia,EWK-106810189A,10,2018-03-22,Nieokreślone (puste pole),21*35'516,51*18'303,79,Obszar zabudowany,Odcinek prosty,Droga krajowa,Jednojezdniowa dwukierunkowa,N,POWIAT ZWOLEŃSKI,ZWOLEŃ - OBSZAR WIEJSKI
1,0,1,2018,Oślepiające słońce,Zderzenie pojazdów boczne,Oślepiające słońce,Światło dzienne,Jezdnia,EWK-106872498H,16,2018-04-05,Lekko,20*49'548,51*52'340,50,Obszar niezabudowany,,Droga krajowa,Jednojezdniowa dwukierunkowa,N,POWIAT GRÓJECKI,GRÓJEC - OBSZAR WIEJSKI
1,0,0,2018,Oślepiające słońce,Zderzenie pojazdów boczne,Oślepiające słońce,Światło dzienne,Jezdnia,EWK-106872498H,16,2018-04-05,Nieokreślone (puste pole),20*49'548,51*52'340,50,Obszar niezabudowany,,Droga krajowa,Jednojezdniowa dwukierunkowa,N,POWIAT GRÓJECKI,GRÓJEC - OBSZAR WIEJSKI
1,0,1,2018,Oślepiające słońce,Zderzenie pojazdów boczne,Oślepiające słońce,Światło dzienne,Jezdnia,EWK-106887894X,11,2018-04-12,Lekko,21*10'103,51*23'116,G530187W,Obszar zabudowany,,Droga gminna,Jednojezdniowa dwukierunkowa,N,POWIAT RADOM,RADOM - OBSZAR MIEJSKI