Liczba wypadków,Liczba zabitych,Liczba rannych,Rok,Warunki atmosferyczne,Rodzaj zdarzenia,Warunki atmosferyczne,Oświetlenie,Charakterystyka miejsca zdarzenia,IDKSIP zdarzenia,Godzina,Dzień,Ranny,GPS x,GPS y,Numer drogi,Obszar,Geometria drogi,Kategoria drogi 1,Rodzaj drogi,Czy w zdarzeniu był sprawca nietrzeźwy,Powiat,Gmina
1,0,0,2018,Oślepiające słońce,Zderzenie pojazdów boczne,Oślepiające słońce,Światło dzienne,Jezdnia,EWK-106887894X,11,2018-04-12,Nieokreślone (puste pole),21*10'103,51*23'116,G530187W,Obszar zabudowany,,Droga gminna,Jednojezdniowa dwukierunkowa,N,POWIAT RADOM,RADOM - OBSZAR MIEJSKI
1,0,1,2018,Oślepiające słońce,Zderzenie pojazdów boczne,Oślepiające słońce,Światło dzienne,Jezdnia,EWK-106891597D,16,2018-04-14,Ciężko,20*54'361,51*49'326,730,Obszar niezabudowany,Odcinek prosty,Droga wojewódzka,Jednojezdniowa dwukierunkowa,N,POWIAT GRÓJECKI,GRÓJEC - OBSZAR WIEJSKI
1,0,0,2018,Oślepiające słońce,Zderzenie pojazdów boczne,Oślepiające słońce,Światło dzienne,Jezdnia,EWK-106891597D,16,2018-04-14,Nieokreślone (puste pole),20*54'361,51*49'326,730,Obszar niezabudowany,Odcinek prosty,Droga wojewódzka,Jednojezdniowa dwukierunkowa,N,POWIAT GRÓJECKI,GRÓJEC - OBSZAR WIEJSKI
1,0,3,2018,Oślepiające słońce,Zderzenie pojazdów boczne,Oślepiające słońce,Światło dzienne,Jezdnia,EWK-106902664P,16,2018-04-21,Lekko,19*36'213,52*34'160,562,Obszar zabudowany,,Droga wojewódzka,Jednojezdniowa dwukierunkowa,N,POWIAT PŁOCKI,STARA BIAŁA - OBSZAR WIEJSKI
1,0,0,2018,Oślepiające słońce,Zderzenie pojazdów boczne,Oślepiające słońce,Światło dzienne,Jezdnia,EWK-106902664P,16,2018-04-21,Nieokreślone (puste pole),19*36'213,52*34'160,562,Obszar zabudowany,,Droga wojewódzka,Jednojezdniowa dwukierunkowa,N,POWIAT PŁOCKI,STARA BIAŁA - OBSZAR WIEJSKI
1,0,1,2018,Oślepiające słońce,Zderzenie pojazdów boczne,Oślepiające słońce,Światło dzienne,Jezdnia,EWK-106903472L,15,2018-04-22,Lekko,21*27'431,52*35'487,GMINNA,Obszar zabudowany,,Droga gminna,Dwie jezdnie jednokierunkowe,N,POWIAT WYSZKOWSKI,WYSZKÓW - OBSZAR MIEJSKI
1,0,0,2018,Oślepiające słońce,Zderzenie pojazdów boczne,Oślepiające słońce,Światło dzienne,Jezdnia,EWK-106903472L,15,2018-04-22,Nieokreślone (puste pole),21*27'431,52*35'487,GMINNA,Obszar zabudowany,,Droga gminna,Dwie jezdnie jednokierunkowe,N,POWIAT WYSZKOWSKI,WYSZKÓW - OBSZAR MIEJSKI
1,0,1,2018,Oślepiające słońce,Zderzenie pojazdów boczne,Oślepiające słońce,Światło dzienne,Jezdnia,EWK-106926671L,15,2018-05-06,Ciężko,21*09'323,51*24'211,P5312W,Obszar zabudowany,,Droga powiatowa,Jednojezdniowa dwukierunkowa,N,POWIAT RADOM,RADOM - OBSZAR MIEJSKI
1,0,0,2018,Oślepiające słońce,Zderzenie pojazdów boczne,Oślepiające słońce,Światło dzienne,Jezdnia,EWK-106926671L,15,2018-05-06,Nieokreślone (puste pole),21*09'323,51*24'211,P5312W,Obszar zabudowany,,Droga powiatowa,Jednojezdniowa dwukierunkowa,N,POWIAT RADOM,RADOM - OBSZAR MIEJSKI
1,0,3,2018,Oślepiające słońce,Zderzenie pojazdów boczne,Oślepiające słońce,Światło dzienne,Jezdnia,EWK-106927260C,16,2018-05-06,Lekko,19*53'188,52*29'035,62,Obszar niezabudowany,,Droga krajowa,Jednojezdniowa dwukierunkowa,N,POWIAT PŁOCKI,BODZANÓW - OBSZAR WIEJSKI
1,0,1,2018,Oślepiające słońce,Zderzenie pojazdów boczne,Oślepiające słońce,Światło dzienne,Jezdnia,EWK-106960700R,10,2018-05-22,Lekko,20*51'502,51*13'244,G400560W,Obszar zabudowany,,Droga gminna,Jednojezdniowa dwukierunkowa,N,POWIAT SZYDŁOWIECKI,SZYDŁOWIEC - OBSZAR MIEJSKI
1,0,0,2018,Oślepiające słońce,Zderzenie pojazdów boczne,Oślepiające słońce,Światło dzienne,Jezdnia,EWK-106960700R,10,2018-05-22,Nieokreślone (puste pole),20*51'502,51*13'244,G400560W,Obszar zabudowany,,Droga gminna,Jednojezdniowa dwukierunkowa,N,POWIAT SZYDŁOWIECKI,SZYDŁOWIEC - OBSZAR MIEJSKI
1,0,1,2018,Oślepiające słońce,Zderzenie pojazdów boczne,Oślepiające słońce,Światło dzienne,Jezdnia,EWK-106965902R,10,2018-05-24,Lekko,21*35'330,51*47'221,,Obszar zabudowany,,Nieokreślone (puste pole),Jednojezdniowa dwukierunkowa,N,POWIAT GARWOLIŃSKI,ŁASKARZEW - OBSZAR MIEJSKI
1,0,0,2018,Oślepiające słońce,Zderzenie pojazdów boczne,Oślepiające słońce,Światło dzienne,Jezdnia,EWK-106965902R,10,2018-05-24,Nieokreślone (puste pole),21*35'330,51*47'221,,Obszar zabudowany,,Nieokreślone (puste pole),Jednojezdniowa dwukierunkowa,N,POWIAT GARWOLIŃSKI,ŁASKARZEW - OBSZAR MIEJSKI
1,0,1,2018,Oślepiające słońce,Zderzenie pojazdów boczne,Oślepiające słońce,Światło dzienne,Jezdnia,EWK-106984972F,10,2018-06-03,Lekko,21*22'498,53*20'532,53,Obszar niezabudowany,,Droga krajowa,Jednojezdniowa dwukierunkowa,N,POWIAT OSTROŁĘCKI,MYSZYNIEC - OBSZAR WIEJSKI
1,0,0,2018,Oślepiające słońce,Zderzenie pojazdów boczne,Oślepiające słońce,Światło dzienne,Jezdnia,EWK-106984972F,10,2018-06-03,Nieokreślone (puste pole),21*22'498,53*20'532,53,Obszar niezabudowany,,Droga krajowa,Jednojezdniowa dwukierunkowa,N,POWIAT OSTROŁĘCKI,MYSZYNIEC - OBSZAR WIEJSKI
1,0,1,2018,Oślepiające słońce,Zderzenie pojazdów boczne,Oślepiające słońce,Światło dzienne,Jezdnia,EWK-106986409R,15,2018-06-04,Lekko,22*18'113,52*09'297,GMINNA,Obszar zabudowany,Odcinek prosty,Droga gminna,Jednojezdniowa dwukierunkowa,N,POWIAT SIEDLCE,SIEDLCE - OBSZAR MIEJSKI
1,0,0,2018,Oślepiające słońce,Zderzenie pojazdów boczne,Oślepiające słońce,Światło dzienne,Jezdnia,EWK-106986409R,15,2018-06-04,Nieokreślone (puste pole),22*18'113,52*09'297,GMINNA,Obszar zabudowany,Odcinek prosty,Droga gminna,Jednojezdniowa dwukierunkowa,N,POWIAT SIEDLCE,SIEDLCE - OBSZAR MIEJSKI
1,0,1,2018,Oślepiające słońce,Zderzenie pojazdów boczne,Oślepiające słońce,Światło dzienne,Jezdnia,EWK-106989621G,15,2018-06-01,Ciężko,21*14'287,51*25'190,GMINNA,Obszar zabudowany,,Droga gminna,Jednojezdniowa dwukierunkowa,N,POWIAT RADOMSKI,JEDLNIA-LETNISKO - OBSZAR WIEJSKI
1,0,0,2018,Oślepiające słońce,Zderzenie pojazdów boczne,Oślepiające słońce,Światło dzienne,Jezdnia,EWK-106989621G,15,2018-06-01,Nieokreślone (puste pole),21*14'287,51*25'190,GMINNA,Obszar zabudowany,,Droga gminna,Jednojezdniowa dwukierunkowa,N,POWIAT RADOMSKI,JEDLNIA-LETNISKO - OBSZAR WIEJSKI
1,1,0,2018,Oślepiające słońce,Zderzenie pojazdów boczne,Oślepiające słońce,Światło dzienne,Jezdnia,EWK-106990765K,13,2018-06-06,Nieokreślone (puste pole),21*34'187,51*54'008,76,Obszar zabudowany,Odcinek prosty,Droga krajowa,Jednojezdniowa dwukierunkowa,N,POWIAT GARWOLIŃSKI,GARWOLIN - OBSZAR WIEJSKI
1,0,1,2018,Oślepiające słońce,Zderzenie pojazdów boczne,Oślepiające słońce,Światło dzienne,Jezdnia,EWK-106996944E,9,2018-06-09,Ciężko,21*26'209,51*08'467,747,Obszar niezabudowany,,Droga wojewódzka,Jednojezdniowa dwukierunkowa,N,POWIAT LIPSKI,RZECZNIÓW - OBSZAR WIEJSKI
1,0,0,2018,Oślepiające słońce,Zderzenie pojazdów boczne,Oślepiające słońce,Światło dzienne,Jezdnia,EWK-106996944E,9,2018-06-09,Nieokreślone (puste pole),21*26'209,51*08'467,747,Obszar niezabudowany,,Droga wojewódzka,Jednojezdniowa dwukierunkowa,N,POWIAT LIPSKI,RZECZNIÓW - OBSZAR WIEJSKI
1,0,1,2018,Oślepiające słońce,Zderzenie pojazdów boczne,Oślepiające słońce,Światło dzienne,Jezdnia,EWK-107005643T,19,2018-06-12,Lekko,20*49'563,51*52'479,P1604W,Obszar niezabudowany,,Droga powiatowa,Jednojezdniowa dwukierunkowa,N,POWIAT GRÓJECKI,GRÓJEC - OBSZAR WIEJSKI
1,0,0,2018,Oślepiające słońce,Zderzenie pojazdów boczne,Oślepiające słońce,Światło dzienne,Jezdnia,EWK-107005643T,19,2018-06-12,Nieokreślone (puste pole),20*49'563,51*52'479,P1604W,Obszar niezabudowany,,Droga powiatowa,Jednojezdniowa dwukierunkowa,N,POWIAT GRÓJECKI,GRÓJEC - OBSZAR WIEJSKI
1,0,1,2018,Oślepiające słońce,Zderzenie pojazdów boczne,Oślepiające słońce,Światło dzienne,Jezdnia,EWK-107095968K,6,2018-07-10,Ciężko,21*34'259,52*39'254,8,Obszar niezabudowany,Odcinek prosty,Droga krajowa,Jednojezdniowa dwukierunkowa,N,POWIAT WYSZKOWSKI,BRAŃSZCZYK - OBSZAR WIEJSKI
1,0,0,2018,Oślepiające słońce,Zderzenie pojazdów boczne,Oślepiające słońce,Światło dzienne,Jezdnia,EWK-107095968K,6,2018-07-10,Nieokreślone (puste pole),21*34'259,52*39'254,8,Obszar niezabudowany,Odcinek prosty,Droga krajowa,Jednojezdniowa dwukierunkowa,N,POWIAT WYSZKOWSKI,BRAŃSZCZYK - OBSZAR WIEJSKI
1,0,1,2018,Oślepiające słońce,Zderzenie pojazdów boczne,Oślepiające słońce,Światło dzienne,Jezdnia,EWK-107129431K,12,2018-07-28,Ciężko,21*40'431,52*30'525,50,Obszar niezabudowany,Odcinek prosty,Droga krajowa,Jednojezdniowa dwukierunkowa,N,POWIAT WĘGROWSKI,ŁOCHÓW - OBSZAR WIEJSKI
1,0,0,2018,Oślepiające słońce,Zderzenie pojazdów boczne,Oślepiające słońce,Światło dzienne,Jezdnia,EWK-107129431K,12,2018-07-28,Nieokreślone (puste pole),21*40'431,52*30'525,50,Obszar niezabudowany,Odcinek prosty,Droga krajowa,Jednojezdniowa dwukierunkowa,N,POWIAT WĘGROWSKI,ŁOCHÓW - OBSZAR WIEJSKI
1,0,1,2018,Oślepiające słońce,Zderzenie pojazdów boczne,Oślepiające słońce,Światło dzienne,Jezdnia,EWK-107136079P,6,2018-08-01,Lekko,22*08'549,52*19'244,P3938W,Obszar zabudowany,"Zakręt, łuk",Droga powiatowa,Jednojezdniowa dwukierunkowa,N,POWIAT SOKOŁOWSKI,BIELANY - OBSZAR WIEJSKI
1,0,0,2018,Oślepiające słońce,Zderzenie pojazdów boczne,Oślepiające słońce,Światło dzienne,Jezdnia,EWK-107136079P,6,2018-08-01,Nieokreślone (puste pole),22*08'549,52*19'244,P3938W,Obszar zabudowany,"Zakręt, łuk",Droga powiatowa,Jednojezdniowa dwukierunkowa,N,POWIAT SOKOŁOWSKI,BIELANY - OBSZAR WIEJSKI
1,0,1,2018,Oślepiające słońce,Zderzenie pojazdów boczne,Oślepiające słońce,Światło dzienne,Jezdnia,EWK-107138138W,17,2018-08-01,Ciężko,20*56'111,52*55'232,P1238W,Obszar zabudowany,Odcinek prosty,Droga powiatowa,Jednojezdniowa dwukierunkowa,N,POWIAT PRZASNYSKI,KRASNE - OBSZAR WIEJSKI
1,0,0,2018,Oślepiające słońce,Zderzenie pojazdów boczne,Oślepiające słońce,Światło dzienne,Jezdnia,EWK-107138138W,17,2018-08-01,Nieokreślone (puste pole),20*56'111,52*55'232,P1238W,Obszar zabudowany,Odcinek prosty,Droga powiatowa,Jednojezdniowa dwukierunkowa,N,POWIAT PRZASNYSKI,KRASNE - OBSZAR WIEJSKI
1,0,1,2018,Oślepiające słońce,Zderzenie pojazdów boczne,Oślepiające słońce,Światło dzienne,Jezdnia,EWK-107147827N,12,2018-08-03,Lekko,21*09'558,51*25'547,P5301W,Obszar zabudowany,,Droga powiatowa,Dwie jezdnie jednokierunkowe,N,POWIAT RADOM,RADOM - OBSZAR MIEJSKI
1,0,0,2018,Oślepiające słońce,Zderzenie pojazdów boczne,Oślepiające słońce,Światło dzienne,Jezdnia,EWK-107147827N,12,2018-08-03,Nieokreślone (puste pole),21*09'558,51*25'547,P5301W,Obszar zabudowany,,Droga powiatowa,Dwie jezdnie jednokierunkowe,N,POWIAT RADOM,RADOM - OBSZAR MIEJSKI
1,0,3,2018,Oślepiające słońce,Zderzenie pojazdów boczne,Oślepiające słońce,Światło dzienne,Jezdnia,EWK-107150196X,11,2018-08-04,Lekko,20*50'421,51*52'142,50,Obszar niezabudowany,,Droga krajowa,Jednojezdniowa dwukierunkowa,N,POWIAT GRÓJECKI,GRÓJEC - OBSZAR WIEJSKI
1,0,1,2018,Oślepiające słońce,Zderzenie pojazdów boczne,Oślepiające słońce,Światło dzienne,Jezdnia,EWK-107159915T,16,2018-08-07,Lekko,21*09'534,51*23'426,P5309W,Obszar zabudowany,Odcinek prosty,Droga powiatowa,Jednojezdniowa dwukierunkowa,N,POWIAT RADOM,RADOM - OBSZAR MIEJSKI
1,0,0,2018,Oślepiające słońce,Zderzenie pojazdów boczne,Oślepiające słońce,Światło dzienne,Jezdnia,EWK-107159915T,16,2018-08-07,Nieokreślone (puste pole),21*09'534,51*23'426,P5309W,Obszar zabudowany,Odcinek prosty,Droga powiatowa,Jednojezdniowa dwukierunkowa,N,POWIAT RADOM,RADOM - OBSZAR MIEJSKI
1,0,2,2018,Oślepiające słońce,Zderzenie pojazdów boczne,Oślepiające słońce,Światło dzienne,Jezdnia,EWK-107164056Q,8,2018-08-09,Lekko,20*41'274,52*47'221,G120992W,Obszar zabudowany,,Droga gminna,Jednojezdniowa dwukierunkowa,N,POWIAT CIECHANOWSKI,SOŃSK - OBSZAR WIEJSKI
1,0,1,2018,Oślepiające słońce,Zderzenie pojazdów boczne,Oślepiające słońce,Światło dzienne,Jezdnia,EWK-107178937M,8,2018-08-13,Lekko,21*34'944,51*15'695,747,Obszar zabudowany,,Droga wojewódzka,Jednojezdniowa dwukierunkowa,N,POWIAT LIPSKI,RZECZNIÓW - OBSZAR WIEJSKI
1,0,0,2018,Oślepiające słońce,Zderzenie pojazdów boczne,Oślepiające słońce,Światło dzienne,Jezdnia,EWK-107178937M,8,2018-08-13,Nieokreślone (puste pole),21*34'944,51*15'695,747,Obszar zabudowany,,Droga wojewódzka,Jednojezdniowa dwukierunkowa,N,POWIAT LIPSKI,RZECZNIÓW - OBSZAR WIEJSKI
1,0,1,2018,Oślepiające słońce,Zderzenie pojazdów boczne,Oślepiające słońce,Światło dzienne,Jezdnia,EWK-107183572H,11,2018-08-15,Lekko,21*50'510,52*37'490,GMINNA,Obszar zabudowany,Odcinek prosty,Droga gminna,Jednojezdniowa dwukierunkowa,N,POWIAT WĘGROWSKI,SADOWNE - OBSZAR WIEJSKI
1,0,0,2018,Oślepiające słońce,Zderzenie pojazdów boczne,Oślepiające słońce,Światło dzienne,Jezdnia,EWK-107183572H,11,2018-08-15,Nieokreślone (puste pole),21*50'510,52*37'490,GMINNA,Obszar zabudowany,Odcinek prosty,Droga gminna,Jednojezdniowa dwukierunkowa,N,POWIAT WĘGROWSKI,SADOWNE - OBSZAR WIEJSKI
1,0,1,2018,Oślepiające słońce,Zderzenie pojazdów boczne,Oślepiające słońce,Światło dzienne,Jezdnia,EWK-107365461F,12,2018-10-10,Lekko,21*52'500,52*47'504,GMINNA,Obszar zabudowany,Odcinek prosty,Droga gminna,Jednojezdniowa dwukierunkowa,N,POWIAT OSTROWSKI,OSTRÓW MAZOWIECKA - OBSZAR MIEJSKI
1,0,0,2018,Oślepiające słońce,Zderzenie pojazdów boczne,Oślepiające słońce,Światło dzienne,Jezdnia,EWK-107365461F,12,2018-10-10,Nieokreślone (puste pole),21*52'500,52*47'504,GMINNA,Obszar zabudowany,Odcinek prosty,Droga gminna,Jednojezdniowa dwukierunkowa,N,POWIAT OSTROWSKI,OSTRÓW MAZOWIECKA - OBSZAR MIEJSKI
1,0,1,2018,Oślepiające słońce,Zderzenie pojazdów boczne,Oślepiające słońce,Światło dzienne,Jezdnia,EWK-107386284K,13,2018-10-17,Lekko,19*57'545,52*43'239,60,Obszar niezabudowany,Odcinek prosty,Droga krajowa,Jednojezdniowa dwukierunkowa,N,POWIAT PŁOCKI,DROBIN - OBSZAR WIEJSKI
1,0,0,2018,Oślepiające słońce,Zderzenie pojazdów boczne,Oślepiające słońce,Światło dzienne,Jezdnia,EWK-107386284K,13,2018-10-17,Nieokreślone (puste pole),19*57'545,52*43'239,60,Obszar niezabudowany,Odcinek prosty,Droga krajowa,Jednojezdniowa dwukierunkowa,N,POWIAT PŁOCKI,DROBIN - OBSZAR WIEJSKI
1,0,1,2018,Oślepiające słońce,Zderzenie pojazdów boczne,Oślepiające słońce,Światło dzienne,Jezdnia,EWK-107388167G,12,2018-10-10,Ciężko,21*11'581,51*27'575,P1715W,Obszar niezabudowany,Odcinek prosty,Droga powiatowa,Jednojezdniowa dwukierunkowa,N,POWIAT RADOM,RADOM - OBSZAR MIEJSKI
1,0,0,2018,Oślepiające słońce,Zderzenie pojazdów boczne,Oślepiające słońce,Światło dzienne,Jezdnia,EWK-107388167G,12,2018-10-10,Nieokreślone (puste pole),21*11'581,51*27'575,P1715W,Obszar niezabudowany,Odcinek prosty,Droga powiatowa,Jednojezdniowa dwukierunkowa,N,POWIAT RADOM,RADOM - OBSZAR MIEJSKI
1,0,1,2018,Oślepiające słońce,Zderzenie pojazdów boczne,Oślepiające słońce,Światło dzienne,Jezdnia,EWK-107393350T,16,2018-10-21,Lekko,21*14'497,51*18'340,733,Obszar zabudowany,Odcinek prosty,Droga wojewódzka,Jednojezdniowa dwukierunkowa,N,POWIAT RADOMSKI,SKARYSZEW - OBSZAR MIEJSKI
1,0,0,2018,Oślepiające słońce,Zderzenie pojazdów boczne,Oślepiające słońce,Światło dzienne,Jezdnia,EWK-107393350T,16,2018-10-21,Nieokreślone (puste pole),21*14'497,51*18'340,733,Obszar zabudowany,Odcinek prosty,Droga wojewódzka,Jednojezdniowa dwukierunkowa,N,POWIAT RADOMSKI,SKARYSZEW - OBSZAR MIEJSKI
1,0,2,2018,Oślepiające słońce,Zderzenie pojazdów boczne,Oślepiające słońce,Światło dzienne,Jezdnia,EWK-107465192A,10,2018-11-27,Lekko,21*23'024,51*51'241,801,Obszar zabudowany,,Droga wojewódzka,Jednojezdniowa dwukierunkowa,N,POWIAT GARWOLIŃSKI,WILGA - OBSZAR WIEJSKI
1,0,0,2018,Oślepiające słońce,Zderzenie pojazdów boczne,Oślepiające słońce,Światło dzienne,Jezdnia,EWK-107465192A,10,2018-11-27,Nieokreślone (puste pole),21*23'024,51*51'241,801,Obszar zabudowany,,Droga wojewódzka,Jednojezdniowa dwukierunkowa,N,POWIAT GARWOLIŃSKI,WILGA - OBSZAR WIEJSKI
1,0,1,2018,Oślepiające słońce,Zderzenie pojazdów boczne,Oślepiające słońce,Światło dzienne,Jezdnia,EWK-107471291R,14,2018-11-30,Lekko,20*27'125,52*03'535,P4730W,Obszar zabudowany,Odcinek prosty,Droga powiatowa,Jednojezdniowa dwukierunkowa,N,POWIAT ŻYRARDOWSKI,ŻYRARDÓW - OBSZAR MIEJSKI
1,0,0,2018,Oślepiające słońce,Zderzenie pojazdów boczne,Oślepiające słońce,Światło dzienne,Jezdnia,EWK-107471291R,14,2018-11-30,Nieokreślone (puste pole),20*27'125,52*03'535,P4730W,Obszar zabudowany,Odcinek prosty,Droga powiatowa,Jednojezdniowa dwukierunkowa,N,POWIAT ŻYRARDOWSKI,ŻYRARDÓW - OBSZAR MIEJSKI
1,0,1,2018,Oślepiające słońce,Zderzenie pojazdów boczne,Oślepiające słońce,Światło dzienne,Jezdnia,EWK-107490781M,14,2018-11-29,Ciężko,21*08'473,51*26'207,7,Obszar zabudowany,,Droga krajowa,Dwie jezdnie jednokierunkowe,N,POWIAT RADOM,RADOM - OBSZAR MIEJSKI
1,0,0,2018,Oślepiające słońce,Zderzenie pojazdów boczne,Oślepiające słońce,Światło dzienne,Jezdnia,EWK-107490781M,14,2018-11-29,Nieokreślone (puste pole),21*08'473,51*26'207,7,Obszar zabudowany,,Droga krajowa,Dwie jezdnie jednokierunkowe,N,POWIAT RADOM,RADOM - OBSZAR MIEJSKI
1,0,1,2018,Oślepiające słońce,Zderzenie pojazdów czołowe,Oślepiające słońce,Światło dzienne,Jezdnia,EWK-106878148U,10,2018-04-09,Lekko,21*27'531,51*31'488,737,Obszar niezabudowany,,Droga wojewódzka,Jednojezdniowa dwukierunkowa,N,POWIAT RADOMSKI,PIONKI - OBSZAR WIEJSKI
1,0,0,2018,Oślepiające słońce,Zderzenie pojazdów czołowe,Oślepiające słońce,Światło dzienne,Jezdnia,EWK-106878148U,10,2018-04-09,Nieokreślone (puste pole),21*27'531,51*31'488,737,Obszar niezabudowany,,Droga wojewódzka,Jednojezdniowa dwukierunkowa,N,POWIAT RADOMSKI,PIONKI - OBSZAR WIEJSKI
1,0,1,2018,Oślepiające słońce,Zderzenie pojazdów czołowe,Oślepiające słońce,Światło dzienne,Jezdnia,EWK-106896420T,13,2018-04-18,Lekko,21*05'506,51*21'554,P3564W,Obszar zabudowany,Odcinek prosty,Droga powiatowa,Jednojezdniowa dwukierunkowa,N,POWIAT RADOM,RADOM - OBSZAR MIEJSKI
1,0,0,2018,Oślepiające słońce,Zderzenie pojazdów czołowe,Oślepiające słońce,Światło dzienne,Jezdnia,EWK-106896420T,13,2018-04-18,Nieokreślone (puste pole),21*05'506,51*21'554,P3564W,Obszar zabudowany,Odcinek prosty,Droga powiatowa,Jednojezdniowa dwukierunkowa,N,POWIAT RADOM,RADOM - OBSZAR MIEJSKI
1,0,1,2018,Oślepiające słońce,Zderzenie pojazdów czołowe,Oślepiające słońce,Światło dzienne,Jezdnia,EWK-106897558W,18,2018-04-18,Lekko,20*53'345,51*51'266,GMINNA,Obszar zabudowany,,Droga gminna,Jednojezdniowa dwukierunkowa,N,POWIAT GRÓJECKI,GRÓJEC - OBSZAR MIEJSKI
1,0,0,2018,Oślepiające słońce,Zderzenie pojazdów czołowe,Oślepiające słońce,Światło dzienne,Jezdnia,EWK-106897558W,18,2018-04-18,Nieokreślone (puste pole),20*53'345,51*51'266,GMINNA,Obszar zabudowany,,Droga gminna,Jednojezdniowa dwukierunkowa,N,POWIAT GRÓJECKI,GRÓJEC - OBSZAR MIEJSKI
1,0,1,2018,Oślepiające słońce,Zderzenie pojazdów czołowe,Oślepiające słońce,Światło dzienne,Jezdnia,EWK-107136964H,15,2018-08-01,Ciężko,21*61'302,51*45'422,731,Obszar niezabudowany,Odcinek prosty,Droga wojewódzka,Jednojezdniowa dwukierunkowa,N,POWIAT GRÓJECKI,WARKA - OBSZAR WIEJSKI
1,0,1,2018,Oślepiające słońce,Zderzenie pojazdów czołowe,Oślepiające słońce,Światło dzienne,Jezdnia,EWK-107136964H,15,2018-08-01,Lekko,21*61'302,51*45'422,731,Obszar niezabudowany,Odcinek prosty,Droga wojewódzka,Jednojezdniowa dwukierunkowa,N,POWIAT GRÓJECKI,WARKA - OBSZAR WIEJSKI
1,0,0,2018,Oślepiające słońce,Zderzenie pojazdów czołowe,Oślepiające słońce,Światło dzienne,Jezdnia,EWK-107136964H,15,2018-08-01,Nieokreślone (puste pole),21*61'302,51*45'422,731,Obszar niezabudowany,Odcinek prosty,Droga wojewódzka,Jednojezdniowa dwukierunkowa,N,POWIAT GRÓJECKI,WARKA - OBSZAR WIEJSKI
1,0,1,2018,Oślepiające słońce,Zderzenie pojazdów czołowe,Oślepiające słońce,Światło dzienne,Jezdnia,EWK-107150842E,18,2018-07-31,Lekko,20*44'313,51*30'230,740,Obszar niezabudowany,Odcinek prosty,Droga wojewódzka,Jednojezdniowa dwukierunkowa,N,POWIAT PRZYSUSKI,POTWORÓW - OBSZAR WIEJSKI
1,0,0,2018,Oślepiające słońce,Zderzenie pojazdów czołowe,Oślepiające słońce,Światło dzienne,Jezdnia,EWK-107150842E,18,2018-07-31,Nieokreślone (puste pole),20*44'313,51*30'230,740,Obszar niezabudowany,Odcinek prosty,Droga wojewódzka,Jednojezdniowa dwukierunkowa,N,POWIAT PRZYSUSKI,POTWORÓW - OBSZAR WIEJSKI
1,0,1,2018,Oślepiające słońce,Zderzenie pojazdów czołowe,Oślepiające słońce,Światło dzienne,Jezdnia,EWK-107211933N,7,2018-08-22,Lekko,20*07'538,52*23'418,P2963W,Obszar niezabudowany,Odcinek prosty,Droga powiatowa,Jednojezdniowa dwukierunkowa,N,POWIAT PŁOCKI,WYSZOGRÓD - OBSZAR WIEJSKI
1,0,0,2018,Oślepiające słońce,Zderzenie pojazdów czołowe,Oślepiające słońce,Światło dzienne,Jezdnia,EWK-107211933N,7,2018-08-22,Nieokreślone (puste pole),20*07'538,52*23'418,P2963W,Obszar niezabudowany,Odcinek prosty,Droga powiatowa,Jednojezdniowa dwukierunkowa,N,POWIAT PŁOCKI,WYSZOGRÓD - OBSZAR WIEJSKI
1,0,4,2018,Oślepiające słońce,Zderzenie pojazdów czołowe,Oślepiające słońce,Światło dzienne,Jezdnia,EWK-107322284W,14,2018-09-28,Ciężko,19*35'139,52*46'467,541,Obszar niezabudowany,Odcinek prosty,Droga wojewódzka,Jednojezdniowa dwukierunkowa,N,POWIAT SIERPECKI,MOCHOWO - OBSZAR WIEJSKI
1,0,1,2018,Oślepiające słońce,Zderzenie pojazdów czołowe,Oślepiające słońce,Światło dzienne,Jezdnia,EWK-107332931K,16,2018-10-01,Lekko,20*01'492,52*29'488,P2956W,Obszar zabudowany,Odcinek prosty,Droga powiatowa,Jednojezdniowa dwukierunkowa,N,POWIAT PŁOCKI,BODZANÓW - OBSZAR WIEJSKI
1,0,0,2018,Oślepiające słońce,Zderzenie pojazdów czołowe,Oślepiające słońce,Światło dzienne,Jezdnia,EWK-107332931K,16,2018-10-01,Nieokreślone (puste pole),20*01'492,52*29'488,P2956W,Obszar zabudowany,Odcinek prosty,Droga powiatowa,Jednojezdniowa dwukierunkowa,N,POWIAT PŁOCKI,BODZANÓW - OBSZAR WIEJSKI
1,0,1,2018,Oślepiające słońce,Zderzenie pojazdów czołowe,Oślepiające słońce,Światło dzienne,Jezdnia,EWK-107365934X,16,2018-10-10,Ciężko,21*03'209,51*24'449,GMINNA,Obszar zabudowany,Odcinek prosty,Droga gminna,Jednojezdniowa dwukierunkowa,N,POWIAT RADOMSKI,ZAKRZEW - OBSZAR WIEJSKI
1,0,0,2018,Oślepiające słońce,Zderzenie pojazdów czołowe,Oślepiające słońce,Światło dzienne,Jezdnia,EWK-107365934X,16,2018-10-10,Nieokreślone (puste pole),21*03'209,51*24'449,GMINNA,Obszar zabudowany,Odcinek prosty,Droga gminna,Jednojezdniowa dwukierunkowa,N,POWIAT RADOMSKI,ZAKRZEW - OBSZAR WIEJSKI