Liczba wypadków,Liczba zabitych,Liczba rannych,Rok,Warunki atmosferyczne,Rodzaj zdarzenia,Warunki atmosferyczne,Oświetlenie,Charakterystyka miejsca zdarzenia,IDKSIP zdarzenia,Godzina,Dzień,Ranny,GPS x,GPS y,Numer drogi,Obszar,Geometria drogi,Kategoria drogi 1,Rodzaj drogi,Czy w zdarzeniu był sprawca nietrzeźwy,Powiat,Gmina
1,0,1,2018,Oślepiające słońce,Zderzenie pojazdów czołowe,Oślepiające słońce,Światło dzienne,Jezdnia,EWK-107399225R,11,2018-10-17,Ciężko,21*13'586,51*09'383,P3548W,Obszar zabudowany,Odcinek prosty,Droga powiatowa,Jednojezdniowa dwukierunkowa,N,POWIAT RADOMSKI,IŁŻA - OBSZAR MIEJSKI
1,0,0,2018,Oślepiające słońce,Zderzenie pojazdów czołowe,Oślepiające słońce,Światło dzienne,Jezdnia,EWK-107399225R,11,2018-10-17,Nieokreślone (puste pole),21*13'586,51*09'383,P3548W,Obszar zabudowany,Odcinek prosty,Droga powiatowa,Jednojezdniowa dwukierunkowa,N,POWIAT RADOMSKI,IŁŻA - OBSZAR MIEJSKI
1,0,1,2018,Oślepiające słońce,Zderzenie pojazdów czołowe,Oślepiające słońce,Światło dzienne,"Wjazd, wyjazd z posesji, pola",EWK-106906962T,9,2018-04-20,Ciężko,21*03'280,51*43'034,G161008W,Obszar zabudowany,,Droga gminna,Jednojezdniowa dwukierunkowa,N,POWIAT GRÓJECKI,WARKA - OBSZAR WIEJSKI
1,0,0,2018,Oślepiające słońce,Zderzenie pojazdów czołowe,Oślepiające słońce,Światło dzienne,"Wjazd, wyjazd z posesji, pola",EWK-106906962T,9,2018-04-20,Nieokreślone (puste pole),21*03'280,51*43'034,G161008W,Obszar zabudowany,,Droga gminna,Jednojezdniowa dwukierunkowa,N,POWIAT GRÓJECKI,WARKA - OBSZAR WIEJSKI
1,0,2,2018,Oślepiające słońce,Zderzenie pojazdów czołowe,Oślepiające słońce,Światło dzienne,"Wjazd, wyjazd z posesji, pola",EWK-106944949Y,18,2018-05-14,Lekko,19*54'144,52*36'248,567,Obszar niezabudowany,Odcinek prosty,Droga wojewódzka,Jednojezdniowa dwukierunkowa,N,POWIAT PŁOCKI,RADZANOWO - OBSZAR WIEJSKI
1,0,0,2018,Oślepiające słońce,Zderzenie pojazdów czołowe,Oślepiające słońce,Światło dzienne,"Wjazd, wyjazd z posesji, pola",EWK-106944949Y,18,2018-05-14,Nieokreślone (puste pole),19*54'144,52*36'248,567,Obszar niezabudowany,Odcinek prosty,Droga wojewódzka,Jednojezdniowa dwukierunkowa,N,POWIAT PŁOCKI,RADZANOWO - OBSZAR WIEJSKI
1,0,1,2018,Oślepiające słońce,Zderzenie pojazdów tylne,Oślepiające słońce,Światło dzienne,Jezdnia,EWK-106665853U,14,2018-01-09,Ciężko,21*31'556,51*35'300,G170854W,Obszar zabudowany,Odcinek prosty,Droga gminna,Jednojezdniowa dwukierunkowa,N,POWIAT KOZIENICKI,KOZIENICE - OBSZAR MIEJSKI
1,0,1,2018,Oślepiające słońce,Zderzenie pojazdów tylne,Oślepiające słońce,Światło dzienne,Jezdnia,EWK-106665853U,14,2018-01-09,Lekko,21*31'556,51*35'300,G170854W,Obszar zabudowany,Odcinek prosty,Droga gminna,Jednojezdniowa dwukierunkowa,N,POWIAT KOZIENICKI,KOZIENICE - OBSZAR MIEJSKI
1,0,0,2018,Oślepiające słońce,Zderzenie pojazdów tylne,Oślepiające słońce,Światło dzienne,Jezdnia,EWK-106665853U,14,2018-01-09,Nieokreślone (puste pole),21*31'556,51*35'300,G170854W,Obszar zabudowany,Odcinek prosty,Droga gminna,Jednojezdniowa dwukierunkowa,N,POWIAT KOZIENICKI,KOZIENICE - OBSZAR MIEJSKI
1,0,1,2018,Oślepiające słońce,Zderzenie pojazdów tylne,Oślepiające słońce,Światło dzienne,Jezdnia,EWK-106938192K,12,2018-05-11,Lekko,21*10'113,51*20'395,P3539W,Obszar zabudowany,Odcinek prosty,Droga powiatowa,Jednojezdniowa dwukierunkowa,N,POWIAT RADOMSKI,SKARYSZEW - OBSZAR WIEJSKI
1,0,0,2018,Oślepiające słońce,Zderzenie pojazdów tylne,Oślepiające słońce,Światło dzienne,Jezdnia,EWK-106938192K,12,2018-05-11,Nieokreślone (puste pole),21*10'113,51*20'395,P3539W,Obszar zabudowany,Odcinek prosty,Droga powiatowa,Jednojezdniowa dwukierunkowa,N,POWIAT RADOMSKI,SKARYSZEW - OBSZAR WIEJSKI
1,0,1,2018,Oślepiające słońce,Zderzenie pojazdów tylne,Oślepiające słońce,Światło dzienne,Jezdnia,EWK-106996209N,15,2018-06-08,Lekko,21*33'374,51*41'127,801,Obszar niezabudowany,Odcinek prosty,Droga wojewódzka,Jednojezdniowa dwukierunkowa,N,POWIAT GARWOLIŃSKI,MACIEJOWICE - OBSZAR WIEJSKI
1,0,0,2018,Oślepiające słońce,Zderzenie pojazdów tylne,Oślepiające słońce,Światło dzienne,Jezdnia,EWK-106996209N,15,2018-06-08,Nieokreślone (puste pole),21*33'374,51*41'127,801,Obszar niezabudowany,Odcinek prosty,Droga wojewódzka,Jednojezdniowa dwukierunkowa,N,POWIAT GARWOLIŃSKI,MACIEJOWICE - OBSZAR WIEJSKI
1,0,1,2018,Oślepiające słońce,Zderzenie pojazdów tylne,Oślepiające słońce,Światło dzienne,Jezdnia,EWK-107017958C,14,2018-06-14,Lekko,21*06'283,51*23'487,12,Obszar zabudowany,,Droga krajowa,Jednokierunkowa,N,POWIAT RADOM,RADOM - OBSZAR MIEJSKI
1,0,0,2018,Oślepiające słońce,Zderzenie pojazdów tylne,Oślepiające słońce,Światło dzienne,Jezdnia,EWK-107017958C,14,2018-06-14,Nieokreślone (puste pole),21*06'283,51*23'487,12,Obszar zabudowany,,Droga krajowa,Jednokierunkowa,N,POWIAT RADOM,RADOM - OBSZAR MIEJSKI
1,0,2,2018,Oślepiające słońce,Zderzenie pojazdów tylne,Oślepiające słońce,Światło dzienne,Jezdnia,EWK-107089993N,14,2018-07-07,Lekko,21*09'514,51*25'418,P5301W,Obszar zabudowany,Odcinek prosty,Droga powiatowa,Dwie jezdnie jednokierunkowe,N,POWIAT RADOM,RADOM - OBSZAR MIEJSKI
1,1,0,2018,Oślepiające słońce,Zderzenie pojazdów tylne,Oślepiające słońce,Światło dzienne,Jezdnia,EWK-107202024L,8,2018-08-18,Nieokreślone (puste pole),21*00'483,51*23'138,12,Obszar zabudowany,Odcinek prosty,Droga krajowa,Jednojezdniowa dwukierunkowa,N,POWIAT RADOMSKI,WOLANÓW - OBSZAR WIEJSKI
1,0,1,2018,Oślepiające słońce,Zderzenie pojazdów tylne,Oślepiające słońce,Światło dzienne,Jezdnia,EWK-107212319K,15,2018-08-22,Lekko,21*08'248,51*27'338,7,Obszar niezabudowany,Odcinek prosty,Droga krajowa,Dwie jezdnie jednokierunkowe,N,POWIAT RADOMSKI,JEDLIŃSK - OBSZAR WIEJSKI
1,0,0,2018,Oślepiające słońce,Zderzenie pojazdów tylne,Oślepiające słońce,Światło dzienne,Jezdnia,EWK-107212319K,15,2018-08-22,Nieokreślone (puste pole),21*08'248,51*27'338,7,Obszar niezabudowany,Odcinek prosty,Droga krajowa,Dwie jezdnie jednokierunkowe,N,POWIAT RADOMSKI,JEDLIŃSK - OBSZAR WIEJSKI
1,0,1,2018,Oślepiające słońce,Zderzenie pojazdów tylne,Oślepiające słońce,Światło dzienne,Jezdnia,EWK-107277697T,15,2018-09-12,Lekko,21*08'340,51*24'336,P5305W,Obszar zabudowany,,Droga powiatowa,Dwie jezdnie jednokierunkowe,N,POWIAT RADOM,RADOM - OBSZAR MIEJSKI
1,0,0,2018,Oślepiające słońce,Zderzenie pojazdów tylne,Oślepiające słońce,Światło dzienne,Jezdnia,EWK-107277697T,15,2018-09-12,Nieokreślone (puste pole),21*08'340,51*24'336,P5305W,Obszar zabudowany,,Droga powiatowa,Dwie jezdnie jednokierunkowe,N,POWIAT RADOM,RADOM - OBSZAR MIEJSKI
1,0,1,2018,Oślepiające słońce,Zderzenie pojazdów tylne,Oślepiające słońce,Światło dzienne,Jezdnia,EWK-107302643R,10,2018-09-21,Lekko,21*08'367,53*00'367,P2111W,Obszar niezabudowany,"Zakręt, łuk",Droga powiatowa,Jednojezdniowa dwukierunkowa,N,POWIAT MAKOWSKI,KRASNOSIELC - OBSZAR WIEJSKI
1,0,0,2018,Oślepiające słońce,Zderzenie pojazdów tylne,Oślepiające słońce,Światło dzienne,Jezdnia,EWK-107302643R,10,2018-09-21,Nieokreślone (puste pole),21*08'367,53*00'367,P2111W,Obszar niezabudowany,"Zakręt, łuk",Droga powiatowa,Jednojezdniowa dwukierunkowa,N,POWIAT MAKOWSKI,KRASNOSIELC - OBSZAR WIEJSKI
1,0,1,2018,Oślepiające słońce,Zderzenie pojazdów tylne,Oślepiające słońce,Światło dzienne,Jezdnia,EWK-107312913J,14,2018-09-25,Lekko,21*08'413,51*23'057,P5331W,Obszar zabudowany,Odcinek prosty,Droga powiatowa,Jednojezdniowa dwukierunkowa,N,POWIAT RADOM,RADOM - OBSZAR MIEJSKI
1,0,0,2018,Oślepiające słońce,Zderzenie pojazdów tylne,Oślepiające słońce,Światło dzienne,Jezdnia,EWK-107312913J,14,2018-09-25,Nieokreślone (puste pole),21*08'413,51*23'057,P5331W,Obszar zabudowany,Odcinek prosty,Droga powiatowa,Jednojezdniowa dwukierunkowa,N,POWIAT RADOM,RADOM - OBSZAR MIEJSKI
1,0,1,2018,Oślepiające słońce,Zderzenie pojazdów tylne,Oślepiające słońce,Światło dzienne,Jezdnia,EWK-107364174G,16,2018-10-10,Lekko,21*02'333,51*25'502,740,Obszar zabudowany,,Droga wojewódzka,Jednojezdniowa dwukierunkowa,N,POWIAT RADOMSKI,ZAKRZEW - OBSZAR WIEJSKI
1,0,0,2018,Oślepiające słońce,Zderzenie pojazdów tylne,Oślepiające słońce,Światło dzienne,Jezdnia,EWK-107364174G,16,2018-10-10,Nieokreślone (puste pole),21*02'333,51*25'502,740,Obszar zabudowany,,Droga wojewódzka,Jednojezdniowa dwukierunkowa,N,POWIAT RADOMSKI,ZAKRZEW - OBSZAR WIEJSKI
1,0,1,2018,Oślepiające słońce,Zderzenie pojazdów tylne,Oślepiające słońce,Światło dzienne,Jezdnia,EWK-107375715M,15,2018-10-13,Lekko,21*34'497,51*21'272,12,Obszar niezabudowany,Odcinek prosty,Droga krajowa,Jednojezdniowa dwukierunkowa,N,POWIAT ZWOLEŃSKI,ZWOLEŃ - OBSZAR MIEJSKI
1,0,0,2018,Oślepiające słońce,Zderzenie pojazdów tylne,Oślepiające słońce,Światło dzienne,Jezdnia,EWK-107375715M,15,2018-10-13,Nieokreślone (puste pole),21*34'497,51*21'272,12,Obszar niezabudowany,Odcinek prosty,Droga krajowa,Jednojezdniowa dwukierunkowa,N,POWIAT ZWOLEŃSKI,ZWOLEŃ - OBSZAR MIEJSKI
1,0,2,2018,Oślepiające słońce,Zderzenie pojazdów tylne,Oślepiające słońce,Światło dzienne,Jezdnia,EWK-107413221F,7,2018-10-30,Lekko,22*09'522,52*14'440,696,Obszar niezabudowany,Odcinek prosty,Droga wojewódzka,Jednojezdniowa dwukierunkowa,N,POWIAT SIEDLECKI,MOKOBODY - OBSZAR WIEJSKI
1,0,0,2018,Oślepiające słońce,Zderzenie pojazdów tylne,Oślepiające słońce,Światło dzienne,Jezdnia,EWK-107413221F,7,2018-10-30,Nieokreślone (puste pole),22*09'522,52*14'440,696,Obszar niezabudowany,Odcinek prosty,Droga wojewódzka,Jednojezdniowa dwukierunkowa,N,POWIAT SIEDLECKI,MOKOBODY - OBSZAR WIEJSKI
1,0,1,2018,Oślepiające słońce,Zderzenie pojazdów tylne,Oślepiające słońce,Światło dzienne,Jezdnia,EWK-107480169D,8,2018-12-05,Lekko,20*38'348,52*39'116,W632,Obszar niezabudowany,Odcinek prosty,Droga wojewódzka,Jednojezdniowa dwukierunkowa,N,POWIAT PŁOŃSKI,NOWE MIASTO - OBSZAR WIEJSKI
1,1,0,2018,Oślepiające słońce,Zderzenie pojazdów tylne,Oślepiające słońce,Światło dzienne,Jezdnia,EWK-107480169D,8,2018-12-05,Nieokreślone (puste pole),20*38'348,52*39'116,W632,Obszar niezabudowany,Odcinek prosty,Droga wojewódzka,Jednojezdniowa dwukierunkowa,N,POWIAT PŁOŃSKI,NOWE MIASTO - OBSZAR WIEJSKI
1,0,1,2018,Oślepiające słońce,Zderzenie pojazdów tylne,Oślepiające słońce,Światło dzienne,"Wjazd, wyjazd z posesji, pola",EWK-106921978P,14,2018-04-29,Lekko,19*45'371,52*35'248,60,Obszar niezabudowany,Odcinek prosty,Droga krajowa,Jednojezdniowa dwukierunkowa,N,POWIAT PŁOCKI,RADZANOWO - OBSZAR WIEJSKI
1,0,0,2018,Oślepiające słońce,Zderzenie pojazdów tylne,Oślepiające słońce,Światło dzienne,"Wjazd, wyjazd z posesji, pola",EWK-106921978P,14,2018-04-29,Nieokreślone (puste pole),19*45'371,52*35'248,60,Obszar niezabudowany,Odcinek prosty,Droga krajowa,Jednojezdniowa dwukierunkowa,N,POWIAT PŁOCKI,RADZANOWO - OBSZAR WIEJSKI
1,0,1,2018,Pochmurno,Inne,Pochmurno,Noc - droga nieoświetlona,Jezdnia,EWK-106677066C,1,2018-01-21,Ciężko,20*38'009,52*53'019,616,Obszar zabudowany,Odcinek prosty,Droga wojewódzka,Jednojezdniowa dwukierunkowa,N,POWIAT CIECHANOWSKI,GRUDUSK - OBSZAR WIEJSKI
1,0,0,2018,Pochmurno,Inne,Pochmurno,Noc - droga nieoświetlona,Jezdnia,EWK-106677066C,1,2018-01-21,Nieokreślone (puste pole),20*38'009,52*53'019,616,Obszar zabudowany,Odcinek prosty,Droga wojewódzka,Jednojezdniowa dwukierunkowa,N,POWIAT CIECHANOWSKI,GRUDUSK - OBSZAR WIEJSKI
1,0,1,2018,Pochmurno,Inne,Pochmurno,Noc - droga nieoświetlona,Jezdnia,EWK-106688339C,16,2018-01-21,Lekko,21*19'573,51*23'564,P3518W,Obszar zabudowany,Odcinek prosty,Droga powiatowa,Jednojezdniowa dwukierunkowa,N,POWIAT RADOMSKI,JEDLNIA-LETNISKO - OBSZAR WIEJSKI
1,0,1,2018,Pochmurno,Inne,Pochmurno,Noc - droga nieoświetlona,Jezdnia,EWK-106731715Y,17,2018-02-12,Lekko,21*15'051,51*20'181,P3529W,Obszar niezabudowany,Odcinek prosty,Droga powiatowa,Jednojezdniowa dwukierunkowa,N,POWIAT RADOMSKI,SKARYSZEW - OBSZAR WIEJSKI
1,0,0,2018,Pochmurno,Inne,Pochmurno,Noc - droga nieoświetlona,Jezdnia,EWK-106731715Y,17,2018-02-12,Nieokreślone (puste pole),21*15'051,51*20'181,P3529W,Obszar niezabudowany,Odcinek prosty,Droga powiatowa,Jednojezdniowa dwukierunkowa,N,POWIAT RADOMSKI,SKARYSZEW - OBSZAR WIEJSKI
1,0,1,2018,Pochmurno,Inne,Pochmurno,Noc - droga oświetlona,Jezdnia,EWK-106955708P,1,2018-05-19,Lekko,21*02'045,51*20'269,GMINNA,Obszar zabudowany,Odcinek prosty,Droga gminna,Jednojezdniowa dwukierunkowa,T,POWIAT RADOMSKI,KOWALA - OBSZAR WIEJSKI
1,0,0,2018,Pochmurno,Inne,Pochmurno,Noc - droga oświetlona,Jezdnia,EWK-106955708P,1,2018-05-19,Nieokreślone (puste pole),21*02'045,51*20'269,GMINNA,Obszar zabudowany,Odcinek prosty,Droga gminna,Jednojezdniowa dwukierunkowa,T,POWIAT RADOMSKI,KOWALA - OBSZAR WIEJSKI
1,0,3,2018,Pochmurno,Inne,Pochmurno,Noc - droga oświetlona,Jezdnia,EWK-107521835R,17,2018-12-21,Lekko,20*51'257,51*54'296,7,Obszar niezabudowany,,Droga krajowa,Dwie jezdnie jednokierunkowe,N,POWIAT GRÓJECKI,GRÓJEC - OBSZAR WIEJSKI
1,0,0,2018,Pochmurno,Inne,Pochmurno,Noc - droga oświetlona,Jezdnia,EWK-107521835R,17,2018-12-21,Nieokreślone (puste pole),20*51'257,51*54'296,7,Obszar niezabudowany,,Droga krajowa,Dwie jezdnie jednokierunkowe,N,POWIAT GRÓJECKI,GRÓJEC - OBSZAR WIEJSKI
1,0,2,2018,Pochmurno,Inne,Pochmurno,Światło dzienne,Jezdnia,EWK-106727769A,14,2018-02-10,Lekko,20*38'043,51*19'083,P3302W,Obszar zabudowany,Odcinek prosty,Droga powiatowa,Jednojezdniowa dwukierunkowa,N,POWIAT PRZYSUSKI,BORKOWICE - OBSZAR WIEJSKI
1,0,1,2018,Pochmurno,Inne,Pochmurno,Światło dzienne,Jezdnia,EWK-106740304M,10,2018-02-17,Lekko,22*04'297,52*19'456,696,Obszar niezabudowany,"Zakręt, łuk",Droga wojewódzka,Jednojezdniowa dwukierunkowa,N,POWIAT WĘGROWSKI,LIW - OBSZAR WIEJSKI
1,0,0,2018,Pochmurno,Inne,Pochmurno,Światło dzienne,Jezdnia,EWK-106740304M,10,2018-02-17,Nieokreślone (puste pole),22*04'297,52*19'456,696,Obszar niezabudowany,"Zakręt, łuk",Droga wojewódzka,Jednojezdniowa dwukierunkowa,N,POWIAT WĘGROWSKI,LIW - OBSZAR WIEJSKI
1,0,1,2018,Pochmurno,Inne,Pochmurno,Światło dzienne,Jezdnia,EWK-107062696A,19,2018-06-26,Lekko,19*33'012,52*53'413,10,Obszar niezabudowany,Odcinek prosty,Droga krajowa,Jednojezdniowa dwukierunkowa,N,POWIAT SIERPECKI,SZCZUTOWO - OBSZAR WIEJSKI
1,0,1,2018,Pochmurno,Inne,Pochmurno,Światło dzienne,Jezdnia,EWK-107080528F,5,2018-07-03,Lekko,22*0'343,52*52'351,P2632W,Obszar niezabudowany,Odcinek prosty,Droga powiatowa,Jednojezdniowa dwukierunkowa,N,POWIAT OSTROWSKI,OSTRÓW MAZOWIECKA - OBSZAR WIEJSKI
1,0,0,2018,Pochmurno,Inne,Pochmurno,Światło dzienne,Jezdnia,EWK-107080528F,5,2018-07-03,Nieokreślone (puste pole),22*0'343,52*52'351,P2632W,Obszar niezabudowany,Odcinek prosty,Droga powiatowa,Jednojezdniowa dwukierunkowa,N,POWIAT OSTROWSKI,OSTRÓW MAZOWIECKA - OBSZAR WIEJSKI
1,0,2,2018,Pochmurno,Inne,Pochmurno,Światło dzienne,Jezdnia,EWK-107284204L,15,2018-09-14,Lekko,20*57'576,51*25'159,P3503W,Obszar zabudowany,Odcinek prosty,Droga powiatowa,Jednojezdniowa dwukierunkowa,N,POWIAT RADOMSKI,ZAKRZEW - OBSZAR WIEJSKI
1,0,2,2018,Pochmurno,Inne,Pochmurno,Światło dzienne,Jezdnia,EWK-107475546L,13,2018-12-03,Ciężko,21*27'222,53*09'284,2535W,Obszar niezabudowany,Odcinek prosty,Droga powiatowa,Jednojezdniowa dwukierunkowa,N,POWIAT OSTROŁĘCKI,LELIS - OBSZAR WIEJSKI
1,0,1,2018,Pochmurno,Inne,Pochmurno,Światło dzienne,Jezdnia,EWK-107518237C,13,2018-12-20,Lekko,21*08'595,51*23'259,12,Obszar zabudowany,,Droga krajowa,Dwie jezdnie jednokierunkowe,N,POWIAT RADOM,RADOM - OBSZAR MIEJSKI
1,0,0,2018,Pochmurno,Inne,Pochmurno,Światło dzienne,Jezdnia,EWK-107518237C,13,2018-12-20,Nieokreślone (puste pole),21*08'595,51*23'259,12,Obszar zabudowany,,Droga krajowa,Dwie jezdnie jednokierunkowe,N,POWIAT RADOM,RADOM - OBSZAR MIEJSKI
1,0,2,2018,Pochmurno,Inne,Pochmurno,Światło dzienne,Jezdnia,EWK-107529167U,10,2018-12-24,Ciężko,20*48'070,51*56'460,P1601W,Obszar niezabudowany,,Droga powiatowa,Jednojezdniowa dwukierunkowa,N,POWIAT GRÓJECKI,PNIEWY - OBSZAR WIEJSKI
1,0,1,2018,Pochmurno,Inne,Pochmurno,Światło dzienne,"Skarpa, rów",EWK-106668042W,7,2018-01-11,Lekko,20*45'259,51*19'208,G330109W,Obszar niezabudowany,"Zakręt, łuk",Droga gminna,Jednojezdniowa dwukierunkowa,N,POWIAT PRZYSUSKI,BORKOWICE - OBSZAR WIEJSKI
1,0,0,2018,Pochmurno,Inne,Pochmurno,Światło dzienne,"Skarpa, rów",EWK-106668042W,7,2018-01-11,Nieokreślone (puste pole),20*45'259,51*19'208,G330109W,Obszar niezabudowany,"Zakręt, łuk",Droga gminna,Jednojezdniowa dwukierunkowa,N,POWIAT PRZYSUSKI,BORKOWICE - OBSZAR WIEJSKI
1,1,0,2018,Pochmurno,Inne,Pochmurno,Światło dzienne,"Wjazd, wyjazd z posesji, pola",EWK-106795538D,13,2018-03-14,Nieokreślone (puste pole),19*43'139,52*32'270,GMINNA,Obszar zabudowany,Odcinek prosty,Droga gminna,Jednojezdniowa dwukierunkowa,N,POWIAT PŁOCK,PŁOCK - OBSZAR MIEJSKI
1,0,1,2018,Pochmurno,Inne,Pochmurno,"Świt, zmrok",Jezdnia,EWK-107116817R,20,2018-07-20,Lekko,20*17'085,52*16'481,705,Obszar niezabudowany,Odcinek prosty,Droga wojewódzka,Jednojezdniowa dwukierunkowa,N,POWIAT SOCHACZEWSKI,SOCHACZEW - OBSZAR MIEJSKI
1,0,1,2018,Pochmurno,Najechanie na barierę ochronną,Pochmurno,Noc - droga nieoświetlona,Jezdnia,EWK-107104044H,2,2018-07-15,Ciężko,21*33'004,52*38'409,8,Obszar niezabudowany,"Zakręt, łuk",Droga krajowa,Jednojezdniowa dwukierunkowa,N,POWIAT WYSZKOWSKI,BRAŃSZCZYK - OBSZAR WIEJSKI
1,0,2,2018,Pochmurno,Najechanie na barierę ochronną,Pochmurno,Noc - droga oświetlona,Pas dzielący jezdnie,EWK-107496749F,18,2018-12-13,Lekko,21*02'111,51*26'566,S7,Obszar niezabudowany,Odcinek prosty,Droga krajowa,Ekspresowa,N,POWIAT RADOMSKI,ZAKRZEW - OBSZAR WIEJSKI
1,0,3,2018,Pochmurno,Najechanie na barierę ochronną,Pochmurno,Światło dzienne,Jezdnia,EWK-106699296G,15,2018-01-27,Lekko,21*05'014,51*31'503,7,Obszar niezabudowany,"Zakręt, łuk",Droga krajowa,Ekspresowa,N,POWIAT RADOMSKI,JEDLIŃSK - OBSZAR WIEJSKI
1,0,2,2018,Pochmurno,Najechanie na drzewo,Pochmurno,Noc - droga nieoświetlona,Jezdnia,EWK-106680501R,21,2018-01-17,Lekko,19*30'487,52*23'485,573,Obszar niezabudowany,Odcinek prosty,Droga wojewódzka,Jednojezdniowa dwukierunkowa,N,POWIAT GOSTYNIŃSKI,SZCZAWIN KOŚCIELNY - OBSZAR WIEJSKI
1,0,1,2018,Pochmurno,Najechanie na drzewo,Pochmurno,Noc - droga nieoświetlona,Jezdnia,EWK-107060600D,21,2018-06-25,Lekko,20*32'387,52*52'277,G120214W,Obszar niezabudowany,Odcinek prosty,Droga gminna,Jednojezdniowa dwukierunkowa,N,POWIAT CIECHANOWSKI,CIECHANÓW - OBSZAR WIEJSKI
1,0,2,2018,Pochmurno,Najechanie na drzewo,Pochmurno,Noc - droga nieoświetlona,Jezdnia,EWK-107172037G,20,2018-08-11,Lekko,22*16'461,52*14'019,P,Obszar niezabudowany,"Zakręt, łuk",Droga powiatowa,Jednojezdniowa dwukierunkowa,N,POWIAT SIEDLECKI,SUCHOŻEBRY - OBSZAR WIEJSKI
1,0,0,2018,Pochmurno,Najechanie na drzewo,Pochmurno,Noc - droga nieoświetlona,Jezdnia,EWK-107172037G,20,2018-08-11,Nieokreślone (puste pole),22*16'461,52*14'019,P,Obszar niezabudowany,"Zakręt, łuk",Droga powiatowa,Jednojezdniowa dwukierunkowa,N,POWIAT SIEDLECKI,SUCHOŻEBRY - OBSZAR WIEJSKI
1,0,2,2018,Pochmurno,Najechanie na drzewo,Pochmurno,Noc - droga nieoświetlona,Jezdnia,EWK-107519292Y,1,2018-12-21,Lekko,22*24'583,52*10'396,698,Obszar niezabudowany,Odcinek prosty,Droga wojewódzka,Jednojezdniowa dwukierunkowa,N,POWIAT SIEDLECKI,SIEDLCE - OBSZAR WIEJSKI
1,0,1,2018,Pochmurno,Najechanie na drzewo,Pochmurno,Noc - droga nieoświetlona,Pobocze,EWK-106776455K,23,2018-03-02,Ciężko,21*48'383,52*37'444,G420616W,Obszar zabudowany,Odcinek prosty,Droga gminna,Jednojezdniowa dwukierunkowa,N,POWIAT WĘGROWSKI,SADOWNE - OBSZAR WIEJSKI
1,1,0,2018,Pochmurno,Najechanie na drzewo,Pochmurno,Noc - droga nieoświetlona,Pobocze,EWK-107473715F,19,2018-12-02,Nieokreślone (puste pole),21*36'518,53*16'330,2521W,Obszar niezabudowany,"Zakręt, łuk",Droga powiatowa,Jednojezdniowa dwukierunkowa,N,POWIAT OSTROŁĘCKI,KADZIDŁO - OBSZAR WIEJSKI
1,0,1,2018,Pochmurno,Najechanie na drzewo,Pochmurno,Noc - droga nieoświetlona,Pobocze,EWK-107555938Y,16,2018-12-31,Lekko,20*04'071,52*26'503,P2962W,Obszar niezabudowany,Odcinek prosty,Droga powiatowa,Jednojezdniowa dwukierunkowa,N,POWIAT PŁOCKI,MAŁA WIEŚ - OBSZAR WIEJSKI
1,0,2,2018,Pochmurno,Najechanie na drzewo,Pochmurno,Noc - droga nieoświetlona,"Skarpa, rów",EWK-106657078T,5,2018-01-01,Ciężko,20*20'321,52*24'081,62,Obszar niezabudowany,"Zakręt, łuk",Droga krajowa,Jednojezdniowa dwukierunkowa,N,POWIAT PŁOŃSKI,CZERWIŃSK NAD WISŁĄ - OBSZAR WIEJSKI
1,0,1,2018,Pochmurno,Najechanie na drzewo,Pochmurno,Noc - droga oświetlona,Jezdnia,EWK-106724298T,22,2018-02-09,Ciężko,21*09'572,51*23'495,P5321W,Obszar zabudowany,Odcinek prosty,Droga powiatowa,Jednojezdniowa dwukierunkowa,N,POWIAT RADOM,RADOM - OBSZAR MIEJSKI
1,0,1,2018,Pochmurno,Najechanie na drzewo,Pochmurno,Światło dzienne,Jezdnia,EWK-106700774F,12,2018-01-28,Ciężko,21*44'431,52*57'373,627,Obszar niezabudowany,"Zakręt, łuk",Droga wojewódzka,Jednojezdniowa dwukierunkowa,N,POWIAT OSTROŁĘCKI,CZERWIN - OBSZAR WIEJSKI
1,0,1,2018,Pochmurno,Najechanie na drzewo,Pochmurno,Światło dzienne,Jezdnia,EWK-106782706N,7,2018-03-07,Lekko,21*34'561,51*50'440,,Obszar niezabudowany,"Zakręt, łuk",Nieokreślone (puste pole),Jednojezdniowa dwukierunkowa,N,POWIAT GARWOLIŃSKI,GARWOLIN - OBSZAR WIEJSKI
1,0,0,2018,Pochmurno,Najechanie na drzewo,Pochmurno,Światło dzienne,Jezdnia,EWK-106782706N,7,2018-03-07,Nieokreślone (puste pole),21*34'561,51*50'440,,Obszar niezabudowany,"Zakręt, łuk",Nieokreślone (puste pole),Jednojezdniowa dwukierunkowa,N,POWIAT GARWOLIŃSKI,GARWOLIN - OBSZAR WIEJSKI
1,0,1,2018,Pochmurno,Najechanie na drzewo,Pochmurno,Światło dzienne,Jezdnia,EWK-107002212D,19,2018-06-11,Lekko,21*37'417,53*19'192,645,Obszar niezabudowany,"Zakręt, łuk",Droga wojewódzka,Jednojezdniowa dwukierunkowa,N,POWIAT OSTROŁĘCKI,ŁYSE - OBSZAR WIEJSKI
1,0,0,2018,Pochmurno,Najechanie na drzewo,Pochmurno,Światło dzienne,Jezdnia,EWK-107002212D,19,2018-06-11,Nieokreślone (puste pole),21*37'417,53*19'192,645,Obszar niezabudowany,"Zakręt, łuk",Droga wojewódzka,Jednojezdniowa dwukierunkowa,N,POWIAT OSTROŁĘCKI,ŁYSE - OBSZAR WIEJSKI