Liczba wypadków,Liczba zabitych,Liczba rannych,Rok,Warunki atmosferyczne,Rodzaj zdarzenia,Warunki atmosferyczne,Oświetlenie,Charakterystyka miejsca zdarzenia,IDKSIP zdarzenia,Godzina,Dzień,Ranny,GPS x,GPS y,Numer drogi,Obszar,Geometria drogi,Kategoria drogi 1,Rodzaj drogi,Czy w zdarzeniu był sprawca nietrzeźwy,Powiat,Gmina
1,0,1,2018,Pochmurno,Najechanie na drzewo,Pochmurno,Światło dzienne,Jezdnia,EWK-107244933E,5,2018-08-31,Ciężko,21*06'141,53*06'244,P3234W,Obszar niezabudowany,Odcinek prosty,Droga powiatowa,Jednojezdniowa dwukierunkowa,N,POWIAT MAKOWSKI,KRASNOSIELC - OBSZAR WIEJSKI
1,0,1,2018,Pochmurno,Najechanie na drzewo,Pochmurno,Światło dzienne,Jezdnia,EWK-107331304N,16,2018-09-28,Lekko,20*32'569,51*30'548,G330402W,Obszar niezabudowany,Odcinek prosty,Droga gminna,Jednojezdniowa dwukierunkowa,N,POWIAT PRZYSUSKI,ODRZYWÓŁ - OBSZAR WIEJSKI
1,1,0,2018,Pochmurno,Najechanie na drzewo,Pochmurno,Światło dzienne,Jezdnia,EWK-107399926K,14,2018-10-24,Nieokreślone (puste pole),21*45'390,52*56'227,627,Obszar niezabudowany,"Zakręt, łuk",Droga wojewódzka,Jednojezdniowa dwukierunkowa,N,POWIAT OSTROŁĘCKI,CZERWIN - OBSZAR WIEJSKI
1,0,1,2018,Pochmurno,Najechanie na drzewo,Pochmurno,Światło dzienne,Jezdnia,EWK-107412004H,11,2018-10-29,Ciężko,19*44'004,52*35'271,5201W,Obszar niezabudowany,Odcinek prosty,Droga powiatowa,Jednojezdniowa dwukierunkowa,N,POWIAT PŁOCKI,STARA BIAŁA - OBSZAR WIEJSKI
1,0,0,2018,Pochmurno,Najechanie na drzewo,Pochmurno,Światło dzienne,Jezdnia,EWK-107412004H,11,2018-10-29,Nieokreślone (puste pole),19*44'004,52*35'271,5201W,Obszar niezabudowany,Odcinek prosty,Droga powiatowa,Jednojezdniowa dwukierunkowa,N,POWIAT PŁOCKI,STARA BIAŁA - OBSZAR WIEJSKI
1,0,1,2018,Pochmurno,Najechanie na drzewo,Pochmurno,Światło dzienne,Jezdnia,EWK-107459208Q,14,2018-11-24,Ciężko,21*24'148,53*16'276,GMINNA,Obszar niezabudowany,Odcinek prosty,Droga gminna,Jednojezdniowa dwukierunkowa,N,POWIAT OSTROŁĘCKI,KADZIDŁO - OBSZAR WIEJSKI
1,0,1,2018,Pochmurno,Najechanie na drzewo,Pochmurno,Światło dzienne,Jezdnia,EWK-107484828M,14,2018-12-07,Ciężko,19*53'095,52*54'104,561,Obszar niezabudowany,"Zakręt, łuk",Droga wojewódzka,Jednojezdniowa dwukierunkowa,N,POWIAT SIERPECKI,ZAWIDZ - OBSZAR WIEJSKI
1,0,1,2018,Pochmurno,Najechanie na drzewo,Pochmurno,Światło dzienne,Jezdnia,EWK-107510940L,10,2018-12-18,Lekko,21*35'345,51*45'196,,Obszar zabudowany,"Zakręt, łuk",Nieokreślone (puste pole),Jednojezdniowa dwukierunkowa,N,POWIAT GARWOLIŃSKI,ŁASKARZEW - OBSZAR WIEJSKI
1,0,2,2018,Pochmurno,Najechanie na drzewo,Pochmurno,Światło dzienne,Pobocze,EWK-106865575E,6,2018-04-02,Ciężko,21*18'190,52*34'308,G440403W,Obszar zabudowany,Odcinek prosty,Droga gminna,Jednojezdniowa dwukierunkowa,N,POWIAT WYSZKOWSKI,SOMIANKA - OBSZAR WIEJSKI
1,1,0,2018,Pochmurno,Najechanie na drzewo,Pochmurno,Światło dzienne,Pobocze,EWK-106865575E,6,2018-04-02,Nieokreślone (puste pole),21*18'190,52*34'308,G440403W,Obszar zabudowany,Odcinek prosty,Droga gminna,Jednojezdniowa dwukierunkowa,N,POWIAT WYSZKOWSKI,SOMIANKA - OBSZAR WIEJSKI
1,0,1,2018,Pochmurno,Najechanie na drzewo,Pochmurno,Światło dzienne,Pobocze,EWK-107422697H,13,2018-11-04,Lekko,19*58'570,52*30'145,P2952W,Obszar niezabudowany,"Zakręt, łuk",Droga powiatowa,Jednojezdniowa dwukierunkowa,N,POWIAT PŁOCKI,BODZANÓW - OBSZAR WIEJSKI
1,0,1,2018,Pochmurno,Najechanie na drzewo,Pochmurno,Światło dzienne,"Skarpa, rów",EWK-106750691A,7,2018-02-14,Ciężko,22*12'165,52*23'178,P4228W,Obszar niezabudowany,Odcinek prosty,Droga powiatowa,Jednojezdniowa dwukierunkowa,N,POWIAT SOKOŁOWSKI,SOKOŁÓW PODLASKI - OBSZAR MIEJSKI
1,0,2,2018,Pochmurno,Najechanie na drzewo,Pochmurno,Światło dzienne,"Skarpa, rów",EWK-107111995J,13,2018-07-17,Lekko,20*44'290,51*16'273,727,Obszar niezabudowany,"Zakręt, łuk",Droga wojewódzka,Jednojezdniowa dwukierunkowa,N,POWIAT PRZYSUSKI,BORKOWICE - OBSZAR WIEJSKI
1,0,1,2018,Pochmurno,Najechanie na drzewo,Pochmurno,"Świt, zmrok",Pobocze,EWK-106789521K,17,2018-03-11,Lekko,21*15'440,53*21'332,614,Obszar niezabudowany,Odcinek prosty,Droga wojewódzka,Jednojezdniowa dwukierunkowa,T,POWIAT OSTROŁĘCKI,MYSZYNIEC - OBSZAR WIEJSKI
1,0,1,2018,Pochmurno,Najechanie na drzewo,Pochmurno,"Świt, zmrok","Skarpa, rów",EWK-106985398D,5,2018-06-04,Lekko,20*54'210,51*32'590,G110315W,Obszar niezabudowany,Odcinek prosty,Droga gminna,Jednojezdniowa dwukierunkowa,N,POWIAT BIAŁOBRZESKI,RADZANÓW - OBSZAR WIEJSKI
1,1,0,2018,Pochmurno,Najechanie na drzewo,Pochmurno,"Świt, zmrok","Skarpa, rów",EWK-107231770L,3,2018-08-25,Nieokreślone (puste pole),20*44'388,51*27'060,P3329W,Obszar niezabudowany,Odcinek prosty,Droga powiatowa,Jednojezdniowa dwukierunkowa,N,POWIAT PRZYSUSKI,POTWORÓW - OBSZAR WIEJSKI
1,1,0,2018,Pochmurno,Najechanie na pieszego,Pochmurno,Noc - droga nieoświetlona,Jezdnia,EWK-106698511D,17,2018-01-26,Nieokreślone (puste pole),20*18'133,52*09'356,50,Obszar niezabudowany,"Zakręt, łuk",Droga krajowa,Jednojezdniowa dwukierunkowa,N,POWIAT SOCHACZEWSKI,SOCHACZEW - OBSZAR WIEJSKI
1,1,0,2018,Pochmurno,Najechanie na pieszego,Pochmurno,Noc - droga nieoświetlona,Jezdnia,EWK-106701034X,22,2018-01-28,Nieokreślone (puste pole),21*27'455,52*33'466,GMINNA,Obszar niezabudowany,Odcinek prosty,Droga gminna,Jednojezdniowa dwukierunkowa,N,POWIAT WYSZKOWSKI,WYSZKÓW - OBSZAR WIEJSKI
1,1,0,2018,Pochmurno,Najechanie na pieszego,Pochmurno,Noc - droga nieoświetlona,Jezdnia,EWK-106705675G,4,2018-01-30,Nieokreślone (puste pole),19*59'331,52*20'255,GMINNA,Obszar niezabudowany,Odcinek prosty,Droga gminna,Jednojezdniowa dwukierunkowa,N,POWIAT SOCHACZEWSKI,IŁÓW - OBSZAR WIEJSKI
1,0,1,2018,Pochmurno,Najechanie na pieszego,Pochmurno,Noc - droga nieoświetlona,Jezdnia,EWK-107445628P,20,2018-11-16,Ciężko,20*51'497,51*52'527,P1647W,Obszar niezabudowany,Odcinek prosty,Droga powiatowa,Jednojezdniowa dwukierunkowa,N,POWIAT GRÓJECKI,GRÓJEC - OBSZAR MIEJSKI
1,0,0,2018,Pochmurno,Najechanie na pieszego,Pochmurno,Noc - droga nieoświetlona,Jezdnia,EWK-107445628P,20,2018-11-16,Nieokreślone (puste pole),20*51'497,51*52'527,P1647W,Obszar niezabudowany,Odcinek prosty,Droga powiatowa,Jednojezdniowa dwukierunkowa,N,POWIAT GRÓJECKI,GRÓJEC - OBSZAR MIEJSKI
1,1,0,2018,Pochmurno,Najechanie na pieszego,Pochmurno,Noc - droga nieoświetlona,Jezdnia,EWK-107500656T,23,2018-12-14,Nieokreślone (puste pole),20*31'372,51*29'347,728,Obszar niezabudowany,Odcinek prosty,Droga wojewódzka,Jednojezdniowa dwukierunkowa,N,POWIAT PRZYSUSKI,ODRZYWÓŁ - OBSZAR WIEJSKI
1,0,1,2018,Pochmurno,Najechanie na pieszego,Pochmurno,Noc - droga nieoświetlona,Jezdnia,EWK-107519695D,7,2018-12-21,Lekko,20*02'147,52*52'404,P4637W,Obszar niezabudowany,"Zakręt, łuk",Droga powiatowa,Jednojezdniowa dwukierunkowa,N,POWIAT ŻUROMIŃSKI,SIEMIĄTKOWO - OBSZAR WIEJSKI
1,0,0,2018,Pochmurno,Najechanie na pieszego,Pochmurno,Noc - droga nieoświetlona,Jezdnia,EWK-107519695D,7,2018-12-21,Nieokreślone (puste pole),20*02'147,52*52'404,P4637W,Obszar niezabudowany,"Zakręt, łuk",Droga powiatowa,Jednojezdniowa dwukierunkowa,N,POWIAT ŻUROMIŃSKI,SIEMIĄTKOWO - OBSZAR WIEJSKI
1,0,1,2018,Pochmurno,Najechanie na pieszego,Pochmurno,Noc - droga nieoświetlona,Jezdnia,EWK-107531518Q,4,2018-12-26,Lekko,19*43'381,52*50'267,10,Obszar niezabudowany,Odcinek prosty,Droga krajowa,Jednojezdniowa dwukierunkowa,N,POWIAT SIERPECKI,SIERPC - OBSZAR WIEJSKI
1,0,0,2018,Pochmurno,Najechanie na pieszego,Pochmurno,Noc - droga nieoświetlona,Jezdnia,EWK-107531518Q,4,2018-12-26,Nieokreślone (puste pole),19*43'381,52*50'267,10,Obszar niezabudowany,Odcinek prosty,Droga krajowa,Jednojezdniowa dwukierunkowa,N,POWIAT SIERPECKI,SIERPC - OBSZAR WIEJSKI
1,0,1,2018,Pochmurno,Najechanie na pieszego,Pochmurno,Noc - droga oświetlona,Jezdnia,EWK-106722328K,18,2018-02-08,Lekko,21*32'182,51*28'123,691,Obszar zabudowany,Odcinek prosty,Droga wojewódzka,Jednojezdniowa dwukierunkowa,T,POWIAT RADOMSKI,PIONKI - OBSZAR WIEJSKI
1,0,0,2018,Pochmurno,Najechanie na pieszego,Pochmurno,Noc - droga oświetlona,Jezdnia,EWK-106722328K,18,2018-02-08,Nieokreślone (puste pole),21*32'182,51*28'123,691,Obszar zabudowany,Odcinek prosty,Droga wojewódzka,Jednojezdniowa dwukierunkowa,T,POWIAT RADOMSKI,PIONKI - OBSZAR WIEJSKI
1,0,1,2018,Pochmurno,Najechanie na pieszego,Pochmurno,Noc - droga oświetlona,Jezdnia,EWK-107202009H,21,2018-08-16,Ciężko,21*06'380,51*23'455,12,Obszar zabudowany,Odcinek prosty,Droga krajowa,Dwie jezdnie jednokierunkowe,N,POWIAT RADOM,RADOM - OBSZAR MIEJSKI
1,0,0,2018,Pochmurno,Najechanie na pieszego,Pochmurno,Noc - droga oświetlona,Jezdnia,EWK-107202009H,21,2018-08-16,Nieokreślone (puste pole),21*06'380,51*23'455,12,Obszar zabudowany,Odcinek prosty,Droga krajowa,Dwie jezdnie jednokierunkowe,N,POWIAT RADOM,RADOM - OBSZAR MIEJSKI
1,0,1,2018,Pochmurno,Najechanie na pieszego,Pochmurno,Noc - droga oświetlona,Jezdnia,EWK-107442000T,18,2018-11-14,Ciężko,20*26'156,52*03'270,GMINNA,Obszar zabudowany,Odcinek prosty,Droga gminna,Jednojezdniowa dwukierunkowa,T,POWIAT ŻYRARDOWSKI,ŻYRARDÓW - OBSZAR MIEJSKI
1,0,0,2018,Pochmurno,Najechanie na pieszego,Pochmurno,Noc - droga oświetlona,Jezdnia,EWK-107442000T,18,2018-11-14,Nieokreślone (puste pole),20*26'156,52*03'270,GMINNA,Obszar zabudowany,Odcinek prosty,Droga gminna,Jednojezdniowa dwukierunkowa,T,POWIAT ŻYRARDOWSKI,ŻYRARDÓW - OBSZAR MIEJSKI
1,0,1,2018,Pochmurno,Najechanie na pieszego,Pochmurno,Noc - droga oświetlona,Jezdnia,EWK-107442900Y,21,2018-11-14,Ciężko,20*25'546,52*03'415,GMINNA,Obszar zabudowany,,Droga gminna,Jednojezdniowa dwukierunkowa,N,POWIAT ŻYRARDOWSKI,ŻYRARDÓW - OBSZAR MIEJSKI
1,0,0,2018,Pochmurno,Najechanie na pieszego,Pochmurno,Noc - droga oświetlona,Jezdnia,EWK-107442900Y,21,2018-11-14,Nieokreślone (puste pole),20*25'546,52*03'415,GMINNA,Obszar zabudowany,,Droga gminna,Jednojezdniowa dwukierunkowa,N,POWIAT ŻYRARDOWSKI,ŻYRARDÓW - OBSZAR MIEJSKI
1,0,1,2018,Pochmurno,Najechanie na pieszego,Pochmurno,Noc - droga oświetlona,Jezdnia,EWK-107468081Q,18,2018-11-26,Ciężko,21*29'045,51*38'468,P1718W,Obszar niezabudowany,Odcinek prosty,Droga powiatowa,Jednojezdniowa dwukierunkowa,T,POWIAT KOZIENICKI,KOZIENICE - OBSZAR WIEJSKI
1,0,0,2018,Pochmurno,Najechanie na pieszego,Pochmurno,Noc - droga oświetlona,Jezdnia,EWK-107468081Q,18,2018-11-26,Nieokreślone (puste pole),21*29'045,51*38'468,P1718W,Obszar niezabudowany,Odcinek prosty,Droga powiatowa,Jednojezdniowa dwukierunkowa,T,POWIAT KOZIENICKI,KOZIENICE - OBSZAR WIEJSKI
1,1,0,2018,Pochmurno,Najechanie na pieszego,Pochmurno,Noc - droga oświetlona,Jezdnia,EWK-107515220C,16,2018-12-19,Nieokreślone (puste pole),21*32'544,53*09'488,2538W,Obszar zabudowany,Odcinek prosty,Droga powiatowa,Jednojezdniowa dwukierunkowa,N,POWIAT OSTROŁĘCKI,LELIS - OBSZAR WIEJSKI
1,0,1,2018,Pochmurno,Najechanie na pieszego,Pochmurno,Noc - droga oświetlona,Pobocze,EWK-106732932A,18,2018-02-13,Ciężko,21*33'490,53*06'410,GMINNA,Obszar zabudowany,"Zakręt, łuk",Droga gminna,Jednojezdniowa dwukierunkowa,T,POWIAT OSTROŁĘCKI,LELIS - OBSZAR WIEJSKI
1,0,0,2018,Pochmurno,Najechanie na pieszego,Pochmurno,Noc - droga oświetlona,Pobocze,EWK-106732932A,18,2018-02-13,Nieokreślone (puste pole),21*33'490,53*06'410,GMINNA,Obszar zabudowany,"Zakręt, łuk",Droga gminna,Jednojezdniowa dwukierunkowa,T,POWIAT OSTROŁĘCKI,LELIS - OBSZAR WIEJSKI
1,0,1,2018,Pochmurno,Najechanie na pieszego,Pochmurno,Noc - droga oświetlona,Przejście dla pieszych,EWK-106670582C,17,2018-01-11,Ciężko,20*40'470,52*52'590,60,Obszar niezabudowany,Odcinek prosty,Droga krajowa,Jednojezdniowa dwukierunkowa,N,POWIAT CIECHANOWSKI,OPINOGÓRA GÓRNA - OBSZAR WIEJSKI
1,0,0,2018,Pochmurno,Najechanie na pieszego,Pochmurno,Noc - droga oświetlona,Przejście dla pieszych,EWK-106670582C,17,2018-01-11,Nieokreślone (puste pole),20*40'470,52*52'590,60,Obszar niezabudowany,Odcinek prosty,Droga krajowa,Jednojezdniowa dwukierunkowa,N,POWIAT CIECHANOWSKI,OPINOGÓRA GÓRNA - OBSZAR WIEJSKI
1,0,1,2018,Pochmurno,Najechanie na pieszego,Pochmurno,Noc - droga oświetlona,Przejście dla pieszych,EWK-106702274D,17,2018-01-29,Ciężko,21*32'029,51*35'441,79,Obszar zabudowany,Odcinek prosty,Droga krajowa,Jednojezdniowa dwukierunkowa,N,POWIAT KOZIENICKI,KOZIENICE - OBSZAR MIEJSKI
1,0,0,2018,Pochmurno,Najechanie na pieszego,Pochmurno,Noc - droga oświetlona,Przejście dla pieszych,EWK-106702274D,17,2018-01-29,Nieokreślone (puste pole),21*32'029,51*35'441,79,Obszar zabudowany,Odcinek prosty,Droga krajowa,Jednojezdniowa dwukierunkowa,N,POWIAT KOZIENICKI,KOZIENICE - OBSZAR MIEJSKI
1,0,1,2018,Pochmurno,Najechanie na pieszego,Pochmurno,Noc - droga oświetlona,Przejście dla pieszych,EWK-106759396L,19,2018-02-09,Lekko,22*17'376,52*09'261,63,Obszar zabudowany,Odcinek prosty,Droga krajowa,Jednojezdniowa dwukierunkowa,N,POWIAT SIEDLCE,SIEDLCE - OBSZAR MIEJSKI
1,0,0,2018,Pochmurno,Najechanie na pieszego,Pochmurno,Noc - droga oświetlona,Przejście dla pieszych,EWK-106759396L,19,2018-02-09,Nieokreślone (puste pole),22*17'376,52*09'261,63,Obszar zabudowany,Odcinek prosty,Droga krajowa,Jednojezdniowa dwukierunkowa,N,POWIAT SIEDLCE,SIEDLCE - OBSZAR MIEJSKI
1,0,1,2018,Pochmurno,Najechanie na pieszego,Pochmurno,Noc - droga oświetlona,Przejście dla pieszych,EWK-106830881G,19,2018-03-27,Lekko,21*08'249,51*23'554,P5305W,Obszar zabudowany,,Droga powiatowa,Dwie jezdnie jednokierunkowe,N,POWIAT RADOM,RADOM - OBSZAR MIEJSKI
1,0,0,2018,Pochmurno,Najechanie na pieszego,Pochmurno,Noc - droga oświetlona,Przejście dla pieszych,EWK-106830881G,19,2018-03-27,Nieokreślone (puste pole),21*08'249,51*23'554,P5305W,Obszar zabudowany,,Droga powiatowa,Dwie jezdnie jednokierunkowe,N,POWIAT RADOM,RADOM - OBSZAR MIEJSKI
1,0,1,2018,Pochmurno,Najechanie na pieszego,Pochmurno,Noc - droga oświetlona,Przejście dla pieszych,EWK-107418726L,20,2018-11-01,Ciężko,19*54'241,53*04'006,563,Obszar zabudowany,,Droga wojewódzka,Jednojezdniowa dwukierunkowa,N,POWIAT ŻUROMIŃSKI,ŻUROMIN - OBSZAR MIEJSKI
1,0,0,2018,Pochmurno,Najechanie na pieszego,Pochmurno,Noc - droga oświetlona,Przejście dla pieszych,EWK-107418726L,20,2018-11-01,Nieokreślone (puste pole),19*54'241,53*04'006,563,Obszar zabudowany,,Droga wojewódzka,Jednojezdniowa dwukierunkowa,N,POWIAT ŻUROMIŃSKI,ŻUROMIN - OBSZAR MIEJSKI
1,1,0,2018,Pochmurno,Najechanie na pieszego,Pochmurno,Noc - droga oświetlona,Przejście dla pieszych,EWK-107476462C,0,2018-12-04,Nieokreślone (puste pole),21*07'356,51*28'545,7,Obszar niezabudowany,Odcinek prosty,Droga krajowa,Jednojezdniowa dwukierunkowa,N,POWIAT RADOMSKI,JEDLIŃSK - OBSZAR WIEJSKI
1,1,0,2018,Pochmurno,Najechanie na pieszego,Pochmurno,Noc - droga oświetlona,Przejście dla pieszych,EWK-107483759N,17,2018-11-30,Nieokreślone (puste pole),21*09'036,51*25'266,P5339W,Obszar zabudowany,Odcinek prosty,Droga powiatowa,Dwie jezdnie jednokierunkowe,N,POWIAT RADOM,RADOM - OBSZAR MIEJSKI
1,0,1,2018,Pochmurno,Najechanie na pieszego,Pochmurno,Noc - droga oświetlona,Przejście dla pieszych,EWK-107541986P,17,2018-12-28,Lekko,21*32'240,51*35'314,G170566W,Obszar zabudowany,,Droga gminna,Jednojezdniowa dwukierunkowa,N,POWIAT KOZIENICKI,KOZIENICE - OBSZAR MIEJSKI
1,0,0,2018,Pochmurno,Najechanie na pieszego,Pochmurno,Noc - droga oświetlona,Przejście dla pieszych,EWK-107541986P,17,2018-12-28,Nieokreślone (puste pole),21*32'240,51*35'314,G170566W,Obszar zabudowany,,Droga gminna,Jednojezdniowa dwukierunkowa,N,POWIAT KOZIENICKI,KOZIENICE - OBSZAR MIEJSKI
1,0,1,2018,Pochmurno,Najechanie na pieszego,Pochmurno,Noc - droga oświetlona,Przejście dla pieszych,EWK-107542010D,21,2018-12-28,Lekko,21*09'316,51*24'207,P5312W,Obszar zabudowany,Odcinek prosty,Droga powiatowa,Jednojezdniowa dwukierunkowa,N,POWIAT RADOM,RADOM - OBSZAR MIEJSKI
1,0,0,2018,Pochmurno,Najechanie na pieszego,Pochmurno,Noc - droga oświetlona,Przejście dla pieszych,EWK-107542010D,21,2018-12-28,Nieokreślone (puste pole),21*09'316,51*24'207,P5312W,Obszar zabudowany,Odcinek prosty,Droga powiatowa,Jednojezdniowa dwukierunkowa,N,POWIAT RADOM,RADOM - OBSZAR MIEJSKI
1,1,0,2018,Pochmurno,Najechanie na pieszego,Pochmurno,Noc - droga oświetlona,Przejście dla pieszych,EWK-107542060Y,17,2018-12-28,Nieokreślone (puste pole),21*35'093,51*22'092,79,Obszar zabudowany,Odcinek prosty,Droga krajowa,Jednojezdniowa dwukierunkowa,N,POWIAT ZWOLEŃSKI,ZWOLEŃ - OBSZAR MIEJSKI
1,0,1,2018,Pochmurno,Najechanie na pieszego,Pochmurno,Światło dzienne,"Chodnik, droga dla pieszych",EWK-106702009H,8,2018-01-25,Ciężko,21*07'224,51*30'332,P3515W,Obszar zabudowany,Odcinek prosty,Droga powiatowa,Jednojezdniowa dwukierunkowa,N,POWIAT RADOMSKI,JEDLIŃSK - OBSZAR WIEJSKI
1,0,0,2018,Pochmurno,Najechanie na pieszego,Pochmurno,Światło dzienne,"Chodnik, droga dla pieszych",EWK-106702009H,8,2018-01-25,Nieokreślone (puste pole),21*07'224,51*30'332,P3515W,Obszar zabudowany,Odcinek prosty,Droga powiatowa,Jednojezdniowa dwukierunkowa,N,POWIAT RADOMSKI,JEDLIŃSK - OBSZAR WIEJSKI
1,0,1,2018,Pochmurno,Najechanie na pieszego,Pochmurno,Światło dzienne,Jezdnia,EWK-106667180N,8,2018-01-10,Lekko,22*20'146,52*04'027,GMINNA,Obszar zabudowany,Odcinek prosty,Droga gminna,Jednojezdniowa dwukierunkowa,N,POWIAT SIEDLECKI,WIŚNIEW - OBSZAR WIEJSKI
1,0,0,2018,Pochmurno,Najechanie na pieszego,Pochmurno,Światło dzienne,Jezdnia,EWK-106667180N,8,2018-01-10,Nieokreślone (puste pole),22*20'146,52*04'027,GMINNA,Obszar zabudowany,Odcinek prosty,Droga gminna,Jednojezdniowa dwukierunkowa,N,POWIAT SIEDLECKI,WIŚNIEW - OBSZAR WIEJSKI
1,0,1,2018,Pochmurno,Najechanie na pieszego,Pochmurno,Światło dzienne,Jezdnia,EWK-106794346T,14,2018-03-13,Lekko,19*38'261,52*52'349,P3714W,Obszar zabudowany,"Zakręt, łuk",Droga powiatowa,Jednojezdniowa dwukierunkowa,N,POWIAT SIERPECKI,SIERPC - OBSZAR WIEJSKI
1,0,0,2018,Pochmurno,Najechanie na pieszego,Pochmurno,Światło dzienne,Jezdnia,EWK-106794346T,14,2018-03-13,Nieokreślone (puste pole),19*38'261,52*52'349,P3714W,Obszar zabudowany,"Zakręt, łuk",Droga powiatowa,Jednojezdniowa dwukierunkowa,N,POWIAT SIERPECKI,SIERPC - OBSZAR WIEJSKI
1,0,1,2018,Pochmurno,Najechanie na pieszego,Pochmurno,Światło dzienne,Jezdnia,EWK-106869747P,10,2018-03-31,Lekko,21*07'285,51*30'494,GMINNA,Obszar zabudowany,Odcinek prosty,Droga gminna,Jednojezdniowa dwukierunkowa,N,POWIAT RADOMSKI,JEDLIŃSK - OBSZAR WIEJSKI
1,0,0,2018,Pochmurno,Najechanie na pieszego,Pochmurno,Światło dzienne,Jezdnia,EWK-106869747P,10,2018-03-31,Nieokreślone (puste pole),21*07'285,51*30'494,GMINNA,Obszar zabudowany,Odcinek prosty,Droga gminna,Jednojezdniowa dwukierunkowa,N,POWIAT RADOMSKI,JEDLIŃSK - OBSZAR WIEJSKI
1,0,1,2018,Pochmurno,Najechanie na pieszego,Pochmurno,Światło dzienne,Jezdnia,EWK-107073225T,8,2018-06-26,Lekko,22*16'094,52*09'402,P,Obszar zabudowany,,Droga powiatowa,Jednojezdniowa dwukierunkowa,N,POWIAT SIEDLCE,SIEDLCE - OBSZAR MIEJSKI
1,0,0,2018,Pochmurno,Najechanie na pieszego,Pochmurno,Światło dzienne,Jezdnia,EWK-107073225T,8,2018-06-26,Nieokreślone (puste pole),22*16'094,52*09'402,P,Obszar zabudowany,,Droga powiatowa,Jednojezdniowa dwukierunkowa,N,POWIAT SIEDLCE,SIEDLCE - OBSZAR MIEJSKI
1,0,1,2018,Pochmurno,Najechanie na pieszego,Pochmurno,Światło dzienne,Jezdnia,EWK-107090799H,20,2018-07-08,Ciężko,21*08'183,51*27'527,7,Obszar niezabudowany,Odcinek prosty,Droga krajowa,Dwie jezdnie jednokierunkowe,N,POWIAT RADOMSKI,JEDLIŃSK - OBSZAR WIEJSKI
1,0,0,2018,Pochmurno,Najechanie na pieszego,Pochmurno,Światło dzienne,Jezdnia,EWK-107090799H,20,2018-07-08,Nieokreślone (puste pole),21*08'183,51*27'527,7,Obszar niezabudowany,Odcinek prosty,Droga krajowa,Dwie jezdnie jednokierunkowe,N,POWIAT RADOMSKI,JEDLIŃSK - OBSZAR WIEJSKI
1,0,1,2018,Pochmurno,Najechanie na pieszego,Pochmurno,Światło dzienne,Jezdnia,EWK-107119163Q,9,2018-07-12,Lekko,22*32'509,52*22'090,GMINNA,Obszar zabudowany,Odcinek prosty,Droga gminna,Jednojezdniowa dwukierunkowa,N,POWIAT SIEDLECKI,KORCZEW - OBSZAR WIEJSKI
1,0,0,2018,Pochmurno,Najechanie na pieszego,Pochmurno,Światło dzienne,Jezdnia,EWK-107119163Q,9,2018-07-12,Nieokreślone (puste pole),22*32'509,52*22'090,GMINNA,Obszar zabudowany,Odcinek prosty,Droga gminna,Jednojezdniowa dwukierunkowa,N,POWIAT SIEDLECKI,KORCZEW - OBSZAR WIEJSKI
1,0,1,2018,Pochmurno,Najechanie na pieszego,Pochmurno,Światło dzienne,Jezdnia,EWK-107306340A,13,2018-09-23,Ciężko,20*26'224,52*03'164,GMINNA,Obszar zabudowany,,Droga gminna,Jednojezdniowa dwukierunkowa,N,POWIAT ŻYRARDOWSKI,ŻYRARDÓW - OBSZAR MIEJSKI
1,0,0,2018,Pochmurno,Najechanie na pieszego,Pochmurno,Światło dzienne,Jezdnia,EWK-107306340A,13,2018-09-23,Nieokreślone (puste pole),20*26'224,52*03'164,GMINNA,Obszar zabudowany,,Droga gminna,Jednojezdniowa dwukierunkowa,N,POWIAT ŻYRARDOWSKI,ŻYRARDÓW - OBSZAR MIEJSKI
1,0,1,2018,Pochmurno,Najechanie na pieszego,Pochmurno,Światło dzienne,Jezdnia,EWK-107513303R,12,2018-12-11,Lekko,21*08'088,51*23'246,12,Obszar zabudowany,Odcinek prosty,Droga krajowa,Dwie jezdnie jednokierunkowe,T,POWIAT RADOM,RADOM - OBSZAR MIEJSKI
1,0,0,2018,Pochmurno,Najechanie na pieszego,Pochmurno,Światło dzienne,Jezdnia,EWK-107513303R,12,2018-12-11,Nieokreślone (puste pole),21*08'088,51*23'246,12,Obszar zabudowany,Odcinek prosty,Droga krajowa,Dwie jezdnie jednokierunkowe,T,POWIAT RADOM,RADOM - OBSZAR MIEJSKI
1,0,1,2018,Pochmurno,Najechanie na pieszego,Pochmurno,Światło dzienne,Jezdnia,EWK-107527874L,9,2018-12-21,Lekko,20*37'556,51*21'281,12,Obszar zabudowany,Odcinek prosty,Droga krajowa,Jednojezdniowa dwukierunkowa,N,POWIAT PRZYSUSKI,PRZYSUCHA - OBSZAR MIEJSKI
1,0,0,2018,Pochmurno,Najechanie na pieszego,Pochmurno,Światło dzienne,Jezdnia,EWK-107527874L,9,2018-12-21,Nieokreślone (puste pole),20*37'556,51*21'281,12,Obszar zabudowany,Odcinek prosty,Droga krajowa,Jednojezdniowa dwukierunkowa,N,POWIAT PRZYSUSKI,PRZYSUCHA - OBSZAR MIEJSKI
1,0,1,2018,Pochmurno,Najechanie na pieszego,Pochmurno,Światło dzienne,Pobocze,EWK-106803481G,7,2018-03-15,Lekko,21*13'532,51*29'182,P3517W,Obszar niezabudowany,"Zakręt, łuk",Droga powiatowa,Jednojezdniowa dwukierunkowa,N,POWIAT RADOMSKI,JASTRZĘBIA - OBSZAR WIEJSKI
1,0,0,2018,Pochmurno,Najechanie na pieszego,Pochmurno,Światło dzienne,Pobocze,EWK-106803481G,7,2018-03-15,Nieokreślone (puste pole),21*13'532,51*29'182,P3517W,Obszar niezabudowany,"Zakręt, łuk",Droga powiatowa,Jednojezdniowa dwukierunkowa,N,POWIAT RADOMSKI,JASTRZĘBIA - OBSZAR WIEJSKI