Liczba wypadków,Liczba zabitych,Liczba rannych,Rok,Warunki atmosferyczne,Rodzaj zdarzenia,Warunki atmosferyczne,Oświetlenie,Charakterystyka miejsca zdarzenia,IDKSIP zdarzenia,Godzina,Dzień,Ranny,GPS x,GPS y,Numer drogi,Obszar,Geometria drogi,Kategoria drogi 1,Rodzaj drogi,Czy w zdarzeniu był sprawca nietrzeźwy,Powiat,Gmina
1,0,1,2018,Pochmurno,Najechanie na pieszego,Pochmurno,Światło dzienne,Przejście dla pieszych,EWK-106701995A,8,2018-01-25,Ciężko,21*11'595,51*24'537,9,Obszar zabudowany,Odcinek prosty,Droga krajowa,Dwie jezdnie jednokierunkowe,N,POWIAT RADOM,RADOM - OBSZAR MIEJSKI
1,0,0,2018,Pochmurno,Najechanie na pieszego,Pochmurno,Światło dzienne,Przejście dla pieszych,EWK-106701995A,8,2018-01-25,Nieokreślone (puste pole),21*11'595,51*24'537,9,Obszar zabudowany,Odcinek prosty,Droga krajowa,Dwie jezdnie jednokierunkowe,N,POWIAT RADOM,RADOM - OBSZAR MIEJSKI
1,0,1,2018,Pochmurno,Najechanie na pieszego,Pochmurno,Światło dzienne,Przejście dla pieszych,EWK-106785229C,11,2018-03-08,Lekko,20*23'07,53*06'406,P2385W,Obszar zabudowany,,Droga powiatowa,Jednojezdniowa dwukierunkowa,N,POWIAT MŁAWSKI,MŁAWA - OBSZAR MIEJSKI
1,0,0,2018,Pochmurno,Najechanie na pieszego,Pochmurno,Światło dzienne,Przejście dla pieszych,EWK-106785229C,11,2018-03-08,Nieokreślone (puste pole),20*23'07,53*06'406,P2385W,Obszar zabudowany,,Droga powiatowa,Jednojezdniowa dwukierunkowa,N,POWIAT MŁAWSKI,MŁAWA - OBSZAR MIEJSKI
1,0,1,2018,Pochmurno,Najechanie na pieszego,Pochmurno,Światło dzienne,Przejście dla pieszych,EWK-106838852F,9,2018-03-29,Lekko,21*08'514,51*23'299,12,Obszar zabudowany,Odcinek prosty,Droga krajowa,Jednokierunkowa,N,POWIAT RADOM,RADOM - OBSZAR MIEJSKI
1,0,0,2018,Pochmurno,Najechanie na pieszego,Pochmurno,Światło dzienne,Przejście dla pieszych,EWK-106838852F,9,2018-03-29,Nieokreślone (puste pole),21*08'514,51*23'299,12,Obszar zabudowany,Odcinek prosty,Droga krajowa,Jednokierunkowa,N,POWIAT RADOM,RADOM - OBSZAR MIEJSKI
1,0,1,2018,Pochmurno,Najechanie na pieszego,Pochmurno,Światło dzienne,Przejście dla pieszych,EWK-106954768Y,19,2018-05-20,Lekko,21*07'379,51*24'375,7,Obszar zabudowany,Odcinek prosty,Droga krajowa,Dwie jezdnie jednokierunkowe,N,POWIAT RADOM,RADOM - OBSZAR MIEJSKI
1,0,0,2018,Pochmurno,Najechanie na pieszego,Pochmurno,Światło dzienne,Przejście dla pieszych,EWK-106954768Y,19,2018-05-20,Nieokreślone (puste pole),21*07'379,51*24'375,7,Obszar zabudowany,Odcinek prosty,Droga krajowa,Dwie jezdnie jednokierunkowe,N,POWIAT RADOM,RADOM - OBSZAR MIEJSKI
1,0,1,2018,Pochmurno,Najechanie na pieszego,Pochmurno,Światło dzienne,Przejście dla pieszych,EWK-106960523L,19,2018-05-18,Lekko,22*15'208,52*09'470,GMINNA,Obszar zabudowany,,Droga gminna,Jednojezdniowa dwukierunkowa,N,POWIAT SIEDLCE,SIEDLCE - OBSZAR MIEJSKI
1,0,0,2018,Pochmurno,Najechanie na pieszego,Pochmurno,Światło dzienne,Przejście dla pieszych,EWK-106960523L,19,2018-05-18,Nieokreślone (puste pole),22*15'208,52*09'470,GMINNA,Obszar zabudowany,,Droga gminna,Jednojezdniowa dwukierunkowa,N,POWIAT SIEDLCE,SIEDLCE - OBSZAR MIEJSKI
1,0,1,2018,Pochmurno,Najechanie na pieszego,Pochmurno,Światło dzienne,Przejście dla pieszych,EWK-107097771R,8,2018-07-11,Lekko,19*41'475,52*32'466,5208W,Obszar zabudowany,,Droga powiatowa,Jednojezdniowa dwukierunkowa,N,POWIAT PŁOCK,PŁOCK - OBSZAR MIEJSKI
1,0,0,2018,Pochmurno,Najechanie na pieszego,Pochmurno,Światło dzienne,Przejście dla pieszych,EWK-107097771R,8,2018-07-11,Nieokreślone (puste pole),19*41'475,52*32'466,5208W,Obszar zabudowany,,Droga powiatowa,Jednojezdniowa dwukierunkowa,N,POWIAT PŁOCK,PŁOCK - OBSZAR MIEJSKI
1,0,1,2018,Pochmurno,Najechanie na pieszego,Pochmurno,Światło dzienne,Przejście dla pieszych,EWK-107340391R,9,2018-10-03,Lekko,21*09'467,51*25'071,P5301W,Obszar zabudowany,Odcinek prosty,Droga powiatowa,Dwie jezdnie jednokierunkowe,N,POWIAT RADOM,RADOM - OBSZAR MIEJSKI
1,0,0,2018,Pochmurno,Najechanie na pieszego,Pochmurno,Światło dzienne,Przejście dla pieszych,EWK-107340391R,9,2018-10-03,Nieokreślone (puste pole),21*09'467,51*25'071,P5301W,Obszar zabudowany,Odcinek prosty,Droga powiatowa,Dwie jezdnie jednokierunkowe,N,POWIAT RADOM,RADOM - OBSZAR MIEJSKI
1,0,1,2018,Pochmurno,Najechanie na pieszego,Pochmurno,Światło dzienne,Przejście dla pieszych,EWK-107340396R,10,2018-10-03,Lekko,21*34'387,53*04'564,P5102W,Obszar zabudowany,,Droga powiatowa,Dwie jezdnie jednokierunkowe,N,POWIAT OSTROŁĘKA,OSTROŁĘKA - OBSZAR MIEJSKI
1,0,0,2018,Pochmurno,Najechanie na pieszego,Pochmurno,Światło dzienne,Przejście dla pieszych,EWK-107340396R,10,2018-10-03,Nieokreślone (puste pole),21*34'387,53*04'564,P5102W,Obszar zabudowany,,Droga powiatowa,Dwie jezdnie jednokierunkowe,N,POWIAT OSTROŁĘKA,OSTROŁĘKA - OBSZAR MIEJSKI
1,0,1,2018,Pochmurno,Najechanie na pieszego,Pochmurno,Światło dzienne,Przejście dla pieszych,EWK-107457293Y,11,2018-11-23,Ciężko,22*16'205,52*10'238,,Obszar zabudowany,Odcinek prosty,Nieokreślone (puste pole),Jednojezdniowa dwukierunkowa,N,POWIAT SIEDLCE,SIEDLCE - OBSZAR MIEJSKI
1,0,0,2018,Pochmurno,Najechanie na pieszego,Pochmurno,Światło dzienne,Przejście dla pieszych,EWK-107457293Y,11,2018-11-23,Nieokreślone (puste pole),22*16'205,52*10'238,,Obszar zabudowany,Odcinek prosty,Nieokreślone (puste pole),Jednojezdniowa dwukierunkowa,N,POWIAT SIEDLCE,SIEDLCE - OBSZAR MIEJSKI
1,0,1,2018,Pochmurno,Najechanie na pieszego,Pochmurno,Światło dzienne,Przejście dla pieszych,EWK-107462880C,13,2018-11-26,Ciężko,21*34'432,53*05'220,61,Obszar zabudowany,,Droga krajowa,Dwie jezdnie jednokierunkowe,N,POWIAT OSTROŁĘKA,OSTROŁĘKA - OBSZAR MIEJSKI
1,0,0,2018,Pochmurno,Najechanie na pieszego,Pochmurno,Światło dzienne,Przejście dla pieszych,EWK-107462880C,13,2018-11-26,Nieokreślone (puste pole),21*34'432,53*05'220,61,Obszar zabudowany,,Droga krajowa,Dwie jezdnie jednokierunkowe,N,POWIAT OSTROŁĘKA,OSTROŁĘKA - OBSZAR MIEJSKI
1,0,1,2018,Pochmurno,Najechanie na pieszego,Pochmurno,Światło dzienne,Przejście dla pieszych,EWK-107570918W,11,2018-11-21,Ciężko,21*06'411,51*23'567,7,Obszar zabudowany,Odcinek prosty,Droga krajowa,Jednojezdniowa dwukierunkowa,N,POWIAT RADOM,RADOM - OBSZAR MIEJSKI
1,0,0,2018,Pochmurno,Najechanie na pieszego,Pochmurno,Światło dzienne,Przejście dla pieszych,EWK-107570918W,11,2018-11-21,Nieokreślone (puste pole),21*06'411,51*23'567,7,Obszar zabudowany,Odcinek prosty,Droga krajowa,Jednojezdniowa dwukierunkowa,N,POWIAT RADOM,RADOM - OBSZAR MIEJSKI
1,0,1,2018,Pochmurno,Najechanie na pieszego,Pochmurno,"Świt, zmrok",Jezdnia,EWK-106678406T,7,2018-01-13,Ciężko,21*07'295,51*23'107,P5305W,Obszar zabudowany,Odcinek prosty,Droga powiatowa,Jednojezdniowa dwukierunkowa,T,POWIAT RADOM,RADOM - OBSZAR MIEJSKI
1,0,0,2018,Pochmurno,Najechanie na pieszego,Pochmurno,"Świt, zmrok",Jezdnia,EWK-106678406T,7,2018-01-13,Nieokreślone (puste pole),21*07'295,51*23'107,P5305W,Obszar zabudowany,Odcinek prosty,Droga powiatowa,Jednojezdniowa dwukierunkowa,T,POWIAT RADOM,RADOM - OBSZAR MIEJSKI
1,0,1,2018,Pochmurno,Najechanie na pieszego,Pochmurno,"Świt, zmrok",Jezdnia,EWK-106853050W,19,2018-03-28,Lekko,21*10'172,51*47'035,G161013W,Obszar zabudowany,Odcinek prosty,Droga gminna,Jednojezdniowa dwukierunkowa,T,POWIAT GRÓJECKI,WARKA - OBSZAR MIEJSKI
1,0,0,2018,Pochmurno,Najechanie na pieszego,Pochmurno,"Świt, zmrok",Jezdnia,EWK-106853050W,19,2018-03-28,Nieokreślone (puste pole),21*10'172,51*47'035,G161013W,Obszar zabudowany,Odcinek prosty,Droga gminna,Jednojezdniowa dwukierunkowa,T,POWIAT GRÓJECKI,WARKA - OBSZAR MIEJSKI
1,0,1,2018,Pochmurno,Najechanie na pieszego,Pochmurno,"Świt, zmrok",Jezdnia,EWK-107537204J,16,2018-12-27,Lekko,19*27'348,52*25'460,G140246W,Obszar zabudowany,Odcinek prosty,Droga gminna,Jednojezdniowa dwukierunkowa,N,POWIAT GOSTYNIŃSKI,GOSTYNIN - OBSZAR MIEJSKI
1,0,0,2018,Pochmurno,Najechanie na pieszego,Pochmurno,"Świt, zmrok",Jezdnia,EWK-107537204J,16,2018-12-27,Nieokreślone (puste pole),19*27'348,52*25'460,G140246W,Obszar zabudowany,Odcinek prosty,Droga gminna,Jednojezdniowa dwukierunkowa,N,POWIAT GOSTYNIŃSKI,GOSTYNIN - OBSZAR MIEJSKI
1,0,2,2018,Pochmurno,Najechanie na pieszego,Pochmurno,"Świt, zmrok",Przejście dla pieszych,EWK-106674583P,17,2018-01-12,Lekko,19*41'166,52*33'367,5213W,Obszar zabudowany,Odcinek prosty,Droga powiatowa,Jednojezdniowa dwukierunkowa,N,POWIAT PŁOCK,PŁOCK - OBSZAR MIEJSKI
1,0,0,2018,Pochmurno,Najechanie na pieszego,Pochmurno,"Świt, zmrok",Przejście dla pieszych,EWK-106674583P,17,2018-01-12,Nieokreślone (puste pole),19*41'166,52*33'367,5213W,Obszar zabudowany,Odcinek prosty,Droga powiatowa,Jednojezdniowa dwukierunkowa,N,POWIAT PŁOCK,PŁOCK - OBSZAR MIEJSKI
1,1,0,2018,Pochmurno,Najechanie na pieszego,Pochmurno,"Świt, zmrok",Przejście dla pieszych,EWK-107355478Y,5,2018-10-08,Nieokreślone (puste pole),21*02'591,51*21'192,7,Obszar niezabudowany,,Droga krajowa,Jednojezdniowa dwukierunkowa,N,POWIAT RADOMSKI,KOWALA - OBSZAR WIEJSKI
1,0,1,2018,Pochmurno,Najechanie na pieszego,Pochmurno,"Świt, zmrok",Przejście dla pieszych,EWK-107363866E,5,2018-10-08,Ciężko,21*35'250,51*21'204,12,Obszar zabudowany,Odcinek prosty,Droga krajowa,Jednojezdniowa dwukierunkowa,N,POWIAT ZWOLEŃSKI,ZWOLEŃ - OBSZAR MIEJSKI
1,0,0,2018,Pochmurno,Najechanie na pieszego,Pochmurno,"Świt, zmrok",Przejście dla pieszych,EWK-107363866E,5,2018-10-08,Nieokreślone (puste pole),21*35'250,51*21'204,12,Obszar zabudowany,Odcinek prosty,Droga krajowa,Jednojezdniowa dwukierunkowa,N,POWIAT ZWOLEŃSKI,ZWOLEŃ - OBSZAR MIEJSKI
1,0,1,2018,Pochmurno,Najechanie na pieszego,Pochmurno,"Świt, zmrok",Przejście dla pieszych,EWK-107414320G,16,2018-10-30,Ciężko,21*32'578,51*34'424,G170848W,Obszar zabudowany,Odcinek prosty,Droga gminna,Jednojezdniowa dwukierunkowa,N,POWIAT KOZIENICKI,KOZIENICE - OBSZAR MIEJSKI
1,0,0,2018,Pochmurno,Najechanie na pieszego,Pochmurno,"Świt, zmrok",Przejście dla pieszych,EWK-107414320G,16,2018-10-30,Nieokreślone (puste pole),21*32'578,51*34'424,G170848W,Obszar zabudowany,Odcinek prosty,Droga gminna,Jednojezdniowa dwukierunkowa,N,POWIAT KOZIENICKI,KOZIENICE - OBSZAR MIEJSKI
1,0,1,2018,Pochmurno,Najechanie na pieszego,Pochmurno,"Świt, zmrok",Przejście dla pieszych,EWK-107441647T,15,2018-11-14,Lekko,19*45'430,52*32'165,G520005W,Obszar zabudowany,Odcinek prosty,Droga gminna,Jednojezdniowa dwukierunkowa,N,POWIAT PŁOCK,PŁOCK - OBSZAR MIEJSKI
1,0,0,2018,Pochmurno,Najechanie na pieszego,Pochmurno,"Świt, zmrok",Przejście dla pieszych,EWK-107441647T,15,2018-11-14,Nieokreślone (puste pole),19*45'430,52*32'165,G520005W,Obszar zabudowany,Odcinek prosty,Droga gminna,Jednojezdniowa dwukierunkowa,N,POWIAT PŁOCK,PŁOCK - OBSZAR MIEJSKI
1,0,1,2018,Pochmurno,Najechanie na pieszego,Pochmurno,"Świt, zmrok",Przejście dla pieszych,EWK-107513156G,6,2018-12-19,Lekko,20*41'005,51*28'011,727,Obszar zabudowany,Odcinek prosty,Droga wojewódzka,Jednojezdniowa dwukierunkowa,N,POWIAT PRZYSUSKI,KLWÓW - OBSZAR WIEJSKI
1,0,0,2018,Pochmurno,Najechanie na pieszego,Pochmurno,"Świt, zmrok",Przejście dla pieszych,EWK-107513156G,6,2018-12-19,Nieokreślone (puste pole),20*41'005,51*28'011,727,Obszar zabudowany,Odcinek prosty,Droga wojewódzka,Jednojezdniowa dwukierunkowa,N,POWIAT PRZYSUSKI,KLWÓW - OBSZAR WIEJSKI
1,0,1,2018,Pochmurno,Najechanie na pojazd unieruchomiony,Pochmurno,Noc - droga oświetlona,Jezdnia,EWK-107115808U,22,2018-07-20,Ciężko,21*12'302,51*28'484,GMINNA,Obszar niezabudowany,Odcinek prosty,Droga gminna,Jednojezdniowa dwukierunkowa,T,POWIAT RADOMSKI,JASTRZĘBIA - OBSZAR WIEJSKI
1,0,2,2018,Pochmurno,Najechanie na pojazd unieruchomiony,Pochmurno,Noc - droga oświetlona,Jezdnia,EWK-107542085G,21,2018-12-28,Lekko,21*09'072,51*23'527,G530121W,Obszar zabudowany,Odcinek prosty,Droga gminna,Jednojezdniowa dwukierunkowa,N,POWIAT RADOM,RADOM - OBSZAR MIEJSKI
1,0,0,2018,Pochmurno,Najechanie na pojazd unieruchomiony,Pochmurno,Noc - droga oświetlona,Jezdnia,EWK-107542085G,21,2018-12-28,Nieokreślone (puste pole),21*09'072,51*23'527,G530121W,Obszar zabudowany,Odcinek prosty,Droga gminna,Jednojezdniowa dwukierunkowa,N,POWIAT RADOM,RADOM - OBSZAR MIEJSKI
1,0,1,2018,Pochmurno,Najechanie na pojazd unieruchomiony,Pochmurno,Światło dzienne,Jezdnia,EWK-106883058H,15,2018-04-11,Lekko,21*00'038,51*27'254,GMINNA,Obszar zabudowany,Odcinek prosty,Droga gminna,Jednojezdniowa dwukierunkowa,N,POWIAT RADOMSKI,ZAKRZEW - OBSZAR WIEJSKI
1,0,1,2018,Pochmurno,Najechanie na pojazd unieruchomiony,Pochmurno,Światło dzienne,Pobocze,EWK-107177373K,13,2018-08-11,Ciężko,21*24'026,51*42'377,79,Obszar niezabudowany,Odcinek prosty,Droga krajowa,Jednojezdniowa dwukierunkowa,N,POWIAT KOZIENICKI,MAGNUSZEW - OBSZAR WIEJSKI
1,1,0,2018,Pochmurno,Najechanie na pojazd unieruchomiony,Pochmurno,Światło dzienne,Pobocze,EWK-107177373K,13,2018-08-11,Nieokreślone (puste pole),21*24'026,51*42'377,79,Obszar niezabudowany,Odcinek prosty,Droga krajowa,Jednojezdniowa dwukierunkowa,N,POWIAT KOZIENICKI,MAGNUSZEW - OBSZAR WIEJSKI
1,0,1,2018,Pochmurno,"Najechanie na słup, znak",Pochmurno,Noc - droga oświetlona,Jezdnia,EWK-106938946K,0,2018-05-12,Lekko,19*42'521,52*30'377,60,Obszar niezabudowany,Odcinek prosty,Droga krajowa,Dwie jezdnie jednokierunkowe,N,POWIAT PŁOCK,PŁOCK - OBSZAR MIEJSKI
1,0,0,2018,Pochmurno,"Najechanie na słup, znak",Pochmurno,Noc - droga oświetlona,Jezdnia,EWK-106938946K,0,2018-05-12,Nieokreślone (puste pole),19*42'521,52*30'377,60,Obszar niezabudowany,Odcinek prosty,Droga krajowa,Dwie jezdnie jednokierunkowe,N,POWIAT PŁOCK,PŁOCK - OBSZAR MIEJSKI
1,0,2,2018,Pochmurno,"Najechanie na słup, znak",Pochmurno,Noc - droga oświetlona,Jezdnia,EWK-107480965G,22,2018-12-05,Lekko,21*42'115,52*32'221,GMINNA,Obszar zabudowany,,Droga gminna,Jednojezdniowa dwukierunkowa,N,POWIAT WĘGROWSKI,ŁOCHÓW - OBSZAR MIEJSKI
1,1,0,2018,Pochmurno,"Najechanie na słup, znak",Pochmurno,Noc - droga oświetlona,Jezdnia,EWK-107480965G,22,2018-12-05,Nieokreślone (puste pole),21*42'115,52*32'221,GMINNA,Obszar zabudowany,,Droga gminna,Jednojezdniowa dwukierunkowa,N,POWIAT WĘGROWSKI,ŁOCHÓW - OBSZAR MIEJSKI
1,0,1,2018,Pochmurno,"Najechanie na słup, znak",Pochmurno,Światło dzienne,Jezdnia,EWK-106657085W,7,2018-01-04,Lekko,21*21'583,51*12'583,P3567W,Obszar niezabudowany,Odcinek prosty,Droga powiatowa,Jednojezdniowa dwukierunkowa,N,POWIAT RADOMSKI,IŁŻA - OBSZAR WIEJSKI
1,0,1,2018,Pochmurno,"Najechanie na słup, znak",Pochmurno,Światło dzienne,Jezdnia,EWK-106671673M,8,2018-01-14,Lekko,21*08'180,51*22'239,P5335W,Obszar zabudowany,Odcinek prosty,Droga powiatowa,Jednojezdniowa dwukierunkowa,N,POWIAT RADOM,RADOM - OBSZAR MIEJSKI
1,0,1,2018,Pochmurno,"Najechanie na słup, znak",Pochmurno,Światło dzienne,Jezdnia,EWK-106780342C,6,2018-03-07,Lekko,19*35'494,52*47'144,541,Obszar niezabudowany,Odcinek prosty,Droga wojewódzka,Jednojezdniowa dwukierunkowa,N,POWIAT SIERPECKI,MOCHOWO - OBSZAR WIEJSKI
1,0,1,2018,Pochmurno,"Najechanie na słup, znak",Pochmurno,Światło dzienne,Jezdnia,EWK-107262102F,7,2018-09-06,Lekko,21*16'521,51*25'217,,Obszar zabudowany,Odcinek prosty,Nieokreślone (puste pole),Jednojezdniowa dwukierunkowa,N,POWIAT RADOMSKI,JEDLNIA-LETNISKO - OBSZAR WIEJSKI
1,0,1,2018,Pochmurno,"Najechanie na słup, znak",Pochmurno,Światło dzienne,Jezdnia,EWK-107460916H,9,2018-11-25,Ciężko,22*14'307,52*09'068,,Obszar zabudowany,Odcinek prosty,Nieokreślone (puste pole),Jednojezdniowa dwukierunkowa,N,POWIAT SIEDLCE,SIEDLCE - OBSZAR MIEJSKI
1,0,1,2018,Pochmurno,"Najechanie na słup, znak",Pochmurno,Światło dzienne,Jezdnia,EWK-107460916H,9,2018-11-25,Lekko,22*14'307,52*09'068,,Obszar zabudowany,Odcinek prosty,Nieokreślone (puste pole),Jednojezdniowa dwukierunkowa,N,POWIAT SIEDLCE,SIEDLCE - OBSZAR MIEJSKI
1,0,0,2018,Pochmurno,"Najechanie na słup, znak",Pochmurno,Światło dzienne,Jezdnia,EWK-107460916H,9,2018-11-25,Nieokreślone (puste pole),22*14'307,52*09'068,,Obszar zabudowany,Odcinek prosty,Nieokreślone (puste pole),Jednojezdniowa dwukierunkowa,N,POWIAT SIEDLCE,SIEDLCE - OBSZAR MIEJSKI
1,0,1,2018,Pochmurno,"Najechanie na słup, znak",Pochmurno,Światło dzienne,"Skarpa, rów",EWK-107420357A,7,2018-11-03,Lekko,20*55'095,52*57'155,P3238W  ,Obszar niezabudowany,Odcinek prosty,Droga powiatowa,Jednojezdniowa dwukierunkowa,N,POWIAT PRZASNYSKI,PRZASNYSZ - OBSZAR WIEJSKI
1,0,1,2018,Pochmurno,"Najechanie na słup, znak",Pochmurno,"Świt, zmrok",Jezdnia,EWK-107282873M,18,2018-09-08,Ciężko,21*00'311,51*55'204,P0244T,Obszar zabudowany,"Zakręt, łuk",Droga powiatowa,Jednojezdniowa dwukierunkowa,N,POWIAT GRÓJECKI,CHYNÓW - OBSZAR WIEJSKI
1,0,1,2018,Pochmurno,Najechanie na zwierzę,Pochmurno,Noc - droga nieoświetlona,Jezdnia,EWK-107406115W,19,2018-10-26,Lekko,20*55'117,51*38'333,48,Obszar niezabudowany,Odcinek prosty,Droga krajowa,Jednojezdniowa dwukierunkowa,N,POWIAT BIAŁOBRZESKI,BIAŁOBRZEGI - OBSZAR WIEJSKI
1,0,1,2018,Pochmurno,Najechanie na zwierzę,Pochmurno,Światło dzienne,Jezdnia,EWK-107079351U,6,2018-07-02,Lekko,19*48'044,52*26'093,575,Obszar niezabudowany,Odcinek prosty,Droga wojewódzka,Jednojezdniowa dwukierunkowa,N,POWIAT PŁOCKI,GĄBIN - OBSZAR WIEJSKI
1,0,1,2018,Pochmurno,Najechanie na zwierzę,Pochmurno,Światło dzienne,Jezdnia,EWK-107486385G,11,2018-12-08,Lekko,21*12'116,51*44'211,GMINNA,Obszar zabudowany,Odcinek prosty,Droga gminna,Jednojezdniowa dwukierunkowa,N,POWIAT KOZIENICKI,GRABÓW NAD PILICĄ - OBSZAR WIEJSKI
1,0,1,2018,Pochmurno,Wywrócenie się pojazdu,Pochmurno,Noc - droga nieoświetlona,Jezdnia,EWK-107285884A,4,2018-09-16,Lekko,21*04'538,52*39'419,61,Obszar niezabudowany,"Zakręt, łuk; Wzniesienie",Droga krajowa,Jednojezdniowa dwukierunkowa,N,POWIAT PUŁTUSKI,PUŁTUSK - OBSZAR WIEJSKI
1,0,0,2018,Pochmurno,Wywrócenie się pojazdu,Pochmurno,Noc - droga nieoświetlona,Jezdnia,EWK-107285884A,4,2018-09-16,Nieokreślone (puste pole),21*04'538,52*39'419,61,Obszar niezabudowany,"Zakręt, łuk; Wzniesienie",Droga krajowa,Jednojezdniowa dwukierunkowa,N,POWIAT PUŁTUSKI,PUŁTUSK - OBSZAR WIEJSKI
1,0,2,2018,Pochmurno,Wywrócenie się pojazdu,Pochmurno,Noc - droga nieoświetlona,"Skarpa, rów",EWK-106950127L,21,2018-05-16,Ciężko,19*35'519,52*21'577,P1430W,Obszar niezabudowany,"Zakręt, łuk",Droga powiatowa,Jednojezdniowa dwukierunkowa,N,POWIAT GOSTYNIŃSKI,SZCZAWIN KOŚCIELNY - OBSZAR WIEJSKI
1,1,0,2018,Pochmurno,Wywrócenie się pojazdu,Pochmurno,Noc - droga nieoświetlona,"Skarpa, rów",EWK-106950127L,21,2018-05-16,Nieokreślone (puste pole),19*35'519,52*21'577,P1430W,Obszar niezabudowany,"Zakręt, łuk",Droga powiatowa,Jednojezdniowa dwukierunkowa,N,POWIAT GOSTYNIŃSKI,SZCZAWIN KOŚCIELNY - OBSZAR WIEJSKI
1,0,1,2018,Pochmurno,Wywrócenie się pojazdu,Pochmurno,Noc - droga oświetlona,Jezdnia,EWK-107116853M,21,2018-07-20,Ciężko,20*54'273,51*52'386,P0244T,Obszar zabudowany,Odcinek prosty,Droga powiatowa,Jednojezdniowa dwukierunkowa,T,POWIAT GRÓJECKI,GRÓJEC - OBSZAR WIEJSKI
1,0,0,2018,Pochmurno,Wywrócenie się pojazdu,Pochmurno,Noc - droga oświetlona,Jezdnia,EWK-107116853M,21,2018-07-20,Nieokreślone (puste pole),20*54'273,51*52'386,P0244T,Obszar zabudowany,Odcinek prosty,Droga powiatowa,Jednojezdniowa dwukierunkowa,T,POWIAT GRÓJECKI,GRÓJEC - OBSZAR WIEJSKI
1,0,1,2018,Pochmurno,Wywrócenie się pojazdu,Pochmurno,Noc - droga oświetlona,Jezdnia,EWK-107414675J,17,2018-10-30,Ciężko,20*37'179,52*52'524,60,Obszar zabudowany,Odcinek prosty,Droga krajowa,Jednojezdniowa dwukierunkowa,N,POWIAT CIECHANOWSKI,CIECHANÓW - OBSZAR MIEJSKI
1,0,0,2018,Pochmurno,Wywrócenie się pojazdu,Pochmurno,Noc - droga oświetlona,Jezdnia,EWK-107414675J,17,2018-10-30,Nieokreślone (puste pole),20*37'179,52*52'524,60,Obszar zabudowany,Odcinek prosty,Droga krajowa,Jednojezdniowa dwukierunkowa,N,POWIAT CIECHANOWSKI,CIECHANÓW - OBSZAR MIEJSKI
1,0,1,2018,Pochmurno,Wywrócenie się pojazdu,Pochmurno,Światło dzienne,Jezdnia,EWK-106656128X,12,2018-01-03,Ciężko,21*18'553,51*11'439,P3567W,Obszar niezabudowany,"Zakręt, łuk",Droga powiatowa,Jednojezdniowa dwukierunkowa,N,POWIAT RADOMSKI,IŁŻA - OBSZAR WIEJSKI
1,0,2,2018,Pochmurno,Wywrócenie się pojazdu,Pochmurno,Światło dzienne,Jezdnia,EWK-106657889J,7,2018-01-04,Lekko,21*13'243,51*10'170,P3555W,Obszar niezabudowany,Odcinek prosty,Droga powiatowa,Jednojezdniowa dwukierunkowa,N,POWIAT RADOMSKI,IŁŻA - OBSZAR MIEJSKI
1,0,1,2018,Pochmurno,Wywrócenie się pojazdu,Pochmurno,Światło dzienne,Jezdnia,EWK-106685876L,13,2018-01-19,Lekko,21*03'491,51*14'106,P3556W,Obszar niezabudowany,Odcinek prosty,Droga powiatowa,Jednojezdniowa dwukierunkowa,N,POWIAT RADOMSKI,WIERZBICA - OBSZAR WIEJSKI
1,0,1,2018,Pochmurno,Wywrócenie się pojazdu,Pochmurno,Światło dzienne,Jezdnia,EWK-106706853Y,7,2018-01-31,Lekko,21*04'378,52*40'105,571,Obszar niezabudowany,"Zakręt, łuk",Droga wojewódzka,Jednojezdniowa dwukierunkowa,N,POWIAT PUŁTUSKI,PUŁTUSK - OBSZAR WIEJSKI
1,0,0,2018,Pochmurno,Wywrócenie się pojazdu,Pochmurno,Światło dzienne,Jezdnia,EWK-106706853Y,7,2018-01-31,Nieokreślone (puste pole),21*04'378,52*40'105,571,Obszar niezabudowany,"Zakręt, łuk",Droga wojewódzka,Jednojezdniowa dwukierunkowa,N,POWIAT PUŁTUSKI,PUŁTUSK - OBSZAR WIEJSKI
1,0,1,2018,Pochmurno,Wywrócenie się pojazdu,Pochmurno,Światło dzienne,Jezdnia,EWK-106730014D,11,2018-02-12,Lekko,20*31'237,52*42'488,50,Obszar niezabudowany,Odcinek prosty,Droga krajowa,Jednojezdniowa dwukierunkowa,N,POWIAT CIECHANOWSKI,OJRZEŃ - OBSZAR WIEJSKI
1,0,0,2018,Pochmurno,Wywrócenie się pojazdu,Pochmurno,Światło dzienne,Jezdnia,EWK-106730014D,11,2018-02-12,Nieokreślone (puste pole),20*31'237,52*42'488,50,Obszar niezabudowany,Odcinek prosty,Droga krajowa,Jednojezdniowa dwukierunkowa,N,POWIAT CIECHANOWSKI,OJRZEŃ - OBSZAR WIEJSKI
1,0,1,2018,Pochmurno,Wywrócenie się pojazdu,Pochmurno,Światło dzienne,Jezdnia,EWK-106787518K,6,2018-03-09,Lekko,21*00'252,52*39'599,571,Obszar niezabudowany,"Zakręt, łuk",Droga wojewódzka,Jednojezdniowa dwukierunkowa,N,POWIAT PUŁTUSKI,POKRZYWNICA - OBSZAR WIEJSKI