Liczba wypadków,Liczba zabitych,Liczba rannych,Rok,Warunki atmosferyczne,Rodzaj zdarzenia,Warunki atmosferyczne,Oświetlenie,Charakterystyka miejsca zdarzenia,IDKSIP zdarzenia,Godzina,Dzień,Ranny,GPS x,GPS y,Numer drogi,Obszar,Geometria drogi,Kategoria drogi 1,Rodzaj drogi,Czy w zdarzeniu był sprawca nietrzeźwy,Powiat,Gmina
1,0,1,2018,Pochmurno,Wywrócenie się pojazdu,Pochmurno,Światło dzienne,Jezdnia,EWK-106819912G,12,2018-03-27,Ciężko,20*25'050,52*11'545,P0244T,Obszar niezabudowany,Odcinek prosty,Droga powiatowa,Jednojezdniowa dwukierunkowa,N,POWIAT SOCHACZEWSKI,TERESIN - OBSZAR WIEJSKI
1,0,1,2018,Pochmurno,Wywrócenie się pojazdu,Pochmurno,Światło dzienne,Jezdnia,EWK-107061052J,4,2018-06-25,Ciężko,20*27'159,52*40'082,50,Obszar niezabudowany,"Zakręt, łuk",Droga krajowa,Jednojezdniowa dwukierunkowa,N,POWIAT PŁOŃSKI,SOCHOCIN - OBSZAR WIEJSKI
1,0,2,2018,Pochmurno,Wywrócenie się pojazdu,Pochmurno,Światło dzienne,Jezdnia,EWK-107061052J,4,2018-06-25,Lekko,20*27'159,52*40'082,50,Obszar niezabudowany,"Zakręt, łuk",Droga krajowa,Jednojezdniowa dwukierunkowa,N,POWIAT PŁOŃSKI,SOCHOCIN - OBSZAR WIEJSKI
1,0,0,2018,Pochmurno,Wywrócenie się pojazdu,Pochmurno,Światło dzienne,Jezdnia,EWK-107061052J,4,2018-06-25,Nieokreślone (puste pole),20*27'159,52*40'082,50,Obszar niezabudowany,"Zakręt, łuk",Droga krajowa,Jednojezdniowa dwukierunkowa,N,POWIAT PŁOŃSKI,SOCHOCIN - OBSZAR WIEJSKI
1,0,1,2018,Pochmurno,Wywrócenie się pojazdu,Pochmurno,Światło dzienne,Jezdnia,EWK-107103241X,6,2018-07-14,Lekko,20*26'352,53*14'702,615,Obszar niezabudowany,Odcinek prosty,Droga wojewódzka,Jednojezdniowa dwukierunkowa,N,POWIAT MŁAWSKI,STUPSK - OBSZAR WIEJSKI
1,0,0,2018,Pochmurno,Wywrócenie się pojazdu,Pochmurno,Światło dzienne,Jezdnia,EWK-107103241X,6,2018-07-14,Nieokreślone (puste pole),20*26'352,53*14'702,615,Obszar niezabudowany,Odcinek prosty,Droga wojewódzka,Jednojezdniowa dwukierunkowa,N,POWIAT MŁAWSKI,STUPSK - OBSZAR WIEJSKI
1,1,0,2018,Pochmurno,Wywrócenie się pojazdu,Pochmurno,Światło dzienne,Jezdnia,EWK-107103801D,15,2018-07-14,Nieokreślone (puste pole),21*03'259,51*43'166,731,Obszar zabudowany,Odcinek prosty,Droga wojewódzka,Jednojezdniowa dwukierunkowa,N,POWIAT GRÓJECKI,WARKA - OBSZAR WIEJSKI
1,0,3,2018,Pochmurno,Wywrócenie się pojazdu,Pochmurno,Światło dzienne,Jezdnia,EWK-107105648H,17,2018-07-15,Ciężko,21*00'242,53*18'132,614,Obszar niezabudowany,Odcinek prosty,Droga wojewódzka,Jednojezdniowa dwukierunkowa,N,POWIAT PRZASNYSKI,CHORZELE - OBSZAR WIEJSKI
1,1,0,2018,Pochmurno,Wywrócenie się pojazdu,Pochmurno,Światło dzienne,Jezdnia,EWK-107105648H,17,2018-07-15,Nieokreślone (puste pole),21*00'242,53*18'132,614,Obszar niezabudowany,Odcinek prosty,Droga wojewódzka,Jednojezdniowa dwukierunkowa,N,POWIAT PRZASNYSKI,CHORZELE - OBSZAR WIEJSKI
1,0,1,2018,Pochmurno,Wywrócenie się pojazdu,Pochmurno,Światło dzienne,Jezdnia,EWK-107306427M,17,2018-09-23,Lekko,20*59'445,51*33'375,732,Obszar niezabudowany,Odcinek prosty,Droga wojewódzka,Jednojezdniowa dwukierunkowa,N,POWIAT BIAŁOBRZESKI,STARA BŁOTNICA - OBSZAR WIEJSKI
1,1,0,2018,Pochmurno,Wywrócenie się pojazdu,Pochmurno,Światło dzienne,Jezdnia,EWK-107410916D,6,2018-10-29,Nieokreślone (puste pole),22*39'285,52*12'470,698,Obszar zabudowany,"Zakręt, łuk",Droga wojewódzka,Jednojezdniowa dwukierunkowa,N,POWIAT ŁOSICKI,ŁOSICE - OBSZAR WIEJSKI
1,0,1,2018,Pochmurno,Wywrócenie się pojazdu,Pochmurno,Światło dzienne,Jezdnia,EWK-107436869K,13,2018-11-11,Lekko,21*33'140,53*05'247,53,Obszar zabudowany,,Droga krajowa,Jednojezdniowa dwukierunkowa,N,POWIAT OSTROŁĘKA,OSTROŁĘKA - OBSZAR MIEJSKI
1,0,1,2018,Pochmurno,Wywrócenie się pojazdu,Pochmurno,Światło dzienne,Jezdnia,EWK-107482373P,10,2018-12-06,Lekko,22*29'063,52*08'021,P3666W,Obszar niezabudowany,Odcinek prosty,Droga powiatowa,Jednojezdniowa dwukierunkowa,N,POWIAT SIEDLECKI,MORDY - OBSZAR WIEJSKI
1,0,1,2018,Pochmurno,Wywrócenie się pojazdu,Pochmurno,Światło dzienne,Pobocze,EWK-106668491E,10,2018-01-11,Lekko,19*23'569,52*38'265,562,Obszar niezabudowany,Odcinek prosty,Droga wojewódzka,Jednojezdniowa dwukierunkowa,N,POWIAT PŁOCKI,BRUDZEŃ DUŻY - OBSZAR WIEJSKI
1,0,1,2018,Pochmurno,Wywrócenie się pojazdu,Pochmurno,Światło dzienne,Pobocze,EWK-106976531F,12,2018-05-27,Ciężko,21*21'289,51*36'063,48,Obszar niezabudowany,"Zakręt, łuk",Droga krajowa,Jednojezdniowa dwukierunkowa,N,POWIAT KOZIENICKI,GŁOWACZÓW - OBSZAR WIEJSKI
1,0,1,2018,Pochmurno,Wywrócenie się pojazdu,Pochmurno,Światło dzienne,Pobocze,EWK-107306387K,16,2018-09-23,Lekko,19*58'003,52*43'298,60,Obszar niezabudowany,Odcinek prosty,Droga krajowa,Jednojezdniowa dwukierunkowa,T,POWIAT PŁOCKI,DROBIN - OBSZAR WIEJSKI
1,0,0,2018,Pochmurno,Wywrócenie się pojazdu,Pochmurno,Światło dzienne,Pobocze,EWK-107306387K,16,2018-09-23,Nieokreślone (puste pole),19*58'003,52*43'298,60,Obszar niezabudowany,Odcinek prosty,Droga krajowa,Jednojezdniowa dwukierunkowa,T,POWIAT PŁOCKI,DROBIN - OBSZAR WIEJSKI
1,0,1,2018,Pochmurno,Wywrócenie się pojazdu,Pochmurno,Światło dzienne,Pobocze,EWK-107360894A,10,2018-09-15,Lekko,21*43'066,51*42'190,GMINNA,Obszar zabudowany,Odcinek prosty,Droga gminna,Jednojezdniowa dwukierunkowa,T,POWIAT GARWOLIŃSKI,SOBOLEW - OBSZAR WIEJSKI
1,0,1,2018,Pochmurno,Wywrócenie się pojazdu,Pochmurno,Światło dzienne,"Skarpa, rów",EWK-106748832D,8,2018-02-15,Lekko,20*55'124,51*52'278,K50S,Obszar niezabudowany,"Zakręt, łuk",Droga krajowa,Jednojezdniowa dwukierunkowa,N,POWIAT GRÓJECKI,GRÓJEC - OBSZAR WIEJSKI
1,0,1,2018,Pochmurno,Wywrócenie się pojazdu,Pochmurno,Światło dzienne,"Skarpa, rów",EWK-106950379K,6,2018-05-17,Lekko,19*46'442,52*27'284,575,Obszar niezabudowany,Odcinek prosty,Droga wojewódzka,Jednojezdniowa dwukierunkowa,N,POWIAT PŁOCKI,GĄBIN - OBSZAR WIEJSKI
1,0,2,2018,Pochmurno,Wywrócenie się pojazdu,Pochmurno,Światło dzienne,"Skarpa, rów",EWK-106962441W,20,2018-05-22,Lekko,20*19'262,51*57'571,719,Obszar zabudowany,Odcinek prosty,Droga wojewódzka,Jednojezdniowa dwukierunkowa,N,POWIAT ŻYRARDOWSKI,PUSZCZA MARIAŃSKA - OBSZAR WIEJSKI
1,0,1,2018,Pochmurno,Wywrócenie się pojazdu,Pochmurno,Światło dzienne,"Skarpa, rów",EWK-107058938D,8,2018-06-23,Lekko,20*45'492,51*28'270,P3329W,Obszar niezabudowany,"Zakręt, łuk",Droga powiatowa,Jednojezdniowa dwukierunkowa,N,POWIAT PRZYSUSKI,POTWORÓW - OBSZAR WIEJSKI
1,0,2,2018,Pochmurno,Wywrócenie się pojazdu,Pochmurno,Światło dzienne,"Skarpa, rów",EWK-107546198D,7,2018-12-30,Lekko,21*51'323,51*48'406,807,Obszar niezabudowany,Odcinek prosty,Droga wojewódzka,Jednojezdniowa dwukierunkowa,N,POWIAT GARWOLIŃSKI,ŻELECHÓW - OBSZAR WIEJSKI
1,0,0,2018,Pochmurno,Wywrócenie się pojazdu,Pochmurno,Światło dzienne,"Skarpa, rów",EWK-107546198D,7,2018-12-30,Nieokreślone (puste pole),21*51'323,51*48'406,807,Obszar niezabudowany,Odcinek prosty,Droga wojewódzka,Jednojezdniowa dwukierunkowa,N,POWIAT GARWOLIŃSKI,ŻELECHÓW - OBSZAR WIEJSKI
1,0,1,2018,Pochmurno,Wywrócenie się pojazdu,Pochmurno,"Świt, zmrok",Jezdnia,EWK-106705782H,6,2018-01-31,Ciężko,21*16'201,53*11'479,2578W,Obszar zabudowany,"Zakręt, łuk",Droga powiatowa,Jednojezdniowa dwukierunkowa,N,POWIAT OSTROŁĘCKI,BARANOWO - OBSZAR WIEJSKI
1,0,1,2018,Pochmurno,Wywrócenie się pojazdu,Pochmurno,"Świt, zmrok",Jezdnia,EWK-106705782H,6,2018-01-31,Lekko,21*16'201,53*11'479,2578W,Obszar zabudowany,"Zakręt, łuk",Droga powiatowa,Jednojezdniowa dwukierunkowa,N,POWIAT OSTROŁĘCKI,BARANOWO - OBSZAR WIEJSKI
1,0,1,2018,Pochmurno,Wywrócenie się pojazdu,Pochmurno,"Świt, zmrok",Jezdnia,EWK-106724106D,16,2018-02-09,Ciężko,21*28'438,51*14'085,P1908W,Obszar niezabudowany,Odcinek prosty,Droga powiatowa,Jednojezdniowa dwukierunkowa,N,POWIAT LIPSKI,CIEPIELÓW - OBSZAR WIEJSKI
1,0,0,2018,Pochmurno,Wywrócenie się pojazdu,Pochmurno,"Świt, zmrok",Jezdnia,EWK-106724106D,16,2018-02-09,Nieokreślone (puste pole),21*28'438,51*14'085,P1908W,Obszar niezabudowany,Odcinek prosty,Droga powiatowa,Jednojezdniowa dwukierunkowa,N,POWIAT LIPSKI,CIEPIELÓW - OBSZAR WIEJSKI
1,0,1,2018,Pochmurno,Wywrócenie się pojazdu,Pochmurno,"Świt, zmrok",Jezdnia,EWK-107152003H,20,2018-08-04,Lekko,20*46'699,53*16'603,P2317W,Obszar niezabudowany,Odcinek prosty,Droga powiatowa,Jednojezdniowa dwukierunkowa,N,POWIAT MŁAWSKI,WIECZFNIA KOŚCIELNA - OBSZAR WIEJSKI
1,0,0,2018,Pochmurno,Wywrócenie się pojazdu,Pochmurno,"Świt, zmrok",Jezdnia,EWK-107152003H,20,2018-08-04,Nieokreślone (puste pole),20*46'699,53*16'603,P2317W,Obszar niezabudowany,Odcinek prosty,Droga powiatowa,Jednojezdniowa dwukierunkowa,N,POWIAT MŁAWSKI,WIECZFNIA KOŚCIELNA - OBSZAR WIEJSKI
1,0,1,2018,Pochmurno,Wywrócenie się pojazdu,Pochmurno,"Świt, zmrok",Jezdnia,EWK-107404822L,5,2018-10-21,Lekko,21*04'257,51*25'137,740,Obszar zabudowany,"Zakręt, łuk",Droga wojewódzka,Jednojezdniowa dwukierunkowa,T,POWIAT RADOMSKI,ZAKRZEW - OBSZAR WIEJSKI
1,0,1,2018,Pochmurno,Zdarzenie z pasażerem,Pochmurno,Światło dzienne,Jezdnia,EWK-107338745J,16,2018-09-27,Lekko,21*09'155,51*23'442,P5320W,Obszar zabudowany,Odcinek prosty,Droga powiatowa,Jednojezdniowa dwukierunkowa,N,POWIAT RADOM,RADOM - OBSZAR MIEJSKI
1,0,0,2018,Pochmurno,Zdarzenie z pasażerem,Pochmurno,Światło dzienne,Jezdnia,EWK-107338745J,16,2018-09-27,Nieokreślone (puste pole),21*09'155,51*23'442,P5320W,Obszar zabudowany,Odcinek prosty,Droga powiatowa,Jednojezdniowa dwukierunkowa,N,POWIAT RADOM,RADOM - OBSZAR MIEJSKI
1,0,1,2018,Pochmurno,Zdarzenie z pasażerem,Pochmurno,Światło dzienne,Jezdnia,EWK-107445470L,13,2018-11-16,Lekko,19*41'410,52*32'336,5207W,Obszar zabudowany,,Droga powiatowa,Jednokierunkowa,N,POWIAT PŁOCK,PŁOCK - OBSZAR MIEJSKI
1,0,0,2018,Pochmurno,Zdarzenie z pasażerem,Pochmurno,Światło dzienne,Jezdnia,EWK-107445470L,13,2018-11-16,Nieokreślone (puste pole),19*41'410,52*32'336,5207W,Obszar zabudowany,,Droga powiatowa,Jednokierunkowa,N,POWIAT PŁOCK,PŁOCK - OBSZAR MIEJSKI
1,0,1,2018,Pochmurno,Zderzenie pojazdów boczne,Pochmurno,Noc - droga nieoświetlona,Jezdnia,EWK-106699456N,19,2018-01-27,Ciężko,21*33'570,53*21'343,GMINNA,Obszar zabudowany,Odcinek prosty,Droga gminna,Jednojezdniowa dwukierunkowa,N,POWIAT OSTROŁĘCKI,ŁYSE - OBSZAR WIEJSKI
1,0,0,2018,Pochmurno,Zderzenie pojazdów boczne,Pochmurno,Noc - droga nieoświetlona,Jezdnia,EWK-106699456N,19,2018-01-27,Nieokreślone (puste pole),21*33'570,53*21'343,GMINNA,Obszar zabudowany,Odcinek prosty,Droga gminna,Jednojezdniowa dwukierunkowa,N,POWIAT OSTROŁĘCKI,ŁYSE - OBSZAR WIEJSKI
1,0,1,2018,Pochmurno,Zderzenie pojazdów boczne,Pochmurno,Noc - droga nieoświetlona,Jezdnia,EWK-106710534K,18,2018-02-02,Lekko,20*1'449,52*19'091,GMINNA,Obszar zabudowany,Odcinek prosty,Droga gminna,Jednojezdniowa dwukierunkowa,N,POWIAT SOCHACZEWSKI,IŁÓW - OBSZAR WIEJSKI
1,0,0,2018,Pochmurno,Zderzenie pojazdów boczne,Pochmurno,Noc - droga nieoświetlona,Jezdnia,EWK-106710534K,18,2018-02-02,Nieokreślone (puste pole),20*1'449,52*19'091,GMINNA,Obszar zabudowany,Odcinek prosty,Droga gminna,Jednojezdniowa dwukierunkowa,N,POWIAT SOCHACZEWSKI,IŁÓW - OBSZAR WIEJSKI
1,0,1,2018,Pochmurno,Zderzenie pojazdów boczne,Pochmurno,Noc - droga nieoświetlona,Jezdnia,EWK-106881834F,20,2018-04-10,Lekko,20*10'446,52*17'040,50,Obszar niezabudowany,,Droga krajowa,Jednojezdniowa dwukierunkowa,N,POWIAT SOCHACZEWSKI,MŁODZIESZYN - OBSZAR WIEJSKI
1,0,0,2018,Pochmurno,Zderzenie pojazdów boczne,Pochmurno,Noc - droga nieoświetlona,Jezdnia,EWK-106881834F,20,2018-04-10,Nieokreślone (puste pole),20*10'446,52*17'040,50,Obszar niezabudowany,,Droga krajowa,Jednojezdniowa dwukierunkowa,N,POWIAT SOCHACZEWSKI,MŁODZIESZYN - OBSZAR WIEJSKI
1,0,1,2018,Pochmurno,Zderzenie pojazdów boczne,Pochmurno,Noc - droga nieoświetlona,Jezdnia,EWK-107438769Y,18,2018-11-12,Ciężko,19*57'134,52*24'298,P6915W,Obszar niezabudowany,Odcinek prosty,Droga powiatowa,Jednojezdniowa dwukierunkowa,T,POWIAT PŁOCKI,SŁUBICE - OBSZAR WIEJSKI
1,0,0,2018,Pochmurno,Zderzenie pojazdów boczne,Pochmurno,Noc - droga nieoświetlona,Jezdnia,EWK-107438769Y,18,2018-11-12,Nieokreślone (puste pole),19*57'134,52*24'298,P6915W,Obszar niezabudowany,Odcinek prosty,Droga powiatowa,Jednojezdniowa dwukierunkowa,T,POWIAT PŁOCKI,SŁUBICE - OBSZAR WIEJSKI
1,0,1,2018,Pochmurno,Zderzenie pojazdów boczne,Pochmurno,Noc - droga nieoświetlona,Jezdnia,EWK-107488159U,19,2018-12-09,Ciężko,20*07'401,52*09'347,92,Obszar niezabudowany,Odcinek prosty,Droga krajowa,Jednojezdniowa dwukierunkowa,T,POWIAT SOCHACZEWSKI,NOWA SUCHA - OBSZAR WIEJSKI
1,1,0,2018,Pochmurno,Zderzenie pojazdów boczne,Pochmurno,Noc - droga nieoświetlona,Jezdnia,EWK-107488159U,19,2018-12-09,Nieokreślone (puste pole),20*07'401,52*09'347,92,Obszar niezabudowany,Odcinek prosty,Droga krajowa,Jednojezdniowa dwukierunkowa,T,POWIAT SOCHACZEWSKI,NOWA SUCHA - OBSZAR WIEJSKI
1,0,1,2018,Pochmurno,Zderzenie pojazdów boczne,Pochmurno,Noc - droga oświetlona,Jezdnia,EWK-106694580Y,19,2018-01-25,Lekko,21*29'294,51*37'010,79,Obszar niezabudowany,,Droga krajowa,Jednojezdniowa dwukierunkowa,N,POWIAT KOZIENICKI,KOZIENICE - OBSZAR WIEJSKI
1,0,0,2018,Pochmurno,Zderzenie pojazdów boczne,Pochmurno,Noc - droga oświetlona,Jezdnia,EWK-106694580Y,19,2018-01-25,Nieokreślone (puste pole),21*29'294,51*37'010,79,Obszar niezabudowany,,Droga krajowa,Jednojezdniowa dwukierunkowa,N,POWIAT KOZIENICKI,KOZIENICE - OBSZAR WIEJSKI
1,0,1,2018,Pochmurno,Zderzenie pojazdów boczne,Pochmurno,Noc - droga oświetlona,Jezdnia,EWK-106754937H,3,2018-02-18,Ciężko,21*08'340,51*24'323,P5305W,Obszar zabudowany,,Droga powiatowa,Dwie jezdnie jednokierunkowe,N,POWIAT RADOM,RADOM - OBSZAR MIEJSKI
1,0,1,2018,Pochmurno,Zderzenie pojazdów boczne,Pochmurno,Noc - droga oświetlona,Jezdnia,EWK-106754937H,3,2018-02-18,Lekko,21*08'340,51*24'323,P5305W,Obszar zabudowany,,Droga powiatowa,Dwie jezdnie jednokierunkowe,N,POWIAT RADOM,RADOM - OBSZAR MIEJSKI
1,0,0,2018,Pochmurno,Zderzenie pojazdów boczne,Pochmurno,Noc - droga oświetlona,Jezdnia,EWK-106754937H,3,2018-02-18,Nieokreślone (puste pole),21*08'340,51*24'323,P5305W,Obszar zabudowany,,Droga powiatowa,Dwie jezdnie jednokierunkowe,N,POWIAT RADOM,RADOM - OBSZAR MIEJSKI
1,0,1,2018,Pochmurno,Zderzenie pojazdów boczne,Pochmurno,Noc - droga oświetlona,Jezdnia,EWK-106762255U,21,2018-02-26,Lekko,21*09'499,51*24'096,P5304W  ,Obszar zabudowany,,Droga powiatowa,Jednojezdniowa dwukierunkowa,N,POWIAT RADOM,RADOM - OBSZAR MIEJSKI
1,0,0,2018,Pochmurno,Zderzenie pojazdów boczne,Pochmurno,Noc - droga oświetlona,Jezdnia,EWK-106762255U,21,2018-02-26,Nieokreślone (puste pole),21*09'499,51*24'096,P5304W  ,Obszar zabudowany,,Droga powiatowa,Jednojezdniowa dwukierunkowa,N,POWIAT RADOM,RADOM - OBSZAR MIEJSKI
1,0,2,2018,Pochmurno,Zderzenie pojazdów boczne,Pochmurno,Noc - droga oświetlona,Jezdnia,EWK-106777709X,20,2018-03-05,Lekko,21*07'290,51*21'575,744,Obszar zabudowany,,Droga wojewódzka,Jednojezdniowa dwukierunkowa,N,POWIAT RADOM,RADOM - OBSZAR MIEJSKI
1,0,1,2018,Pochmurno,Zderzenie pojazdów boczne,Pochmurno,Noc - droga oświetlona,Jezdnia,EWK-106789913J,17,2018-03-10,Lekko,21*33'138,53*21'454,2519W,Obszar zabudowany,,Droga powiatowa,Jednojezdniowa dwukierunkowa,N,POWIAT OSTROŁĘCKI,ŁYSE - OBSZAR WIEJSKI
1,0,0,2018,Pochmurno,Zderzenie pojazdów boczne,Pochmurno,Noc - droga oświetlona,Jezdnia,EWK-106789913J,17,2018-03-10,Nieokreślone (puste pole),21*33'138,53*21'454,2519W,Obszar zabudowany,,Droga powiatowa,Jednojezdniowa dwukierunkowa,N,POWIAT OSTROŁĘCKI,ŁYSE - OBSZAR WIEJSKI
1,0,2,2018,Pochmurno,Zderzenie pojazdów boczne,Pochmurno,Noc - droga oświetlona,Jezdnia,EWK-106790784G,0,2018-03-09,Ciężko,21*10'472,51*25'161,9,Obszar zabudowany,,Droga krajowa,Dwie jezdnie jednokierunkowe,N,POWIAT RADOM,RADOM - OBSZAR MIEJSKI
1,0,2,2018,Pochmurno,Zderzenie pojazdów boczne,Pochmurno,Noc - droga oświetlona,Jezdnia,EWK-106790784G,0,2018-03-09,Lekko,21*10'472,51*25'161,9,Obszar zabudowany,,Droga krajowa,Dwie jezdnie jednokierunkowe,N,POWIAT RADOM,RADOM - OBSZAR MIEJSKI
1,0,0,2018,Pochmurno,Zderzenie pojazdów boczne,Pochmurno,Noc - droga oświetlona,Jezdnia,EWK-106790784G,0,2018-03-09,Nieokreślone (puste pole),21*10'472,51*25'161,9,Obszar zabudowany,,Droga krajowa,Dwie jezdnie jednokierunkowe,N,POWIAT RADOM,RADOM - OBSZAR MIEJSKI
1,0,1,2018,Pochmurno,Zderzenie pojazdów boczne,Pochmurno,Noc - droga oświetlona,Jezdnia,EWK-107172818E,21,2018-08-11,Lekko,19*40'220,52*51'031,GMINNA,Obszar zabudowany,,Droga gminna,Jednojezdniowa dwukierunkowa,N,POWIAT SIERPECKI,SIERPC - OBSZAR MIEJSKI
1,0,0,2018,Pochmurno,Zderzenie pojazdów boczne,Pochmurno,Noc - droga oświetlona,Jezdnia,EWK-107172818E,21,2018-08-11,Nieokreślone (puste pole),19*40'220,52*51'031,GMINNA,Obszar zabudowany,,Droga gminna,Jednojezdniowa dwukierunkowa,N,POWIAT SIERPECKI,SIERPC - OBSZAR MIEJSKI
1,1,0,2018,Pochmurno,Zderzenie pojazdów boczne,Pochmurno,Noc - droga oświetlona,Jezdnia,EWK-107470579J,16,2018-11-30,Nieokreślone (puste pole),21*38'182,53*03'078,627,Obszar zabudowany,,Droga wojewódzka,Jednojezdniowa dwukierunkowa,N,POWIAT OSTROŁĘCKI,RZEKUŃ - OBSZAR WIEJSKI
1,0,1,2018,Pochmurno,Zderzenie pojazdów boczne,Pochmurno,Noc - droga oświetlona,Jezdnia,EWK-107502352K,23,2018-12-15,Lekko,19*41'405,52*32'389,5207W,Obszar zabudowany,,Droga powiatowa,Jednojezdniowa dwukierunkowa,N,POWIAT PŁOCK,PŁOCK - OBSZAR MIEJSKI
1,0,0,2018,Pochmurno,Zderzenie pojazdów boczne,Pochmurno,Noc - droga oświetlona,Jezdnia,EWK-107502352K,23,2018-12-15,Nieokreślone (puste pole),19*41'405,52*32'389,5207W,Obszar zabudowany,,Droga powiatowa,Jednojezdniowa dwukierunkowa,N,POWIAT PŁOCK,PŁOCK - OBSZAR MIEJSKI
1,0,1,2018,Pochmurno,Zderzenie pojazdów boczne,Pochmurno,Noc - droga oświetlona,Jezdnia,EWK-107525121H,19,2018-12-22,Ciężko,21*37'281,53*02'564,2550W,Obszar zabudowany,Odcinek prosty,Droga powiatowa,Jednojezdniowa dwukierunkowa,N,POWIAT OSTROŁĘCKI,RZEKUŃ - OBSZAR WIEJSKI
1,0,0,2018,Pochmurno,Zderzenie pojazdów boczne,Pochmurno,Noc - droga oświetlona,Jezdnia,EWK-107525121H,19,2018-12-22,Nieokreślone (puste pole),21*37'281,53*02'564,2550W,Obszar zabudowany,Odcinek prosty,Droga powiatowa,Jednojezdniowa dwukierunkowa,N,POWIAT OSTROŁĘCKI,RZEKUŃ - OBSZAR WIEJSKI
1,0,1,2018,Pochmurno,Zderzenie pojazdów boczne,Pochmurno,Noc - droga oświetlona,Jezdnia,EWK-107546100U,21,2018-12-29,Lekko,21*41'261,51*22'042,GMINNA,Obszar niezabudowany,Odcinek prosty,Droga gminna,Jednojezdniowa dwukierunkowa,T,POWIAT ZWOLEŃSKI,ZWOLEŃ - OBSZAR WIEJSKI
1,0,0,2018,Pochmurno,Zderzenie pojazdów boczne,Pochmurno,Noc - droga oświetlona,Jezdnia,EWK-107546100U,21,2018-12-29,Nieokreślone (puste pole),21*41'261,51*22'042,GMINNA,Obszar niezabudowany,Odcinek prosty,Droga gminna,Jednojezdniowa dwukierunkowa,T,POWIAT ZWOLEŃSKI,ZWOLEŃ - OBSZAR WIEJSKI
1,0,1,2018,Pochmurno,Zderzenie pojazdów boczne,Pochmurno,Noc - droga oświetlona,Jezdnia,EWK-107569677G,1,2018-12-25,Ciężko,21*09'394,51*24'497,P5305W,Obszar zabudowany,,Droga powiatowa,Dwie jezdnie jednokierunkowe,N,POWIAT RADOM,RADOM - OBSZAR MIEJSKI
1,0,0,2018,Pochmurno,Zderzenie pojazdów boczne,Pochmurno,Noc - droga oświetlona,Jezdnia,EWK-107569677G,1,2018-12-25,Nieokreślone (puste pole),21*09'394,51*24'497,P5305W,Obszar zabudowany,,Droga powiatowa,Dwie jezdnie jednokierunkowe,N,POWIAT RADOM,RADOM - OBSZAR MIEJSKI
1,0,1,2018,Pochmurno,Zderzenie pojazdów boczne,Pochmurno,Noc - droga oświetlona,Przejście dla pieszych,EWK-107445646N,16,2018-11-16,Ciężko,21*32'091,53*04'038,61,Obszar zabudowany,,Droga krajowa,Jednojezdniowa dwukierunkowa,N,POWIAT OSTROŁĘCKI,OLSZEWO-BORKI - OBSZAR WIEJSKI
1,0,0,2018,Pochmurno,Zderzenie pojazdów boczne,Pochmurno,Noc - droga oświetlona,Przejście dla pieszych,EWK-107445646N,16,2018-11-16,Nieokreślone (puste pole),21*32'091,53*04'038,61,Obszar zabudowany,,Droga krajowa,Jednojezdniowa dwukierunkowa,N,POWIAT OSTROŁĘCKI,OLSZEWO-BORKI - OBSZAR WIEJSKI
1,0,1,2018,Pochmurno,Zderzenie pojazdów boczne,Pochmurno,Noc - droga oświetlona,"Wjazd, wyjazd z posesji, pola",EWK-106794501K,18,2018-03-13,Lekko,19*42'002,52*32'459,G520093W,Obszar zabudowany,Odcinek prosty,Droga gminna,Jednojezdniowa dwukierunkowa,N,POWIAT PŁOCK,PŁOCK - OBSZAR MIEJSKI
1,0,0,2018,Pochmurno,Zderzenie pojazdów boczne,Pochmurno,Noc - droga oświetlona,"Wjazd, wyjazd z posesji, pola",EWK-106794501K,18,2018-03-13,Nieokreślone (puste pole),19*42'002,52*32'459,G520093W,Obszar zabudowany,Odcinek prosty,Droga gminna,Jednojezdniowa dwukierunkowa,N,POWIAT PŁOCK,PŁOCK - OBSZAR MIEJSKI
1,0,1,2018,Pochmurno,Zderzenie pojazdów boczne,Pochmurno,Noc - droga oświetlona,"Wjazd, wyjazd z posesji, pola",EWK-107118641R,1,2018-07-16,Ciężko,21*14'500,51*17'413,9,Obszar niezabudowany,Odcinek prosty,Droga krajowa,Jednojezdniowa dwukierunkowa,N,POWIAT RADOMSKI,SKARYSZEW - OBSZAR MIEJSKI
1,0,1,2018,Pochmurno,Zderzenie pojazdów boczne,Pochmurno,Noc - droga oświetlona,"Wjazd, wyjazd z posesji, pola",EWK-107118641R,1,2018-07-16,Lekko,21*14'500,51*17'413,9,Obszar niezabudowany,Odcinek prosty,Droga krajowa,Jednojezdniowa dwukierunkowa,N,POWIAT RADOMSKI,SKARYSZEW - OBSZAR MIEJSKI
1,0,0,2018,Pochmurno,Zderzenie pojazdów boczne,Pochmurno,Noc - droga oświetlona,"Wjazd, wyjazd z posesji, pola",EWK-107118641R,1,2018-07-16,Nieokreślone (puste pole),21*14'500,51*17'413,9,Obszar niezabudowany,Odcinek prosty,Droga krajowa,Jednojezdniowa dwukierunkowa,N,POWIAT RADOMSKI,SKARYSZEW - OBSZAR MIEJSKI
1,0,1,2018,Pochmurno,Zderzenie pojazdów boczne,Pochmurno,Światło dzienne,Jezdnia,EWK-106651629R,13,2018-01-01,Lekko,21*26'382,52*53'069,60,Obszar niezabudowany,"Zakręt, łuk",Droga krajowa,Jednojezdniowa dwukierunkowa,N,POWIAT OSTROŁĘCKI,GOWOROWO - OBSZAR WIEJSKI
1,0,0,2018,Pochmurno,Zderzenie pojazdów boczne,Pochmurno,Światło dzienne,Jezdnia,EWK-106651629R,13,2018-01-01,Nieokreślone (puste pole),21*26'382,52*53'069,60,Obszar niezabudowany,"Zakręt, łuk",Droga krajowa,Jednojezdniowa dwukierunkowa,N,POWIAT OSTROŁĘCKI,GOWOROWO - OBSZAR WIEJSKI
1,0,1,2018,Pochmurno,Zderzenie pojazdów boczne,Pochmurno,Światło dzienne,Jezdnia,EWK-106661937C,12,2018-01-05,Lekko,20*55'287,53*00'575,544,Obszar niezabudowany,,Droga wojewódzka,Jednojezdniowa dwukierunkowa,N,POWIAT PRZASNYSKI,PRZASNYSZ - OBSZAR WIEJSKI