Liczba wypadków,Liczba zabitych,Liczba rannych,Rok,Warunki atmosferyczne,Rodzaj zdarzenia,Warunki atmosferyczne,Oświetlenie,Charakterystyka miejsca zdarzenia,IDKSIP zdarzenia,Godzina,Dzień,Ranny,GPS x,GPS y,Numer drogi,Obszar,Geometria drogi,Kategoria drogi 1,Rodzaj drogi,Czy w zdarzeniu był sprawca nietrzeźwy,Powiat,Gmina
1,0,0,2018,Pochmurno,Zderzenie pojazdów czołowe,Pochmurno,Światło dzienne,Jezdnia,EWK-107110817T,5,2018-07-18,Nieokreślone (puste pole),19*56'530,53*05'022,563,Obszar niezabudowany,Odcinek prosty,Droga wojewódzka,Jednojezdniowa dwukierunkowa,N,POWIAT ŻUROMIŃSKI,KUCZBORK-OSADA - OBSZAR WIEJSKI
1,0,2,2018,Pochmurno,Zderzenie pojazdów czołowe,Pochmurno,Światło dzienne,Jezdnia,EWK-107111478P,17,2018-07-18,Lekko,21*25'029,51*14'185,P4518W,Obszar niezabudowany,Odcinek prosty,Droga powiatowa,Jednojezdniowa dwukierunkowa,N,POWIAT ZWOLEŃSKI,KAZANÓW - OBSZAR WIEJSKI
1,0,1,2018,Pochmurno,Zderzenie pojazdów czołowe,Pochmurno,Światło dzienne,Jezdnia,EWK-107182565J,15,2018-08-14,Ciężko,21*32'232,53*23'170,647,Obszar niezabudowany,"Zakręt, łuk",Droga wojewódzka,Jednojezdniowa dwukierunkowa,N,POWIAT OSTROŁĘCKI,ŁYSE - OBSZAR WIEJSKI
1,0,0,2018,Pochmurno,Zderzenie pojazdów czołowe,Pochmurno,Światło dzienne,Jezdnia,EWK-107182565J,15,2018-08-14,Nieokreślone (puste pole),21*32'232,53*23'170,647,Obszar niezabudowany,"Zakręt, łuk",Droga wojewódzka,Jednojezdniowa dwukierunkowa,N,POWIAT OSTROŁĘCKI,ŁYSE - OBSZAR WIEJSKI
1,0,3,2018,Pochmurno,Zderzenie pojazdów czołowe,Pochmurno,Światło dzienne,Jezdnia,EWK-107231439K,18,2018-08-26,Lekko,21*20'511,51*22'549,12,Obszar niezabudowany,Odcinek prosty,Droga krajowa,Jednojezdniowa dwukierunkowa,N,POWIAT RADOMSKI,GÓZD - OBSZAR WIEJSKI
1,0,0,2018,Pochmurno,Zderzenie pojazdów czołowe,Pochmurno,Światło dzienne,Jezdnia,EWK-107231439K,18,2018-08-26,Nieokreślone (puste pole),21*20'511,51*22'549,12,Obszar niezabudowany,Odcinek prosty,Droga krajowa,Jednojezdniowa dwukierunkowa,N,POWIAT RADOMSKI,GÓZD - OBSZAR WIEJSKI
1,0,2,2018,Pochmurno,Zderzenie pojazdów czołowe,Pochmurno,Światło dzienne,Jezdnia,EWK-107260168Y,10,2018-09-05,Lekko,21*34'540,52*39'385,8,Obszar niezabudowany,Odcinek prosty,Droga krajowa,Jednojezdniowa dwukierunkowa,N,POWIAT WYSZKOWSKI,BRAŃSZCZYK - OBSZAR WIEJSKI
1,0,6,2018,Pochmurno,Zderzenie pojazdów czołowe,Pochmurno,Światło dzienne,Jezdnia,EWK-107304894F,9,2018-09-22,Lekko,21*35'440,51*45'356,,Obszar niezabudowany,Odcinek prosty,Nieokreślone (puste pole),Jednojezdniowa dwukierunkowa,N,POWIAT GARWOLIŃSKI,ŁASKARZEW - OBSZAR MIEJSKI
1,0,2,2018,Pochmurno,Zderzenie pojazdów czołowe,Pochmurno,Światło dzienne,Jezdnia,EWK-107305585M,13,2018-09-22,Lekko,22*18'379,52*07'536,2,Obszar niezabudowany,Odcinek prosty,Droga krajowa,Jednojezdniowa dwukierunkowa,N,POWIAT SIEDLECKI,SIEDLCE - OBSZAR WIEJSKI
1,0,0,2018,Pochmurno,Zderzenie pojazdów czołowe,Pochmurno,Światło dzienne,Jezdnia,EWK-107305585M,13,2018-09-22,Nieokreślone (puste pole),22*18'379,52*07'536,2,Obszar niezabudowany,Odcinek prosty,Droga krajowa,Jednojezdniowa dwukierunkowa,N,POWIAT SIEDLECKI,SIEDLCE - OBSZAR WIEJSKI
1,0,1,2018,Pochmurno,Zderzenie pojazdów czołowe,Pochmurno,Światło dzienne,Jezdnia,EWK-107410162A,8,2018-10-29,Lekko,20*58'077,51*32'106,732,Obszar niezabudowany,,Droga wojewódzka,Jednojezdniowa dwukierunkowa,N,POWIAT BIAŁOBRZESKI,STARA BŁOTNICA - OBSZAR WIEJSKI
1,0,0,2018,Pochmurno,Zderzenie pojazdów czołowe,Pochmurno,Światło dzienne,Jezdnia,EWK-107410162A,8,2018-10-29,Nieokreślone (puste pole),20*58'077,51*32'106,732,Obszar niezabudowany,,Droga wojewódzka,Jednojezdniowa dwukierunkowa,N,POWIAT BIAŁOBRZESKI,STARA BŁOTNICA - OBSZAR WIEJSKI
1,0,2,2018,Pochmurno,Zderzenie pojazdów czołowe,Pochmurno,Światło dzienne,Jezdnia,EWK-107441087T,8,2018-11-14,Lekko,20*54'420,51*40'153,P1104W,Obszar niezabudowany,Odcinek prosty,Droga powiatowa,Jednojezdniowa dwukierunkowa,N,POWIAT BIAŁOBRZESKI,PROMNA - OBSZAR WIEJSKI
1,0,0,2018,Pochmurno,Zderzenie pojazdów czołowe,Pochmurno,Światło dzienne,Jezdnia,EWK-107441087T,8,2018-11-14,Nieokreślone (puste pole),20*54'420,51*40'153,P1104W,Obszar niezabudowany,Odcinek prosty,Droga powiatowa,Jednojezdniowa dwukierunkowa,N,POWIAT BIAŁOBRZESKI,PROMNA - OBSZAR WIEJSKI
1,0,1,2018,Pochmurno,Zderzenie pojazdów czołowe,Pochmurno,Światło dzienne,Jezdnia,EWK-107457445R,10,2018-11-23,Lekko,20*26'183,52*37'491,P3040W,Obszar niezabudowany,"Zakręt, łuk",Droga powiatowa,Jednojezdniowa dwukierunkowa,N,POWIAT PŁOŃSKI,PŁOŃSK - OBSZAR WIEJSKI
1,0,0,2018,Pochmurno,Zderzenie pojazdów czołowe,Pochmurno,Światło dzienne,Jezdnia,EWK-107457445R,10,2018-11-23,Nieokreślone (puste pole),20*26'183,52*37'491,P3040W,Obszar niezabudowany,"Zakręt, łuk",Droga powiatowa,Jednojezdniowa dwukierunkowa,N,POWIAT PŁOŃSKI,PŁOŃSK - OBSZAR WIEJSKI
1,0,1,2018,Pochmurno,Zderzenie pojazdów czołowe,Pochmurno,Światło dzienne,Jezdnia,EWK-107466412J,15,2018-11-28,Lekko,22*17'422,52*09'588,,Obszar zabudowany,Odcinek prosty,Nieokreślone (puste pole),Jednojezdniowa dwukierunkowa,N,POWIAT SIEDLCE,SIEDLCE - OBSZAR MIEJSKI
1,0,0,2018,Pochmurno,Zderzenie pojazdów czołowe,Pochmurno,Światło dzienne,Jezdnia,EWK-107466412J,15,2018-11-28,Nieokreślone (puste pole),22*17'422,52*09'588,,Obszar zabudowany,Odcinek prosty,Nieokreślone (puste pole),Jednojezdniowa dwukierunkowa,N,POWIAT SIEDLCE,SIEDLCE - OBSZAR MIEJSKI
1,0,2,2018,Pochmurno,Zderzenie pojazdów czołowe,Pochmurno,Światło dzienne,Jezdnia,EWK-107472672Q,8,2018-12-02,Ciężko,20*17'086,51*57'036,719,Obszar niezabudowany,Odcinek prosty,Droga wojewódzka,Jednojezdniowa dwukierunkowa,N,POWIAT ŻYRARDOWSKI,PUSZCZA MARIAŃSKA - OBSZAR WIEJSKI
1,1,0,2018,Pochmurno,Zderzenie pojazdów czołowe,Pochmurno,Światło dzienne,Jezdnia,EWK-107472672Q,8,2018-12-02,Nieokreślone (puste pole),20*17'086,51*57'036,719,Obszar niezabudowany,Odcinek prosty,Droga wojewódzka,Jednojezdniowa dwukierunkowa,N,POWIAT ŻYRARDOWSKI,PUSZCZA MARIAŃSKA - OBSZAR WIEJSKI
1,0,1,2018,Pochmurno,Zderzenie pojazdów czołowe,Pochmurno,Światło dzienne,Jezdnia,EWK-107474498W,7,2018-12-03,Lekko,22*17'518,52*10'199,GMINNA,Obszar zabudowany,Odcinek prosty,Droga gminna,Jednojezdniowa dwukierunkowa,N,POWIAT SIEDLCE,SIEDLCE - OBSZAR MIEJSKI
1,0,0,2018,Pochmurno,Zderzenie pojazdów czołowe,Pochmurno,Światło dzienne,Jezdnia,EWK-107474498W,7,2018-12-03,Nieokreślone (puste pole),22*17'518,52*10'199,GMINNA,Obszar zabudowany,Odcinek prosty,Droga gminna,Jednojezdniowa dwukierunkowa,N,POWIAT SIEDLCE,SIEDLCE - OBSZAR MIEJSKI
1,0,1,2018,Pochmurno,Zderzenie pojazdów czołowe,Pochmurno,Światło dzienne,Jezdnia,EWK-107479386Q,7,2018-12-05,Lekko,22*15'115,52*15'335,GMINNA,Obszar zabudowany,,Droga gminna,Jednojezdniowa dwukierunkowa,N,POWIAT SIEDLECKI,SUCHOŻEBRY - OBSZAR WIEJSKI
1,0,0,2018,Pochmurno,Zderzenie pojazdów czołowe,Pochmurno,Światło dzienne,Jezdnia,EWK-107479386Q,7,2018-12-05,Nieokreślone (puste pole),22*15'115,52*15'335,GMINNA,Obszar zabudowany,,Droga gminna,Jednojezdniowa dwukierunkowa,N,POWIAT SIEDLECKI,SUCHOŻEBRY - OBSZAR WIEJSKI
1,1,0,2018,Pochmurno,Zderzenie pojazdów czołowe,Pochmurno,Światło dzienne,Jezdnia,EWK-107482431D,12,2018-12-06,Nieokreślone (puste pole),21*32'350,51*59'413,17,Obszar zabudowany,Odcinek prosty,Droga krajowa,Jednojezdniowa dwukierunkowa,N,POWIAT GARWOLIŃSKI,PILAWA - OBSZAR WIEJSKI
1,0,1,2018,Pochmurno,Zderzenie pojazdów czołowe,Pochmurno,Światło dzienne,Jezdnia,EWK-107519404J,9,2018-12-21,Lekko,20*22'065,52*05'241,GMINNA,Obszar zabudowany,Wzniesienie,Droga gminna,Jednojezdniowa dwukierunkowa,T,POWIAT ŻYRARDOWSKI,WISKITKI - OBSZAR WIEJSKI
1,0,0,2018,Pochmurno,Zderzenie pojazdów czołowe,Pochmurno,Światło dzienne,Jezdnia,EWK-107519404J,9,2018-12-21,Nieokreślone (puste pole),20*22'065,52*05'241,GMINNA,Obszar zabudowany,Wzniesienie,Droga gminna,Jednojezdniowa dwukierunkowa,T,POWIAT ŻYRARDOWSKI,WISKITKI - OBSZAR WIEJSKI
1,0,1,2018,Pochmurno,Zderzenie pojazdów czołowe,Pochmurno,"Świt, zmrok",Jezdnia,EWK-106790797R,7,2018-03-07,Lekko,19*51'561,53*02'293,P4620W,Obszar zabudowany,"Zakręt, łuk",Droga powiatowa,Jednojezdniowa dwukierunkowa,N,POWIAT ŻUROMIŃSKI,ŻUROMIN - OBSZAR WIEJSKI
1,0,0,2018,Pochmurno,Zderzenie pojazdów czołowe,Pochmurno,"Świt, zmrok",Jezdnia,EWK-106790797R,7,2018-03-07,Nieokreślone (puste pole),19*51'561,53*02'293,P4620W,Obszar zabudowany,"Zakręt, łuk",Droga powiatowa,Jednojezdniowa dwukierunkowa,N,POWIAT ŻUROMIŃSKI,ŻUROMIN - OBSZAR WIEJSKI
1,0,1,2018,Pochmurno,Zderzenie pojazdów tylne,Pochmurno,Noc - droga nieoświetlona,Jezdnia,EWK-106654078J,20,2018-01-02,Ciężko,21*15'478,51*23'471,12,Obszar niezabudowany,Odcinek prosty,Droga krajowa,Jednojezdniowa dwukierunkowa,N,POWIAT RADOMSKI,GÓZD - OBSZAR WIEJSKI
1,0,1,2018,Pochmurno,Zderzenie pojazdów tylne,Pochmurno,Noc - droga nieoświetlona,Jezdnia,EWK-106654078J,20,2018-01-02,Lekko,21*15'478,51*23'471,12,Obszar niezabudowany,Odcinek prosty,Droga krajowa,Jednojezdniowa dwukierunkowa,N,POWIAT RADOMSKI,GÓZD - OBSZAR WIEJSKI
1,0,0,2018,Pochmurno,Zderzenie pojazdów tylne,Pochmurno,Noc - droga nieoświetlona,Jezdnia,EWK-106654078J,20,2018-01-02,Nieokreślone (puste pole),21*15'478,51*23'471,12,Obszar niezabudowany,Odcinek prosty,Droga krajowa,Jednojezdniowa dwukierunkowa,N,POWIAT RADOMSKI,GÓZD - OBSZAR WIEJSKI
1,0,1,2018,Pochmurno,Zderzenie pojazdów tylne,Pochmurno,Noc - droga nieoświetlona,Jezdnia,EWK-106692889L,16,2018-01-24,Lekko,21*03'435,51*14'549,727,Obszar niezabudowany,Odcinek prosty,Droga wojewódzka,Jednojezdniowa dwukierunkowa,N,POWIAT RADOMSKI,WIERZBICA - OBSZAR WIEJSKI
1,0,0,2018,Pochmurno,Zderzenie pojazdów tylne,Pochmurno,Noc - droga nieoświetlona,Jezdnia,EWK-106692889L,16,2018-01-24,Nieokreślone (puste pole),21*03'435,51*14'549,727,Obszar niezabudowany,Odcinek prosty,Droga wojewódzka,Jednojezdniowa dwukierunkowa,N,POWIAT RADOMSKI,WIERZBICA - OBSZAR WIEJSKI
1,0,1,2018,Pochmurno,Zderzenie pojazdów tylne,Pochmurno,Noc - droga nieoświetlona,Jezdnia,EWK-106716400J,4,2018-02-06,Lekko,21*05'050,52*50'345,57,Obszar niezabudowany,Odcinek prosty,Droga krajowa,Jednojezdniowa dwukierunkowa,N,POWIAT MAKOWSKI,SZELKÓW - OBSZAR WIEJSKI
1,0,0,2018,Pochmurno,Zderzenie pojazdów tylne,Pochmurno,Noc - droga nieoświetlona,Jezdnia,EWK-106716400J,4,2018-02-06,Nieokreślone (puste pole),21*05'050,52*50'345,57,Obszar niezabudowany,Odcinek prosty,Droga krajowa,Jednojezdniowa dwukierunkowa,N,POWIAT MAKOWSKI,SZELKÓW - OBSZAR WIEJSKI
1,0,2,2018,Pochmurno,Zderzenie pojazdów tylne,Pochmurno,Noc - droga nieoświetlona,Jezdnia,EWK-107239246F,20,2018-08-28,Lekko,21*31'127,52*55'565,2569W,Obszar niezabudowany,Odcinek prosty,Droga powiatowa,Jednojezdniowa dwukierunkowa,T,POWIAT OSTROŁĘCKI,GOWOROWO - OBSZAR WIEJSKI
1,0,2,2018,Pochmurno,Zderzenie pojazdów tylne,Pochmurno,Noc - droga nieoświetlona,Jezdnia,EWK-107391719X,20,2018-10-20,Lekko,19*46'366,52*31'525,62,Obszar zabudowany,Odcinek prosty,Droga krajowa,Jednojezdniowa dwukierunkowa,T,POWIAT PŁOCK,PŁOCK - OBSZAR MIEJSKI
1,0,0,2018,Pochmurno,Zderzenie pojazdów tylne,Pochmurno,Noc - droga nieoświetlona,Jezdnia,EWK-107391719X,20,2018-10-20,Nieokreślone (puste pole),19*46'366,52*31'525,62,Obszar zabudowany,Odcinek prosty,Droga krajowa,Jednojezdniowa dwukierunkowa,T,POWIAT PŁOCK,PŁOCK - OBSZAR MIEJSKI
1,0,1,2018,Pochmurno,Zderzenie pojazdów tylne,Pochmurno,Noc - droga nieoświetlona,Jezdnia,EWK-107512560W,6,2018-12-19,Lekko,19*46'375,52*31'523,62,Obszar zabudowany,,Droga krajowa,Jednojezdniowa dwukierunkowa,N,POWIAT PŁOCK,PŁOCK - OBSZAR MIEJSKI
1,0,0,2018,Pochmurno,Zderzenie pojazdów tylne,Pochmurno,Noc - droga nieoświetlona,Jezdnia,EWK-107512560W,6,2018-12-19,Nieokreślone (puste pole),19*46'375,52*31'523,62,Obszar zabudowany,,Droga krajowa,Jednojezdniowa dwukierunkowa,N,POWIAT PŁOCK,PŁOCK - OBSZAR MIEJSKI
1,0,1,2018,Pochmurno,Zderzenie pojazdów tylne,Pochmurno,Noc - droga nieoświetlona,Jezdnia,EWK-107515105A,16,2018-12-19,Lekko,21*33'176,52*52'047,60,Obszar zabudowany,,Droga krajowa,Jednojezdniowa dwukierunkowa,N,POWIAT OSTROŁĘCKI,GOWOROWO - OBSZAR WIEJSKI
1,0,0,2018,Pochmurno,Zderzenie pojazdów tylne,Pochmurno,Noc - droga nieoświetlona,Jezdnia,EWK-107515105A,16,2018-12-19,Nieokreślone (puste pole),21*33'176,52*52'047,60,Obszar zabudowany,,Droga krajowa,Jednojezdniowa dwukierunkowa,N,POWIAT OSTROŁĘCKI,GOWOROWO - OBSZAR WIEJSKI
1,0,2,2018,Pochmurno,Zderzenie pojazdów tylne,Pochmurno,Noc - droga oświetlona,Jezdnia,EWK-106656708F,23,2018-01-03,Ciężko,21*08'276,51*24'209,P5305W,Obszar zabudowany,Odcinek prosty,Droga powiatowa,Jednojezdniowa dwukierunkowa,N,POWIAT RADOM,RADOM - OBSZAR MIEJSKI
1,0,1,2018,Pochmurno,Zderzenie pojazdów tylne,Pochmurno,Noc - droga oświetlona,Jezdnia,EWK-106656708F,23,2018-01-03,Lekko,21*08'276,51*24'209,P5305W,Obszar zabudowany,Odcinek prosty,Droga powiatowa,Jednojezdniowa dwukierunkowa,N,POWIAT RADOM,RADOM - OBSZAR MIEJSKI
1,0,1,2018,Pochmurno,Zderzenie pojazdów tylne,Pochmurno,Noc - droga oświetlona,Jezdnia,EWK-107414960G,19,2018-10-29,Lekko,21*19'580,51*25'437,699,Obszar zabudowany,Odcinek prosty,Droga wojewódzka,Jednojezdniowa dwukierunkowa,N,POWIAT RADOMSKI,JEDLNIA-LETNISKO - OBSZAR WIEJSKI
1,0,0,2018,Pochmurno,Zderzenie pojazdów tylne,Pochmurno,Noc - droga oświetlona,Jezdnia,EWK-107414960G,19,2018-10-29,Nieokreślone (puste pole),21*19'580,51*25'437,699,Obszar zabudowany,Odcinek prosty,Droga wojewódzka,Jednojezdniowa dwukierunkowa,N,POWIAT RADOMSKI,JEDLNIA-LETNISKO - OBSZAR WIEJSKI
1,0,1,2018,Pochmurno,Zderzenie pojazdów tylne,Pochmurno,Światło dzienne,Jezdnia,EWK-106661988L,10,2018-01-05,Ciężko,20*10'542,52*23'175,50,Obszar niezabudowany,Odcinek prosty,Droga krajowa,Jednojezdniowa dwukierunkowa,N,POWIAT PŁOCKI,WYSZOGRÓD - OBSZAR WIEJSKI
1,0,0,2018,Pochmurno,Zderzenie pojazdów tylne,Pochmurno,Światło dzienne,Jezdnia,EWK-106661988L,10,2018-01-05,Nieokreślone (puste pole),20*10'542,52*23'175,50,Obszar niezabudowany,Odcinek prosty,Droga krajowa,Jednojezdniowa dwukierunkowa,N,POWIAT PŁOCKI,WYSZOGRÓD - OBSZAR WIEJSKI
1,0,1,2018,Pochmurno,Zderzenie pojazdów tylne,Pochmurno,Światło dzienne,Jezdnia,EWK-106677903K,14,2018-01-16,Lekko,20*49'554,51*52'337,50,Obszar niezabudowany,Odcinek prosty,Droga krajowa,Jednojezdniowa dwukierunkowa,N,POWIAT GRÓJECKI,GRÓJEC - OBSZAR WIEJSKI
1,0,0,2018,Pochmurno,Zderzenie pojazdów tylne,Pochmurno,Światło dzienne,Jezdnia,EWK-106677903K,14,2018-01-16,Nieokreślone (puste pole),20*49'554,51*52'337,50,Obszar niezabudowany,Odcinek prosty,Droga krajowa,Jednojezdniowa dwukierunkowa,N,POWIAT GRÓJECKI,GRÓJEC - OBSZAR WIEJSKI
1,0,1,2018,Pochmurno,Zderzenie pojazdów tylne,Pochmurno,Światło dzienne,Jezdnia,EWK-106709965L,9,2018-02-02,Lekko,21*22'368,51*22'440,12,Obszar zabudowany,Odcinek prosty,Droga krajowa,Jednojezdniowa dwukierunkowa,N,POWIAT RADOMSKI,GÓZD - OBSZAR WIEJSKI
1,0,0,2018,Pochmurno,Zderzenie pojazdów tylne,Pochmurno,Światło dzienne,Jezdnia,EWK-106709965L,9,2018-02-02,Nieokreślone (puste pole),21*22'368,51*22'440,12,Obszar zabudowany,Odcinek prosty,Droga krajowa,Jednojezdniowa dwukierunkowa,N,POWIAT RADOMSKI,GÓZD - OBSZAR WIEJSKI
1,0,1,2018,Pochmurno,Zderzenie pojazdów tylne,Pochmurno,Światło dzienne,Jezdnia,EWK-106739706T,16,2018-02-16,Lekko,21*06'112,51*23'355,7,Obszar zabudowany,,Droga krajowa,Jednojezdniowa dwukierunkowa,N,POWIAT RADOM,RADOM - OBSZAR MIEJSKI
1,0,0,2018,Pochmurno,Zderzenie pojazdów tylne,Pochmurno,Światło dzienne,Jezdnia,EWK-106739706T,16,2018-02-16,Nieokreślone (puste pole),21*06'112,51*23'355,7,Obszar zabudowany,,Droga krajowa,Jednojezdniowa dwukierunkowa,N,POWIAT RADOM,RADOM - OBSZAR MIEJSKI
1,0,1,2018,Pochmurno,Zderzenie pojazdów tylne,Pochmurno,Światło dzienne,Jezdnia,EWK-106792045J,14,2018-03-07,Lekko,21*06'388,51*55'390,50,Obszar niezabudowany,,Droga krajowa,Jednojezdniowa dwukierunkowa,N,POWIAT GRÓJECKI,CHYNÓW - OBSZAR WIEJSKI
1,0,0,2018,Pochmurno,Zderzenie pojazdów tylne,Pochmurno,Światło dzienne,Jezdnia,EWK-106792045J,14,2018-03-07,Nieokreślone (puste pole),21*06'388,51*55'390,50,Obszar niezabudowany,,Droga krajowa,Jednojezdniowa dwukierunkowa,N,POWIAT GRÓJECKI,CHYNÓW - OBSZAR WIEJSKI
1,0,1,2018,Pochmurno,Zderzenie pojazdów tylne,Pochmurno,Światło dzienne,Jezdnia,EWK-107000213A,6,2018-06-11,Ciężko,19*41'482,52*51'063,10,Obszar niezabudowany,Odcinek prosty,Droga krajowa,Jednojezdniowa dwukierunkowa,N,POWIAT SIERPECKI,SIERPC - OBSZAR WIEJSKI
1,1,0,2018,Pochmurno,Zderzenie pojazdów tylne,Pochmurno,Światło dzienne,Jezdnia,EWK-107000213A,6,2018-06-11,Nieokreślone (puste pole),19*41'482,52*51'063,10,Obszar niezabudowany,Odcinek prosty,Droga krajowa,Jednojezdniowa dwukierunkowa,N,POWIAT SIERPECKI,SIERPC - OBSZAR WIEJSKI
1,0,1,2018,Pochmurno,Zderzenie pojazdów tylne,Pochmurno,Światło dzienne,Jezdnia,EWK-107092047T,14,2018-07-01,Lekko,21*10'191,51*21'510,G530197W,Obszar zabudowany,,Droga gminna,Jednojezdniowa dwukierunkowa,N,POWIAT RADOM,RADOM - OBSZAR MIEJSKI
1,0,0,2018,Pochmurno,Zderzenie pojazdów tylne,Pochmurno,Światło dzienne,Jezdnia,EWK-107092047T,14,2018-07-01,Nieokreślone (puste pole),21*10'191,51*21'510,G530197W,Obszar zabudowany,,Droga gminna,Jednojezdniowa dwukierunkowa,N,POWIAT RADOM,RADOM - OBSZAR MIEJSKI
1,0,1,2018,Pochmurno,Zderzenie pojazdów tylne,Pochmurno,Światło dzienne,Jezdnia,EWK-107110366C,8,2018-07-12,Lekko,21*06'506,51*30'556,7,Obszar niezabudowany,,Droga krajowa,Dwie jezdnie jednokierunkowe,N,POWIAT RADOMSKI,JEDLIŃSK - OBSZAR WIEJSKI
1,0,0,2018,Pochmurno,Zderzenie pojazdów tylne,Pochmurno,Światło dzienne,Jezdnia,EWK-107110366C,8,2018-07-12,Nieokreślone (puste pole),21*06'506,51*30'556,7,Obszar niezabudowany,,Droga krajowa,Dwie jezdnie jednokierunkowe,N,POWIAT RADOMSKI,JEDLIŃSK - OBSZAR WIEJSKI
1,0,1,2018,Pochmurno,Zderzenie pojazdów tylne,Pochmurno,Światło dzienne,Jezdnia,EWK-107233980U,5,2018-08-25,Ciężko,20*51'387,51*53'490,7,Obszar niezabudowany,Odcinek prosty,Droga krajowa,Ekspresowa,N,POWIAT GRÓJECKI,GRÓJEC - OBSZAR WIEJSKI
1,0,0,2018,Pochmurno,Zderzenie pojazdów tylne,Pochmurno,Światło dzienne,Jezdnia,EWK-107233980U,5,2018-08-25,Nieokreślone (puste pole),20*51'387,51*53'490,7,Obszar niezabudowany,Odcinek prosty,Droga krajowa,Ekspresowa,N,POWIAT GRÓJECKI,GRÓJEC - OBSZAR WIEJSKI
1,0,1,2018,Pochmurno,Zderzenie pojazdów tylne,Pochmurno,Światło dzienne,Jezdnia,EWK-107341038X,12,2018-10-03,Lekko,21*07'301,51*24'242,P5347W,Obszar zabudowany,"Zakręt, łuk",Droga powiatowa,Jednojezdniowa dwukierunkowa,N,POWIAT RADOM,RADOM - OBSZAR MIEJSKI
1,0,0,2018,Pochmurno,Zderzenie pojazdów tylne,Pochmurno,Światło dzienne,Jezdnia,EWK-107341038X,12,2018-10-03,Nieokreślone (puste pole),21*07'301,51*24'242,P5347W,Obszar zabudowany,"Zakręt, łuk",Droga powiatowa,Jednojezdniowa dwukierunkowa,N,POWIAT RADOM,RADOM - OBSZAR MIEJSKI
1,0,1,2018,Pochmurno,Zderzenie pojazdów tylne,Pochmurno,Światło dzienne,Jezdnia,EWK-107341061X,15,2018-10-03,Lekko,21*08'291,51*24'233,P5305W,Obszar zabudowany,Odcinek prosty,Droga powiatowa,Jednojezdniowa dwukierunkowa,N,POWIAT RADOM,RADOM - OBSZAR MIEJSKI
1,0,0,2018,Pochmurno,Zderzenie pojazdów tylne,Pochmurno,Światło dzienne,Jezdnia,EWK-107341061X,15,2018-10-03,Nieokreślone (puste pole),21*08'291,51*24'233,P5305W,Obszar zabudowany,Odcinek prosty,Droga powiatowa,Jednojezdniowa dwukierunkowa,N,POWIAT RADOM,RADOM - OBSZAR MIEJSKI
1,0,1,2018,Pochmurno,Zderzenie pojazdów tylne,Pochmurno,Światło dzienne,Jezdnia,EWK-107398894A,8,2018-10-24,Lekko,21*36'340,51*51'592,,Obszar niezabudowany,Odcinek prosty,Nieokreślone (puste pole),Jednojezdniowa dwukierunkowa,N,POWIAT GARWOLIŃSKI,GARWOLIN - OBSZAR WIEJSKI
1,0,0,2018,Pochmurno,Zderzenie pojazdów tylne,Pochmurno,Światło dzienne,Jezdnia,EWK-107398894A,8,2018-10-24,Nieokreślone (puste pole),21*36'340,51*51'592,,Obszar niezabudowany,Odcinek prosty,Nieokreślone (puste pole),Jednojezdniowa dwukierunkowa,N,POWIAT GARWOLIŃSKI,GARWOLIN - OBSZAR WIEJSKI
1,0,2,2018,Pochmurno,Zderzenie pojazdów tylne,Pochmurno,Światło dzienne,Jezdnia,EWK-107442479A,8,2018-11-15,Lekko,21*33'176,51*41'275,,Obszar zabudowany,Odcinek prosty,Nieokreślone (puste pole),Jednojezdniowa dwukierunkowa,N,POWIAT GARWOLIŃSKI,MACIEJOWICE - OBSZAR WIEJSKI
1,0,0,2018,Pochmurno,Zderzenie pojazdów tylne,Pochmurno,Światło dzienne,Jezdnia,EWK-107442479A,8,2018-11-15,Nieokreślone (puste pole),21*33'176,51*41'275,,Obszar zabudowany,Odcinek prosty,Nieokreślone (puste pole),Jednojezdniowa dwukierunkowa,N,POWIAT GARWOLIŃSKI,MACIEJOWICE - OBSZAR WIEJSKI
1,0,1,2018,Pochmurno,Zderzenie pojazdów tylne,Pochmurno,Światło dzienne,Jezdnia,EWK-107497711F,7,2018-12-14,Lekko,21*06'167,51*24'102,G530326W,Obszar zabudowany,Odcinek prosty,Droga gminna,Jednojezdniowa dwukierunkowa,N,POWIAT RADOM,RADOM - OBSZAR MIEJSKI
1,0,0,2018,Pochmurno,Zderzenie pojazdów tylne,Pochmurno,Światło dzienne,Jezdnia,EWK-107497711F,7,2018-12-14,Nieokreślone (puste pole),21*06'167,51*24'102,G530326W,Obszar zabudowany,Odcinek prosty,Droga gminna,Jednojezdniowa dwukierunkowa,N,POWIAT RADOM,RADOM - OBSZAR MIEJSKI
1,0,1,2018,Pochmurno,Zderzenie pojazdów tylne,Pochmurno,Światło dzienne,Jezdnia,EWK-107500032T,9,2018-12-07,Lekko,21*08'492,51*23'297,12,Obszar zabudowany,,Droga krajowa,Dwie jezdnie jednokierunkowe,N,POWIAT RADOM,RADOM - OBSZAR MIEJSKI
1,0,0,2018,Pochmurno,Zderzenie pojazdów tylne,Pochmurno,Światło dzienne,Jezdnia,EWK-107500032T,9,2018-12-07,Nieokreślone (puste pole),21*08'492,51*23'297,12,Obszar zabudowany,,Droga krajowa,Dwie jezdnie jednokierunkowe,N,POWIAT RADOM,RADOM - OBSZAR MIEJSKI
1,0,1,2018,Pochmurno,Zderzenie pojazdów tylne,Pochmurno,Światło dzienne,Jezdnia,EWK-107507292E,13,2018-12-17,Lekko,21*08'282,51*23'471,G530096W,Obszar zabudowany,,Droga gminna,Dwie jezdnie jednokierunkowe,N,POWIAT RADOM,RADOM - OBSZAR MIEJSKI
1,0,0,2018,Pochmurno,Zderzenie pojazdów tylne,Pochmurno,Światło dzienne,Jezdnia,EWK-107507292E,13,2018-12-17,Nieokreślone (puste pole),21*08'282,51*23'471,G530096W,Obszar zabudowany,,Droga gminna,Dwie jezdnie jednokierunkowe,N,POWIAT RADOM,RADOM - OBSZAR MIEJSKI
1,0,2,2018,Pochmurno,Zderzenie pojazdów tylne,Pochmurno,Światło dzienne,Jezdnia,EWK-107552586P,13,2018-12-31,Lekko,21*8''580,51*25'443,7,Obszar zabudowany,Odcinek prosty,Droga krajowa,Dwie jezdnie jednokierunkowe,N,POWIAT RADOM,RADOM - OBSZAR MIEJSKI