Liczba wypadków,Liczba zabitych,Liczba rannych,Rok,Warunki atmosferyczne,Rodzaj zdarzenia,Warunki atmosferyczne,Oświetlenie,Charakterystyka miejsca zdarzenia,IDKSIP zdarzenia,Godzina,Dzień,Ranny,GPS x,GPS y,Numer drogi,Obszar,Geometria drogi,Kategoria drogi 1,Rodzaj drogi,Czy w zdarzeniu był sprawca nietrzeźwy,Powiat,Gmina
1,0,1,2018,Pochmurno,Zderzenie pojazdów tylne,Pochmurno,Światło dzienne,"Wjazd, wyjazd z posesji, pola",EWK-107309536J,13,2018-09-25,Lekko,19*40'531,52*31'462,62,Obszar zabudowany,Odcinek prosty,Droga krajowa,Jednojezdniowa dwukierunkowa,N,POWIAT PŁOCK,PŁOCK - OBSZAR MIEJSKI
1,0,0,2018,Pochmurno,Zderzenie pojazdów tylne,Pochmurno,Światło dzienne,"Wjazd, wyjazd z posesji, pola",EWK-107309536J,13,2018-09-25,Nieokreślone (puste pole),19*40'531,52*31'462,62,Obszar zabudowany,Odcinek prosty,Droga krajowa,Jednojezdniowa dwukierunkowa,N,POWIAT PŁOCK,PŁOCK - OBSZAR MIEJSKI
1,0,1,2018,Pochmurno,Zderzenie pojazdów tylne,Pochmurno,"Świt, zmrok",Jezdnia,EWK-107435310E,16,2018-11-09,Lekko,21*13'308,51*07'215,9,Obszar niezabudowany,Odcinek prosty,Droga krajowa,Jednojezdniowa dwukierunkowa,N,POWIAT RADOMSKI,IŁŻA - OBSZAR WIEJSKI
1,0,0,2018,Pochmurno,Zderzenie pojazdów tylne,Pochmurno,"Świt, zmrok",Jezdnia,EWK-107435310E,16,2018-11-09,Nieokreślone (puste pole),21*13'308,51*07'215,9,Obszar niezabudowany,Odcinek prosty,Droga krajowa,Jednojezdniowa dwukierunkowa,N,POWIAT RADOMSKI,IŁŻA - OBSZAR WIEJSKI
1,0,1,2018,Pochmurno,Zderzenie pojazdów tylne,Pochmurno,"Świt, zmrok",Jezdnia,EWK-107497141W,15,2018-12-13,Lekko,21*06'414,51*23'568,7,Obszar zabudowany,Odcinek prosty,Droga krajowa,Jednojezdniowa dwukierunkowa,N,POWIAT RADOM,RADOM - OBSZAR MIEJSKI
1,0,0,2018,Pochmurno,Zderzenie pojazdów tylne,Pochmurno,"Świt, zmrok",Jezdnia,EWK-107497141W,15,2018-12-13,Nieokreślone (puste pole),21*06'414,51*23'568,7,Obszar zabudowany,Odcinek prosty,Droga krajowa,Jednojezdniowa dwukierunkowa,N,POWIAT RADOM,RADOM - OBSZAR MIEJSKI
1,0,2,2018,"Pochmurno; Mgła, dym",Zderzenie pojazdów czołowe,"Pochmurno; Mgła, dym",Światło dzienne,Jezdnia,EWK-107439182Q,11,2018-11-11,Lekko,20*55'579,51*51'571,G160524W,Obszar zabudowany,,Droga gminna,Jednojezdniowa dwukierunkowa,N,POWIAT GRÓJECKI,GRÓJEC - OBSZAR WIEJSKI
1,0,0,2018,"Pochmurno; Mgła, dym",Zderzenie pojazdów czołowe,"Pochmurno; Mgła, dym",Światło dzienne,Jezdnia,EWK-107439182Q,11,2018-11-11,Nieokreślone (puste pole),20*55'579,51*51'571,G160524W,Obszar zabudowany,,Droga gminna,Jednojezdniowa dwukierunkowa,N,POWIAT GRÓJECKI,GRÓJEC - OBSZAR WIEJSKI
1,0,1,2018,"Pochmurno; Mgła, dym",Zderzenie pojazdów czołowe,"Pochmurno; Mgła, dym","Świt, zmrok",Jezdnia,EWK-107436640C,5,2018-11-11,Lekko,21*20'380,51*22'562,12,Obszar niezabudowany,Odcinek prosty,Droga krajowa,Jednojezdniowa dwukierunkowa,N,POWIAT RADOMSKI,GÓZD - OBSZAR WIEJSKI
1,0,0,2018,"Pochmurno; Mgła, dym",Zderzenie pojazdów czołowe,"Pochmurno; Mgła, dym","Świt, zmrok",Jezdnia,EWK-107436640C,5,2018-11-11,Nieokreślone (puste pole),21*20'380,51*22'562,12,Obszar niezabudowany,Odcinek prosty,Droga krajowa,Jednojezdniowa dwukierunkowa,N,POWIAT RADOMSKI,GÓZD - OBSZAR WIEJSKI
1,0,1,2018,"Pochmurno; Mgła, dym",Zderzenie pojazdów tylne,"Pochmurno; Mgła, dym","Świt, zmrok",Jezdnia,EWK-107431398L,5,2018-11-09,Ciężko,21*11'370,51*14'227,P3542W,Obszar zabudowany,Odcinek prosty,Droga powiatowa,Jednojezdniowa dwukierunkowa,N,POWIAT RADOMSKI,SKARYSZEW - OBSZAR WIEJSKI
1,0,0,2018,"Pochmurno; Mgła, dym",Zderzenie pojazdów tylne,"Pochmurno; Mgła, dym","Świt, zmrok",Jezdnia,EWK-107431398L,5,2018-11-09,Nieokreślone (puste pole),21*11'370,51*14'227,P3542W,Obszar zabudowany,Odcinek prosty,Droga powiatowa,Jednojezdniowa dwukierunkowa,N,POWIAT RADOMSKI,SKARYSZEW - OBSZAR WIEJSKI
1,0,1,2018,Pochmurno; Opady deszczu,Inne,Pochmurno; Opady deszczu,Światło dzienne,"Skarpa, rów",EWK-107002511F,8,2018-06-12,Lekko,21*1''557,51*34'321,GMINNA,Obszar niezabudowany,"Zakręt, łuk",Droga gminna,Jednojezdniowa dwukierunkowa,N,POWIAT BIAŁOBRZESKI,STARA BŁOTNICA - OBSZAR WIEJSKI
1,0,0,2018,Pochmurno; Opady deszczu,Inne,Pochmurno; Opady deszczu,Światło dzienne,"Skarpa, rów",EWK-107002511F,8,2018-06-12,Nieokreślone (puste pole),21*1''557,51*34'321,GMINNA,Obszar niezabudowany,"Zakręt, łuk",Droga gminna,Jednojezdniowa dwukierunkowa,N,POWIAT BIAŁOBRZESKI,STARA BŁOTNICA - OBSZAR WIEJSKI
1,0,2,2018,Pochmurno; Opady deszczu,Najechanie na drzewo,Pochmurno; Opady deszczu,Noc - droga oświetlona,Jezdnia,EWK-106735539Y,23,2018-02-14,Ciężko,19*42'158,52*32'225,P5222W,Obszar zabudowany,Odcinek prosty,Droga powiatowa,Jednokierunkowa,N,POWIAT PŁOCK,PŁOCK - OBSZAR MIEJSKI
1,0,1,2018,Pochmurno; Opady deszczu,Najechanie na drzewo,Pochmurno; Opady deszczu,Światło dzienne,Jezdnia,EWK-107487847A,7,2018-12-09,Lekko,21*24'047,51*12'432,,Obszar zabudowany,Odcinek prosty,Nieokreślone (puste pole),Jednojezdniowa dwukierunkowa,N,POWIAT RADOMSKI,IŁŻA - OBSZAR WIEJSKI
1,0,1,2018,Pochmurno; Opady deszczu,Najechanie na drzewo,Pochmurno; Opady deszczu,"Świt, zmrok",Jezdnia,EWK-106867185G,18,2018-04-01,Ciężko,21*30'065,53*01'529,GMINNA,Obszar zabudowany,Odcinek prosty,Droga gminna,Jednojezdniowa dwukierunkowa,T,POWIAT OSTROŁĘCKI,OLSZEWO-BORKI - OBSZAR WIEJSKI
1,0,1,2018,Pochmurno; Opady deszczu,Najechanie na drzewo,Pochmurno; Opady deszczu,"Świt, zmrok",Pobocze,EWK-106952919G,19,2018-05-17,Ciężko,19*38'499,52*34'261,6905W,Obszar zabudowany,Odcinek prosty,Droga powiatowa,Jednojezdniowa dwukierunkowa,N,POWIAT PŁOCK,PŁOCK - OBSZAR MIEJSKI
1,0,1,2018,Pochmurno; Opady deszczu,Najechanie na pieszego,Pochmurno; Opady deszczu,Noc - droga nieoświetlona,Przejście dla pieszych,EWK-106656080Y,16,2018-01-03,Ciężko,20*51'496,51*52'536,P1647W,Obszar niezabudowany,Odcinek prosty,Droga powiatowa,Jednojezdniowa dwukierunkowa,N,POWIAT GRÓJECKI,GRÓJEC - OBSZAR MIEJSKI
1,0,0,2018,Pochmurno; Opady deszczu,Najechanie na pieszego,Pochmurno; Opady deszczu,Noc - droga nieoświetlona,Przejście dla pieszych,EWK-106656080Y,16,2018-01-03,Nieokreślone (puste pole),20*51'496,51*52'536,P1647W,Obszar niezabudowany,Odcinek prosty,Droga powiatowa,Jednojezdniowa dwukierunkowa,N,POWIAT GRÓJECKI,GRÓJEC - OBSZAR MIEJSKI
1,0,1,2018,Pochmurno; Opady deszczu,Najechanie na pieszego,Pochmurno; Opady deszczu,Noc - droga nieoświetlona,Przejście dla pieszych,EWK-107488528P,6,2018-12-10,Ciężko,21*15'429,51*23'257,P3528W,Obszar zabudowany,,Droga powiatowa,Jednojezdniowa dwukierunkowa,N,POWIAT RADOMSKI,GÓZD - OBSZAR WIEJSKI
1,0,0,2018,Pochmurno; Opady deszczu,Najechanie na pieszego,Pochmurno; Opady deszczu,Noc - droga nieoświetlona,Przejście dla pieszych,EWK-107488528P,6,2018-12-10,Nieokreślone (puste pole),21*15'429,51*23'257,P3528W,Obszar zabudowany,,Droga powiatowa,Jednojezdniowa dwukierunkowa,N,POWIAT RADOMSKI,GÓZD - OBSZAR WIEJSKI
1,0,1,2018,Pochmurno; Opady deszczu,Najechanie na pieszego,Pochmurno; Opady deszczu,Noc - droga oświetlona,Przejście dla pieszych,EWK-106656994G,17,2018-01-03,Ciężko,21*35'341,53*03'573,P5101W,Obszar zabudowany,Odcinek prosty,Droga powiatowa,Jednojezdniowa dwukierunkowa,N,POWIAT OSTROŁĘKA,OSTROŁĘKA - OBSZAR MIEJSKI
1,0,0,2018,Pochmurno; Opady deszczu,Najechanie na pieszego,Pochmurno; Opady deszczu,Noc - droga oświetlona,Przejście dla pieszych,EWK-106656994G,17,2018-01-03,Nieokreślone (puste pole),21*35'341,53*03'573,P5101W,Obszar zabudowany,Odcinek prosty,Droga powiatowa,Jednojezdniowa dwukierunkowa,N,POWIAT OSTROŁĘKA,OSTROŁĘKA - OBSZAR MIEJSKI
1,0,1,2018,Pochmurno; Opady deszczu,Najechanie na pieszego,Pochmurno; Opady deszczu,Noc - droga oświetlona,Przejście dla pieszych,EWK-106702829M,6,2018-01-29,Ciężko,19*43'266,52*34'120,60,Obszar zabudowany,,Droga krajowa,Jednojezdniowa dwukierunkowa,N,POWIAT PŁOCK,PŁOCK - OBSZAR MIEJSKI
1,0,0,2018,Pochmurno; Opady deszczu,Najechanie na pieszego,Pochmurno; Opady deszczu,Noc - droga oświetlona,Przejście dla pieszych,EWK-106702829M,6,2018-01-29,Nieokreślone (puste pole),19*43'266,52*34'120,60,Obszar zabudowany,,Droga krajowa,Jednojezdniowa dwukierunkowa,N,POWIAT PŁOCK,PŁOCK - OBSZAR MIEJSKI
1,0,1,2018,Pochmurno; Opady deszczu,Najechanie na pieszego,Pochmurno; Opady deszczu,Noc - droga oświetlona,Przejście dla pieszych,EWK-107475670F,16,2018-12-03,Lekko,21*09'540,51*23'597,P5347W,Obszar zabudowany,,Droga powiatowa,Jednojezdniowa dwukierunkowa,N,POWIAT RADOM,RADOM - OBSZAR MIEJSKI
1,0,0,2018,Pochmurno; Opady deszczu,Najechanie na pieszego,Pochmurno; Opady deszczu,Noc - droga oświetlona,Przejście dla pieszych,EWK-107475670F,16,2018-12-03,Nieokreślone (puste pole),21*09'540,51*23'597,P5347W,Obszar zabudowany,,Droga powiatowa,Jednojezdniowa dwukierunkowa,N,POWIAT RADOM,RADOM - OBSZAR MIEJSKI
1,0,1,2018,Pochmurno; Opady deszczu,Najechanie na pieszego,Pochmurno; Opady deszczu,Światło dzienne,Jezdnia,EWK-107118649M,12,2018-07-16,Ciężko,21*08'140,51*23'508,P5305W,Obszar zabudowany,Odcinek prosty,Droga powiatowa,Jednojezdniowa dwukierunkowa,N,POWIAT RADOM,RADOM - OBSZAR MIEJSKI
1,0,0,2018,Pochmurno; Opady deszczu,Najechanie na pieszego,Pochmurno; Opady deszczu,Światło dzienne,Jezdnia,EWK-107118649M,12,2018-07-16,Nieokreślone (puste pole),21*08'140,51*23'508,P5305W,Obszar zabudowany,Odcinek prosty,Droga powiatowa,Jednojezdniowa dwukierunkowa,N,POWIAT RADOM,RADOM - OBSZAR MIEJSKI
1,0,1,2018,Pochmurno; Opady deszczu,Najechanie na pieszego,Pochmurno; Opady deszczu,Światło dzienne,Jezdnia,EWK-107404145Y,8,2018-10-26,Lekko,22*17'217,52*10'320,GMINNA,Obszar zabudowany,Odcinek prosty,Droga gminna,Jednojezdniowa dwukierunkowa,N,POWIAT SIEDLCE,SIEDLCE - OBSZAR MIEJSKI
1,0,0,2018,Pochmurno; Opady deszczu,Najechanie na pieszego,Pochmurno; Opady deszczu,Światło dzienne,Jezdnia,EWK-107404145Y,8,2018-10-26,Nieokreślone (puste pole),22*17'217,52*10'320,GMINNA,Obszar zabudowany,Odcinek prosty,Droga gminna,Jednojezdniowa dwukierunkowa,N,POWIAT SIEDLCE,SIEDLCE - OBSZAR MIEJSKI
1,0,1,2018,Pochmurno; Opady deszczu,Najechanie na pieszego,Pochmurno; Opady deszczu,Światło dzienne,Jezdnia,EWK-107442352E,7,2018-11-14,Ciężko,20*56'265,51*49'116,GMINNA,Obszar zabudowany,Odcinek prosty,Droga gminna,Jednojezdniowa dwukierunkowa,N,POWIAT GRÓJECKI,JASIENIEC - OBSZAR WIEJSKI
1,0,0,2018,Pochmurno; Opady deszczu,Najechanie na pieszego,Pochmurno; Opady deszczu,Światło dzienne,Jezdnia,EWK-107442352E,7,2018-11-14,Nieokreślone (puste pole),20*56'265,51*49'116,GMINNA,Obszar zabudowany,Odcinek prosty,Droga gminna,Jednojezdniowa dwukierunkowa,N,POWIAT GRÓJECKI,JASIENIEC - OBSZAR WIEJSKI
1,0,1,2018,Pochmurno; Opady deszczu,Najechanie na pieszego,Pochmurno; Opady deszczu,Światło dzienne,Przejście dla pieszych,EWK-107121047J,17,2018-07-16,Lekko,22*15'098,52*09'241,803,Obszar zabudowany,Odcinek prosty,Droga wojewódzka,Jednojezdniowa dwukierunkowa,N,POWIAT SIEDLCE,SIEDLCE - OBSZAR MIEJSKI
1,0,0,2018,Pochmurno; Opady deszczu,Najechanie na pieszego,Pochmurno; Opady deszczu,Światło dzienne,Przejście dla pieszych,EWK-107121047J,17,2018-07-16,Nieokreślone (puste pole),22*15'098,52*09'241,803,Obszar zabudowany,Odcinek prosty,Droga wojewódzka,Jednojezdniowa dwukierunkowa,N,POWIAT SIEDLCE,SIEDLCE - OBSZAR MIEJSKI
1,0,1,2018,Pochmurno; Opady deszczu,Najechanie na pieszego,Pochmurno; Opady deszczu,Światło dzienne,Przejście dla pieszych,EWK-107478301U,14,2018-12-04,Ciężko,21*07'287,51*23'100,P3564W,Obszar zabudowany,,Droga powiatowa,Jednojezdniowa dwukierunkowa,N,POWIAT RADOM,RADOM - OBSZAR MIEJSKI
1,0,0,2018,Pochmurno; Opady deszczu,Najechanie na pieszego,Pochmurno; Opady deszczu,Światło dzienne,Przejście dla pieszych,EWK-107478301U,14,2018-12-04,Nieokreślone (puste pole),21*07'287,51*23'100,P3564W,Obszar zabudowany,,Droga powiatowa,Jednojezdniowa dwukierunkowa,N,POWIAT RADOM,RADOM - OBSZAR MIEJSKI
1,0,1,2018,Pochmurno; Opady deszczu,Najechanie na pieszego,Pochmurno; Opady deszczu,Światło dzienne,Przejście dla pieszych,EWK-107484353E,11,2018-12-07,Ciężko,22*16'130,52*10'441,P,Obszar zabudowany,Odcinek prosty,Droga powiatowa,Jednojezdniowa dwukierunkowa,N,POWIAT SIEDLCE,SIEDLCE - OBSZAR MIEJSKI
1,0,0,2018,Pochmurno; Opady deszczu,Najechanie na pieszego,Pochmurno; Opady deszczu,Światło dzienne,Przejście dla pieszych,EWK-107484353E,11,2018-12-07,Nieokreślone (puste pole),22*16'130,52*10'441,P,Obszar zabudowany,Odcinek prosty,Droga powiatowa,Jednojezdniowa dwukierunkowa,N,POWIAT SIEDLCE,SIEDLCE - OBSZAR MIEJSKI
1,0,1,2018,Pochmurno; Opady deszczu,Najechanie na pieszego,Pochmurno; Opady deszczu,"Świt, zmrok",Jezdnia,EWK-107227975U,4,2018-08-11,Ciężko,21*33'220,53*05'203,53,Obszar zabudowany,Odcinek prosty,Droga krajowa,Jednojezdniowa dwukierunkowa,N,POWIAT OSTROŁĘKA,OSTROŁĘKA - OBSZAR MIEJSKI
1,0,0,2018,Pochmurno; Opady deszczu,Najechanie na pieszego,Pochmurno; Opady deszczu,"Świt, zmrok",Jezdnia,EWK-107227975U,4,2018-08-11,Nieokreślone (puste pole),21*33'220,53*05'203,53,Obszar zabudowany,Odcinek prosty,Droga krajowa,Jednojezdniowa dwukierunkowa,N,POWIAT OSTROŁĘKA,OSTROŁĘKA - OBSZAR MIEJSKI
1,0,1,2018,Pochmurno; Opady deszczu,Najechanie na pieszego,Pochmurno; Opady deszczu,"Świt, zmrok",Jezdnia,EWK-107441886X,16,2018-11-14,Lekko,21*42'211,51*11'191,P1916W,Obszar niezabudowany,Odcinek prosty,Droga powiatowa,Jednojezdniowa dwukierunkowa,N,POWIAT LIPSKI,LIPSKO - OBSZAR MIEJSKI
1,0,0,2018,Pochmurno; Opady deszczu,Najechanie na pieszego,Pochmurno; Opady deszczu,"Świt, zmrok",Jezdnia,EWK-107441886X,16,2018-11-14,Nieokreślone (puste pole),21*42'211,51*11'191,P1916W,Obszar niezabudowany,Odcinek prosty,Droga powiatowa,Jednojezdniowa dwukierunkowa,N,POWIAT LIPSKI,LIPSKO - OBSZAR MIEJSKI
1,0,1,2018,Pochmurno; Opady deszczu,Najechanie na pieszego,Pochmurno; Opady deszczu,"Świt, zmrok",Jezdnia,EWK-107486037G,7,2018-12-08,Lekko,21*04'530,52*40'093,61,Obszar zabudowany,Odcinek prosty,Droga krajowa,Jednojezdniowa dwukierunkowa,N,POWIAT PUŁTUSKI,PUŁTUSK - OBSZAR WIEJSKI
1,0,0,2018,Pochmurno; Opady deszczu,Najechanie na pieszego,Pochmurno; Opady deszczu,"Świt, zmrok",Jezdnia,EWK-107486037G,7,2018-12-08,Nieokreślone (puste pole),21*04'530,52*40'093,61,Obszar zabudowany,Odcinek prosty,Droga krajowa,Jednojezdniowa dwukierunkowa,N,POWIAT PUŁTUSKI,PUŁTUSK - OBSZAR WIEJSKI
1,1,0,2018,Pochmurno; Opady deszczu,Najechanie na pieszego,Pochmurno; Opady deszczu,"Świt, zmrok",Przejście dla pieszych,EWK-107397891E,6,2018-10-24,Nieokreślone (puste pole),21*39'327,51*44'051,807,Obszar zabudowany,Odcinek prosty,Droga wojewódzka,Jednojezdniowa dwukierunkowa,N,POWIAT GARWOLIŃSKI,SOBOLEW - OBSZAR WIEJSKI
1,0,1,2018,Pochmurno; Opady deszczu,Najechanie na pieszego,Pochmurno; Opady deszczu,"Świt, zmrok",Przejście dla pieszych,EWK-107485005U,15,2018-12-07,Lekko,21*34'567,51*21'272,12,Obszar zabudowany,,Droga krajowa,Jednojezdniowa dwukierunkowa,N,POWIAT ZWOLEŃSKI,ZWOLEŃ - OBSZAR MIEJSKI
1,0,0,2018,Pochmurno; Opady deszczu,Najechanie na pieszego,Pochmurno; Opady deszczu,"Świt, zmrok",Przejście dla pieszych,EWK-107485005U,15,2018-12-07,Nieokreślone (puste pole),21*34'567,51*21'272,12,Obszar zabudowany,,Droga krajowa,Jednojezdniowa dwukierunkowa,N,POWIAT ZWOLEŃSKI,ZWOLEŃ - OBSZAR MIEJSKI
1,0,1,2018,Pochmurno; Opady deszczu,Wywrócenie się pojazdu,Pochmurno; Opady deszczu,Światło dzienne,Jezdnia,EWK-107411770D,11,2018-10-25,Lekko,20*59'461,51*26'399,740,Obszar zabudowany,Odcinek prosty,Droga wojewódzka,Jednojezdniowa dwukierunkowa,N,POWIAT RADOMSKI,ZAKRZEW - OBSZAR WIEJSKI
1,0,1,2018,Pochmurno; Opady deszczu,Zderzenie pojazdów boczne,Pochmurno; Opady deszczu,Noc - droga oświetlona,Jezdnia,EWK-106911072M,20,2018-04-25,Lekko,21*41'147,52*31'454,G420458W,Obszar zabudowany,Odcinek prosty,Droga gminna,Jednojezdniowa dwukierunkowa,N,POWIAT WĘGROWSKI,ŁOCHÓW - OBSZAR MIEJSKI
1,0,0,2018,Pochmurno; Opady deszczu,Zderzenie pojazdów boczne,Pochmurno; Opady deszczu,Noc - droga oświetlona,Jezdnia,EWK-106911072M,20,2018-04-25,Nieokreślone (puste pole),21*41'147,52*31'454,G420458W,Obszar zabudowany,Odcinek prosty,Droga gminna,Jednojezdniowa dwukierunkowa,N,POWIAT WĘGROWSKI,ŁOCHÓW - OBSZAR MIEJSKI
1,0,1,2018,Pochmurno; Opady deszczu,Zderzenie pojazdów boczne,Pochmurno; Opady deszczu,Noc - droga oświetlona,Jezdnia,EWK-107485249Q,17,2018-12-07,Lekko,21*07'248,51*23'358,12,Obszar zabudowany,,Droga krajowa,Dwie jezdnie jednokierunkowe,N,POWIAT RADOM,RADOM - OBSZAR MIEJSKI
1,0,0,2018,Pochmurno; Opady deszczu,Zderzenie pojazdów boczne,Pochmurno; Opady deszczu,Noc - droga oświetlona,Jezdnia,EWK-107485249Q,17,2018-12-07,Nieokreślone (puste pole),21*07'248,51*23'358,12,Obszar zabudowany,,Droga krajowa,Dwie jezdnie jednokierunkowe,N,POWIAT RADOM,RADOM - OBSZAR MIEJSKI
1,0,1,2018,Pochmurno; Opady deszczu,Zderzenie pojazdów boczne,Pochmurno; Opady deszczu,Noc - droga oświetlona,Jezdnia,EWK-107554870U,21,2018-12-25,Lekko,21*48'447,51*28'251,738,Obszar zabudowany,,Droga wojewódzka,Jednojezdniowa dwukierunkowa,N,POWIAT KOZIENICKI,GNIEWOSZÓW - OBSZAR WIEJSKI
1,0,0,2018,Pochmurno; Opady deszczu,Zderzenie pojazdów boczne,Pochmurno; Opady deszczu,Noc - droga oświetlona,Jezdnia,EWK-107554870U,21,2018-12-25,Nieokreślone (puste pole),21*48'447,51*28'251,738,Obszar zabudowany,,Droga wojewódzka,Jednojezdniowa dwukierunkowa,N,POWIAT KOZIENICKI,GNIEWOSZÓW - OBSZAR WIEJSKI
1,0,1,2018,Pochmurno; Opady deszczu,Zderzenie pojazdów boczne,Pochmurno; Opady deszczu,Światło dzienne,Jezdnia,EWK-106829685P,12,2018-03-29,Lekko,22*01'066,52*23'492,P4229W,Obszar zabudowany,,Droga powiatowa,Jednojezdniowa dwukierunkowa,N,POWIAT WĘGROWSKI,WĘGRÓW - OBSZAR MIEJSKI
1,0,0,2018,Pochmurno; Opady deszczu,Zderzenie pojazdów boczne,Pochmurno; Opady deszczu,Światło dzienne,Jezdnia,EWK-106829685P,12,2018-03-29,Nieokreślone (puste pole),22*01'066,52*23'492,P4229W,Obszar zabudowany,,Droga powiatowa,Jednojezdniowa dwukierunkowa,N,POWIAT WĘGROWSKI,WĘGRÓW - OBSZAR MIEJSKI
1,0,1,2018,Pochmurno; Opady deszczu,Zderzenie pojazdów boczne,Pochmurno; Opady deszczu,Światło dzienne,Jezdnia,EWK-106913667X,18,2018-04-26,Lekko,21*09'313,51*22'531,P3539W,Obszar zabudowany,,Droga powiatowa,Dwie jezdnie jednokierunkowe,N,POWIAT RADOM,RADOM - OBSZAR MIEJSKI
1,0,0,2018,Pochmurno; Opady deszczu,Zderzenie pojazdów boczne,Pochmurno; Opady deszczu,Światło dzienne,Jezdnia,EWK-106913667X,18,2018-04-26,Nieokreślone (puste pole),21*09'313,51*22'531,P3539W,Obszar zabudowany,,Droga powiatowa,Dwie jezdnie jednokierunkowe,N,POWIAT RADOM,RADOM - OBSZAR MIEJSKI
1,0,1,2018,Pochmurno; Opady deszczu,Zderzenie pojazdów boczne,Pochmurno; Opady deszczu,Światło dzienne,Jezdnia,EWK-107171585E,15,2018-08-11,Lekko,21*14'165,51*11'347,9,Obszar zabudowany,,Droga krajowa,Jednojezdniowa dwukierunkowa,N,POWIAT RADOMSKI,IŁŻA - OBSZAR WIEJSKI
1,0,0,2018,Pochmurno; Opady deszczu,Zderzenie pojazdów boczne,Pochmurno; Opady deszczu,Światło dzienne,Jezdnia,EWK-107171585E,15,2018-08-11,Nieokreślone (puste pole),21*14'165,51*11'347,9,Obszar zabudowany,,Droga krajowa,Jednojezdniowa dwukierunkowa,N,POWIAT RADOMSKI,IŁŻA - OBSZAR WIEJSKI
1,0,2,2018,Pochmurno; Opady deszczu,Zderzenie pojazdów boczne,Pochmurno; Opady deszczu,Światło dzienne,Jezdnia,EWK-107310607K,7,2018-09-24,Lekko,21*34'376,53*07'287,GMINNA,Obszar niezabudowany,,Droga gminna,Jednojezdniowa dwukierunkowa,N,POWIAT OSTROŁĘCKI,LELIS - OBSZAR WIEJSKI
1,0,1,2018,Pochmurno; Opady deszczu,Zderzenie pojazdów boczne,Pochmurno; Opady deszczu,Światło dzienne,Jezdnia,EWK-107410571K,8,2018-10-29,Lekko,19*45'346,52*32'070,62,Obszar zabudowany,,Droga krajowa,Dwie jezdnie jednokierunkowe,N,POWIAT PŁOCK,PŁOCK - OBSZAR MIEJSKI
1,0,0,2018,Pochmurno; Opady deszczu,Zderzenie pojazdów boczne,Pochmurno; Opady deszczu,Światło dzienne,Jezdnia,EWK-107410571K,8,2018-10-29,Nieokreślone (puste pole),19*45'346,52*32'070,62,Obszar zabudowany,,Droga krajowa,Dwie jezdnie jednokierunkowe,N,POWIAT PŁOCK,PŁOCK - OBSZAR MIEJSKI
1,0,1,2018,Pochmurno; Opady deszczu,Zderzenie pojazdów boczne,Pochmurno; Opady deszczu,Światło dzienne,Jezdnia,EWK-107462291A,12,2018-11-23,Ciężko,19*52'316,53*03'003,563,Obszar zabudowany,Odcinek prosty,Droga wojewódzka,Jednojezdniowa dwukierunkowa,N,POWIAT ŻUROMIŃSKI,ŻUROMIN - OBSZAR WIEJSKI
1,0,0,2018,Pochmurno; Opady deszczu,Zderzenie pojazdów boczne,Pochmurno; Opady deszczu,Światło dzienne,Jezdnia,EWK-107462291A,12,2018-11-23,Nieokreślone (puste pole),19*52'316,53*03'003,563,Obszar zabudowany,Odcinek prosty,Droga wojewódzka,Jednojezdniowa dwukierunkowa,N,POWIAT ŻUROMIŃSKI,ŻUROMIN - OBSZAR WIEJSKI
1,0,1,2018,Pochmurno; Opady deszczu,Zderzenie pojazdów boczne,Pochmurno; Opady deszczu,Światło dzienne,Jezdnia,EWK-107540547X,14,2018-12-28,Lekko,22*18'039,52*09'074,63,Obszar zabudowany,Odcinek prosty,Droga krajowa,Jednojezdniowa dwukierunkowa,N,POWIAT SIEDLCE,SIEDLCE - OBSZAR MIEJSKI
1,0,0,2018,Pochmurno; Opady deszczu,Zderzenie pojazdów boczne,Pochmurno; Opady deszczu,Światło dzienne,Jezdnia,EWK-107540547X,14,2018-12-28,Nieokreślone (puste pole),22*18'039,52*09'074,63,Obszar zabudowany,Odcinek prosty,Droga krajowa,Jednojezdniowa dwukierunkowa,N,POWIAT SIEDLCE,SIEDLCE - OBSZAR MIEJSKI
1,0,1,2018,Pochmurno; Opady deszczu,Zderzenie pojazdów boczne,Pochmurno; Opady deszczu,"Świt, zmrok",Jezdnia,EWK-107107058P,4,2018-07-17,Ciężko,20*24'581,52*05'584,A2,Obszar niezabudowany,Odcinek prosty,Autostrada,Autostrada,N,POWIAT ŻYRARDOWSKI,WISKITKI - OBSZAR WIEJSKI
1,0,2,2018,Pochmurno; Opady deszczu,Zderzenie pojazdów boczne,Pochmurno; Opady deszczu,"Świt, zmrok",Jezdnia,EWK-107107058P,4,2018-07-17,Lekko,20*24'581,52*05'584,A2,Obszar niezabudowany,Odcinek prosty,Autostrada,Autostrada,N,POWIAT ŻYRARDOWSKI,WISKITKI - OBSZAR WIEJSKI
1,0,0,2018,Pochmurno; Opady deszczu,Zderzenie pojazdów boczne,Pochmurno; Opady deszczu,"Świt, zmrok",Jezdnia,EWK-107107058P,4,2018-07-17,Nieokreślone (puste pole),20*24'581,52*05'584,A2,Obszar niezabudowany,Odcinek prosty,Autostrada,Autostrada,N,POWIAT ŻYRARDOWSKI,WISKITKI - OBSZAR WIEJSKI