Liczba wypadków,Liczba zabitych,Liczba rannych,Rok,Warunki atmosferyczne,Rodzaj zdarzenia,Warunki atmosferyczne,Oświetlenie,Charakterystyka miejsca zdarzenia,IDKSIP zdarzenia,Godzina,Dzień,Ranny,GPS x,GPS y,Numer drogi,Obszar,Geometria drogi,Kategoria drogi 1,Rodzaj drogi,Czy w zdarzeniu był sprawca nietrzeźwy,Powiat,Gmina
1,0,1,2018,Pochmurno; Opady deszczu,Zderzenie pojazdów czołowe,Pochmurno; Opady deszczu,Światło dzienne,Jezdnia,EWK-106949581H,13,2018-05-16,Ciężko,20*33'205,52*01'337,GMINNA,Obszar zabudowany,Odcinek prosty,Droga gminna,Jednojezdniowa dwukierunkowa,N,POWIAT ŻYRARDOWSKI,RADZIEJOWICE - OBSZAR WIEJSKI
1,0,0,2018,Pochmurno; Opady deszczu,Zderzenie pojazdów czołowe,Pochmurno; Opady deszczu,Światło dzienne,Jezdnia,EWK-106949581H,13,2018-05-16,Nieokreślone (puste pole),20*33'205,52*01'337,GMINNA,Obszar zabudowany,Odcinek prosty,Droga gminna,Jednojezdniowa dwukierunkowa,N,POWIAT ŻYRARDOWSKI,RADZIEJOWICE - OBSZAR WIEJSKI
1,0,2,2018,Pochmurno; Opady deszczu,Zderzenie pojazdów czołowe,Pochmurno; Opady deszczu,Światło dzienne,Jezdnia,EWK-106952452A,9,2018-05-17,Lekko,20*17'062,52*00'174,GMINNA,Obszar zabudowany,"Zakręt, łuk",Droga gminna,Jednojezdniowa dwukierunkowa,N,POWIAT ŻYRARDOWSKI,PUSZCZA MARIAŃSKA - OBSZAR WIEJSKI
1,0,2,2018,Pochmurno; Opady deszczu,Zderzenie pojazdów czołowe,Pochmurno; Opady deszczu,Światło dzienne,Jezdnia,EWK-107079375M,6,2018-07-02,Lekko,21*24'516,53*06'349,P2583W,Obszar niezabudowany,"Zakręt, łuk",Droga powiatowa,Jednojezdniowa dwukierunkowa,N,POWIAT OSTROŁĘCKI,OLSZEWO-BORKI - OBSZAR WIEJSKI
1,0,1,2018,Pochmurno; Opady deszczu,Zderzenie pojazdów czołowe,Pochmurno; Opady deszczu,Światło dzienne,Jezdnia,EWK-107474976U,10,2018-12-03,Lekko,20*3'303,52*17'520,577,Obszar zabudowany,"Zakręt, łuk",Droga wojewódzka,Jednojezdniowa dwukierunkowa,N,POWIAT SOCHACZEWSKI,IŁÓW - OBSZAR WIEJSKI
1,0,0,2018,Pochmurno; Opady deszczu,Zderzenie pojazdów czołowe,Pochmurno; Opady deszczu,Światło dzienne,Jezdnia,EWK-107474976U,10,2018-12-03,Nieokreślone (puste pole),20*3'303,52*17'520,577,Obszar zabudowany,"Zakręt, łuk",Droga wojewódzka,Jednojezdniowa dwukierunkowa,N,POWIAT SOCHACZEWSKI,IŁÓW - OBSZAR WIEJSKI
1,0,2,2018,Pochmurno; Opady deszczu,Zderzenie pojazdów czołowe,Pochmurno; Opady deszczu,Światło dzienne,Jezdnia,EWK-107478821X,11,2018-12-04,Lekko,19*45'436,52*33'223,GMINNA,Obszar niezabudowany,"Zakręt, łuk",Droga gminna,Jednojezdniowa dwukierunkowa,N,POWIAT PŁOCKI,RADZANOWO - OBSZAR WIEJSKI
1,0,0,2018,Pochmurno; Opady deszczu,Zderzenie pojazdów czołowe,Pochmurno; Opady deszczu,Światło dzienne,Jezdnia,EWK-107478821X,11,2018-12-04,Nieokreślone (puste pole),19*45'436,52*33'223,GMINNA,Obszar niezabudowany,"Zakręt, łuk",Droga gminna,Jednojezdniowa dwukierunkowa,N,POWIAT PŁOCKI,RADZANOWO - OBSZAR WIEJSKI
1,0,1,2018,Pochmurno; Opady deszczu,Zderzenie pojazdów czołowe,Pochmurno; Opady deszczu,Światło dzienne,Przejście dla pieszych,EWK-107107748E,19,2018-07-17,Ciężko,21*33'485,51*57'250,805,Obszar zabudowany,Odcinek prosty,Droga wojewódzka,Jednojezdniowa dwukierunkowa,N,POWIAT GARWOLIŃSKI,PILAWA - OBSZAR WIEJSKI
1,0,0,2018,Pochmurno; Opady deszczu,Zderzenie pojazdów czołowe,Pochmurno; Opady deszczu,Światło dzienne,Przejście dla pieszych,EWK-107107748E,19,2018-07-17,Nieokreślone (puste pole),21*33'485,51*57'250,805,Obszar zabudowany,Odcinek prosty,Droga wojewódzka,Jednojezdniowa dwukierunkowa,N,POWIAT GARWOLIŃSKI,PILAWA - OBSZAR WIEJSKI
1,0,2,2018,Pochmurno; Opady deszczu,Zderzenie pojazdów czołowe,Pochmurno; Opady deszczu,"Świt, zmrok",Jezdnia,EWK-107502953D,17,2018-12-15,Ciężko,20*30'954,53*07'678,P4640W,Obszar niezabudowany,Odcinek prosty,Droga powiatowa,Jednojezdniowa dwukierunkowa,N,POWIAT MŁAWSKI,WIŚNIEWO - OBSZAR WIEJSKI
1,0,0,2018,Pochmurno; Opady deszczu,Zderzenie pojazdów czołowe,Pochmurno; Opady deszczu,"Świt, zmrok",Jezdnia,EWK-107502953D,17,2018-12-15,Nieokreślone (puste pole),20*30'954,53*07'678,P4640W,Obszar niezabudowany,Odcinek prosty,Droga powiatowa,Jednojezdniowa dwukierunkowa,N,POWIAT MŁAWSKI,WIŚNIEWO - OBSZAR WIEJSKI
1,0,1,2018,Pochmurno; Opady deszczu,Zderzenie pojazdów tylne,Pochmurno; Opady deszczu,Noc - droga oświetlona,Jezdnia,EWK-107304907E,4,2018-09-22,Lekko,22*10'408,52*10'411,2,Obszar zabudowany,,Droga krajowa,Jednojezdniowa dwukierunkowa,N,POWIAT SIEDLECKI,SIEDLCE - OBSZAR WIEJSKI
1,0,0,2018,Pochmurno; Opady deszczu,Zderzenie pojazdów tylne,Pochmurno; Opady deszczu,Noc - droga oświetlona,Jezdnia,EWK-107304907E,4,2018-09-22,Nieokreślone (puste pole),22*10'408,52*10'411,2,Obszar zabudowany,,Droga krajowa,Jednojezdniowa dwukierunkowa,N,POWIAT SIEDLECKI,SIEDLCE - OBSZAR WIEJSKI
1,0,1,2018,Pochmurno; Opady deszczu,Zderzenie pojazdów tylne,Pochmurno; Opady deszczu,Noc - droga oświetlona,Jezdnia,EWK-107537254R,15,2018-12-27,Lekko,19*44'348,52*32'169,60,Obszar zabudowany,Odcinek prosty,Droga krajowa,Dwie jezdnie jednokierunkowe,N,POWIAT PŁOCK,PŁOCK - OBSZAR MIEJSKI
1,0,0,2018,Pochmurno; Opady deszczu,Zderzenie pojazdów tylne,Pochmurno; Opady deszczu,Noc - droga oświetlona,Jezdnia,EWK-107537254R,15,2018-12-27,Nieokreślone (puste pole),19*44'348,52*32'169,60,Obszar zabudowany,Odcinek prosty,Droga krajowa,Dwie jezdnie jednokierunkowe,N,POWIAT PŁOCK,PŁOCK - OBSZAR MIEJSKI
1,0,3,2018,Pochmurno; Opady deszczu,Zderzenie pojazdów tylne,Pochmurno; Opady deszczu,Światło dzienne,Jezdnia,EWK-106750230T,15,2018-02-01,Lekko,22*15'495,52*11'466,63,Obszar zabudowany,"Zakręt, łuk",Droga krajowa,Jednojezdniowa dwukierunkowa,N,POWIAT SIEDLECKI,SIEDLCE - OBSZAR WIEJSKI
1,0,0,2018,Pochmurno; Opady deszczu,Zderzenie pojazdów tylne,Pochmurno; Opady deszczu,Światło dzienne,Jezdnia,EWK-106750230T,15,2018-02-01,Nieokreślone (puste pole),22*15'495,52*11'466,63,Obszar zabudowany,"Zakręt, łuk",Droga krajowa,Jednojezdniowa dwukierunkowa,N,POWIAT SIEDLECKI,SIEDLCE - OBSZAR WIEJSKI
1,0,1,2018,Pochmurno; Opady deszczu,Zderzenie pojazdów tylne,Pochmurno; Opady deszczu,Światło dzienne,Jezdnia,EWK-107170899X,9,2018-08-11,Lekko,19*43'528,52*34'254,60,Obszar zabudowany,Odcinek prosty,Droga krajowa,Jednojezdniowa dwukierunkowa,N,POWIAT PŁOCK,PŁOCK - OBSZAR MIEJSKI
1,0,0,2018,Pochmurno; Opady deszczu,Zderzenie pojazdów tylne,Pochmurno; Opady deszczu,Światło dzienne,Jezdnia,EWK-107170899X,9,2018-08-11,Nieokreślone (puste pole),19*43'528,52*34'254,60,Obszar zabudowany,Odcinek prosty,Droga krajowa,Jednojezdniowa dwukierunkowa,N,POWIAT PŁOCK,PŁOCK - OBSZAR MIEJSKI
1,0,1,2018,Pochmurno; Opady deszczu,Zderzenie pojazdów tylne,Pochmurno; Opady deszczu,Światło dzienne,Jezdnia,EWK-107398377J,7,2018-10-24,Lekko,20*24'505,52*04'505,GMINNA,Obszar zabudowany,Odcinek prosty,Droga gminna,Jednojezdniowa dwukierunkowa,N,POWIAT ŻYRARDOWSKI,WISKITKI - OBSZAR WIEJSKI
1,0,0,2018,Pochmurno; Opady deszczu,Zderzenie pojazdów tylne,Pochmurno; Opady deszczu,Światło dzienne,Jezdnia,EWK-107398377J,7,2018-10-24,Nieokreślone (puste pole),20*24'505,52*04'505,GMINNA,Obszar zabudowany,Odcinek prosty,Droga gminna,Jednojezdniowa dwukierunkowa,N,POWIAT ŻYRARDOWSKI,WISKITKI - OBSZAR WIEJSKI
1,0,1,2018,Pochmurno; Opady deszczu,Zderzenie pojazdów tylne,Pochmurno; Opady deszczu,Światło dzienne,Jezdnia,EWK-107441883N,13,2018-11-14,Lekko,20*23'591,52*01'360,719,Obszar niezabudowany,,Droga wojewódzka,Jednojezdniowa dwukierunkowa,N,POWIAT ŻYRARDOWSKI,PUSZCZA MARIAŃSKA - OBSZAR WIEJSKI
1,0,0,2018,Pochmurno; Opady deszczu,Zderzenie pojazdów tylne,Pochmurno; Opady deszczu,Światło dzienne,Jezdnia,EWK-107441883N,13,2018-11-14,Nieokreślone (puste pole),20*23'591,52*01'360,719,Obszar niezabudowany,,Droga wojewódzka,Jednojezdniowa dwukierunkowa,N,POWIAT ŻYRARDOWSKI,PUSZCZA MARIAŃSKA - OBSZAR WIEJSKI
1,1,0,2018,"Pochmurno; Opady deszczu; Mgła, dym",Wywrócenie się pojazdu,"Pochmurno; Opady deszczu; Mgła, dym",Światło dzienne,Jezdnia,EWK-107457924J,9,2018-11-23,Nieokreślone (puste pole),20*15'524,52*41'492,P3026W,Obszar niezabudowany,"Zakręt, łuk",Droga powiatowa,Jednojezdniowa dwukierunkowa,N,POWIAT PŁOŃSKI,BABOSZEWO - OBSZAR WIEJSKI
1,0,1,2018,"Pochmurno; Opady deszczu; Opady śniegu, gradu; Mgła, dym",Inne,"Pochmurno; Opady deszczu; Opady śniegu, gradu; Mgła, dym",Światło dzienne,Jezdnia,EWK-107447959T,12,2018-11-18,Ciężko,22*05'544,52*27'402,P4233W,Obszar niezabudowany,Odcinek prosty,Droga powiatowa,Jednojezdniowa dwukierunkowa,N,POWIAT WĘGROWSKI,MIEDZNA - OBSZAR WIEJSKI
1,1,0,2018,"Pochmurno; Opady deszczu; Opady śniegu, gradu; Mgła, dym",Inne,"Pochmurno; Opady deszczu; Opady śniegu, gradu; Mgła, dym",Światło dzienne,Jezdnia,EWK-107447959T,12,2018-11-18,Nieokreślone (puste pole),22*05'544,52*27'402,P4233W,Obszar niezabudowany,Odcinek prosty,Droga powiatowa,Jednojezdniowa dwukierunkowa,N,POWIAT WĘGROWSKI,MIEDZNA - OBSZAR WIEJSKI
1,0,1,2018,"Pochmurno; Opady śniegu, gradu",Zderzenie pojazdów tylne,"Pochmurno; Opady śniegu, gradu",Noc - droga oświetlona,Jezdnia,EWK-106678799D,17,2018-01-16,Lekko,21*09'292,51*24'206,P5312W,Obszar zabudowany,Odcinek prosty,Droga powiatowa,Jednojezdniowa dwukierunkowa,N,POWIAT RADOM,RADOM - OBSZAR MIEJSKI
1,0,0,2018,"Pochmurno; Opady śniegu, gradu",Zderzenie pojazdów tylne,"Pochmurno; Opady śniegu, gradu",Noc - droga oświetlona,Jezdnia,EWK-106678799D,17,2018-01-16,Nieokreślone (puste pole),21*09'292,51*24'206,P5312W,Obszar zabudowany,Odcinek prosty,Droga powiatowa,Jednojezdniowa dwukierunkowa,N,POWIAT RADOM,RADOM - OBSZAR MIEJSKI
1,0,2,2018,"Pochmurno; Opady śniegu, gradu",Zderzenie pojazdów tylne,"Pochmurno; Opady śniegu, gradu",Światło dzienne,Jezdnia,EWK-106737261K,10,2018-02-15,Lekko,21*23'333,51*22'379,12,Obszar niezabudowany,Odcinek prosty,Droga krajowa,Jednojezdniowa dwukierunkowa,N,POWIAT RADOMSKI,GÓZD - OBSZAR WIEJSKI
1,0,0,2018,"Pochmurno; Opady śniegu, gradu",Zderzenie pojazdów tylne,"Pochmurno; Opady śniegu, gradu",Światło dzienne,Jezdnia,EWK-106737261K,10,2018-02-15,Nieokreślone (puste pole),21*23'333,51*22'379,12,Obszar niezabudowany,Odcinek prosty,Droga krajowa,Jednojezdniowa dwukierunkowa,N,POWIAT RADOMSKI,GÓZD - OBSZAR WIEJSKI
1,0,1,2018,Silny wiatr,Najechanie na pojazd unieruchomiony,Silny wiatr,Światło dzienne,Jezdnia,EWK-106705150C,14,2018-01-30,Ciężko,19*50'222,52*48'242,10,Obszar niezabudowany,Odcinek prosty,Droga krajowa,Jednojezdniowa dwukierunkowa,N,POWIAT SIERPECKI,ZAWIDZ - OBSZAR WIEJSKI
1,0,0,2018,Silny wiatr,Najechanie na pojazd unieruchomiony,Silny wiatr,Światło dzienne,Jezdnia,EWK-106705150C,14,2018-01-30,Nieokreślone (puste pole),19*50'222,52*48'242,10,Obszar niezabudowany,Odcinek prosty,Droga krajowa,Jednojezdniowa dwukierunkowa,N,POWIAT SIERPECKI,ZAWIDZ - OBSZAR WIEJSKI
1,0,1,2018,Silny wiatr,Najechanie na zwierzę,Silny wiatr,Noc - droga nieoświetlona,Jezdnia,EWK-106923855L,20,2018-05-03,Ciężko,20*51'450,53*08'303,57,Obszar niezabudowany,Odcinek prosty,Droga krajowa,Jednojezdniowa dwukierunkowa,N,POWIAT PRZASNYSKI,KRZYNOWŁOGA MAŁA - OBSZAR WIEJSKI
1,0,0,2018,Silny wiatr,Najechanie na zwierzę,Silny wiatr,Noc - droga nieoświetlona,Jezdnia,EWK-106923855L,20,2018-05-03,Nieokreślone (puste pole),20*51'450,53*08'303,57,Obszar niezabudowany,Odcinek prosty,Droga krajowa,Jednojezdniowa dwukierunkowa,N,POWIAT PRZASNYSKI,KRZYNOWŁOGA MAŁA - OBSZAR WIEJSKI
1,0,1,2018,Silny wiatr,Wywrócenie się pojazdu,Silny wiatr,Noc - droga oświetlona,"Skarpa, rów",EWK-107311684G,20,2018-09-24,Lekko,19*44'201,52*31'251,P0244T,Obszar zabudowany,"Zakręt, łuk",Droga powiatowa,Jednojezdniowa dwukierunkowa,N,POWIAT PŁOCK,PŁOCK - OBSZAR MIEJSKI
1,0,1,2018,Silny wiatr,Zderzenie pojazdów boczne,Silny wiatr,Noc - droga oświetlona,Jezdnia,EWK-107314944R,22,2018-09-24,Lekko,20*42'238,51*21'567,12,Obszar zabudowany,,Droga krajowa,Jednojezdniowa dwukierunkowa,N,POWIAT PRZYSUSKI,PRZYSUCHA - OBSZAR WIEJSKI
1,0,0,2018,Silny wiatr,Zderzenie pojazdów boczne,Silny wiatr,Noc - droga oświetlona,Jezdnia,EWK-107314944R,22,2018-09-24,Nieokreślone (puste pole),20*42'238,51*21'567,12,Obszar zabudowany,,Droga krajowa,Jednojezdniowa dwukierunkowa,N,POWIAT PRZYSUSKI,PRZYSUCHA - OBSZAR WIEJSKI
1,0,3,2018,Silny wiatr,Zderzenie pojazdów boczne,Silny wiatr,Światło dzienne,Jezdnia,EWK-106871848P,15,2018-04-01,Lekko,21*16'386,51*24'207,GMINNA,Obszar zabudowany,,Droga gminna,Jednojezdniowa dwukierunkowa,N,POWIAT RADOMSKI,JEDLNIA-LETNISKO - OBSZAR WIEJSKI
1,0,0,2018,Silny wiatr,Zderzenie pojazdów boczne,Silny wiatr,Światło dzienne,Jezdnia,EWK-106871848P,15,2018-04-01,Nieokreślone (puste pole),21*16'386,51*24'207,GMINNA,Obszar zabudowany,,Droga gminna,Jednojezdniowa dwukierunkowa,N,POWIAT RADOMSKI,JEDLNIA-LETNISKO - OBSZAR WIEJSKI
1,1,0,2018,Silny wiatr,Zderzenie pojazdów czołowe,Silny wiatr,Światło dzienne,Jezdnia,EWK-107400027X,14,2018-10-24,Nieokreślone (puste pole),20*33'415,52*00'089,S8,Obszar niezabudowany,Odcinek prosty,Droga krajowa,Ekspresowa,N,POWIAT ŻYRARDOWSKI,RADZIEJOWICE - OBSZAR WIEJSKI
1,0,1,2018,Silny wiatr,Zderzenie pojazdów czołowe,Silny wiatr,"Świt, zmrok",Jezdnia,EWK-107070973G,5,2018-06-28,Lekko,21*08'169,51*26'565,G530061W,Obszar zabudowany,,Droga gminna,Jednojezdniowa dwukierunkowa,N,POWIAT RADOM,RADOM - OBSZAR MIEJSKI
1,0,0,2018,Silny wiatr,Zderzenie pojazdów czołowe,Silny wiatr,"Świt, zmrok",Jezdnia,EWK-107070973G,5,2018-06-28,Nieokreślone (puste pole),21*08'169,51*26'565,G530061W,Obszar zabudowany,,Droga gminna,Jednojezdniowa dwukierunkowa,N,POWIAT RADOM,RADOM - OBSZAR MIEJSKI
1,0,1,2018,Silny wiatr; Opady deszczu,Inne,Silny wiatr; Opady deszczu,Światło dzienne,Pobocze,EWK-107397344Q,14,2018-10-23,Lekko,21*21'360,51*35'060,P1716W,Obszar niezabudowany,"Zakręt, łuk",Droga powiatowa,Jednojezdniowa dwukierunkowa,N,POWIAT KOZIENICKI,GŁOWACZÓW - OBSZAR WIEJSKI
1,0,1,2018,Silny wiatr; Opady deszczu,Inne,Silny wiatr; Opady deszczu,"Świt, zmrok",Jezdnia,EWK-107395813U,4,2018-10-24,Lekko,20*46'464,51*44'248,P1628W,Obszar zabudowany,Odcinek prosty,Droga powiatowa,Jednojezdniowa dwukierunkowa,T,POWIAT GRÓJECKI,MOGIELNICA - OBSZAR WIEJSKI
1,0,0,2018,Silny wiatr; Opady deszczu,Inne,Silny wiatr; Opady deszczu,"Świt, zmrok",Jezdnia,EWK-107395813U,4,2018-10-24,Nieokreślone (puste pole),20*46'464,51*44'248,P1628W,Obszar zabudowany,Odcinek prosty,Droga powiatowa,Jednojezdniowa dwukierunkowa,T,POWIAT GRÓJECKI,MOGIELNICA - OBSZAR WIEJSKI
1,0,1,2018,Silny wiatr; Opady deszczu,Najechanie na pieszego,Silny wiatr; Opady deszczu,"Świt, zmrok",Przejście dla pieszych,EWK-107408726M,19,2018-10-28,Ciężko,21*34'461,53*04'544,P5102W,Obszar zabudowany,Odcinek prosty,Droga powiatowa,Dwie jezdnie jednokierunkowe,T,POWIAT OSTROŁĘKA,OSTROŁĘKA - OBSZAR MIEJSKI
1,0,0,2018,Silny wiatr; Opady deszczu,Najechanie na pieszego,Silny wiatr; Opady deszczu,"Świt, zmrok",Przejście dla pieszych,EWK-107408726M,19,2018-10-28,Nieokreślone (puste pole),21*34'461,53*04'544,P5102W,Obszar zabudowany,Odcinek prosty,Droga powiatowa,Dwie jezdnie jednokierunkowe,T,POWIAT OSTROŁĘKA,OSTROŁĘKA - OBSZAR MIEJSKI
1,0,1,2018,Silny wiatr; Opady deszczu,"Najechanie na słup, znak",Silny wiatr; Opady deszczu,Noc - droga oświetlona,Jezdnia,EWK-107409980L,23,2018-10-28,Lekko,20*23'137,52*36'579,I2,Obszar zabudowany,Odcinek prosty,Inna,Jednokierunkowa,N,POWIAT PŁOŃSKI,PŁOŃSK - OBSZAR MIEJSKI
1,0,0,2018,Silny wiatr; Opady deszczu,"Najechanie na słup, znak",Silny wiatr; Opady deszczu,Noc - droga oświetlona,Jezdnia,EWK-107409980L,23,2018-10-28,Nieokreślone (puste pole),20*23'137,52*36'579,I2,Obszar zabudowany,Odcinek prosty,Inna,Jednokierunkowa,N,POWIAT PŁOŃSKI,PŁOŃSK - OBSZAR MIEJSKI
1,1,0,2018,Silny wiatr; Opady deszczu,Zderzenie pojazdów czołowe,Silny wiatr; Opady deszczu,Światło dzienne,Jezdnia,EWK-107398742R,11,2018-10-24,Nieokreślone (puste pole),21*33'271,51*32'365,79,Obszar niezabudowany,"Zakręt, łuk",Droga krajowa,Jednojezdniowa dwukierunkowa,N,POWIAT KOZIENICKI,KOZIENICE - OBSZAR WIEJSKI
1,0,2,2018,Silny wiatr; Opady deszczu,Zderzenie pojazdów czołowe,Silny wiatr; Opady deszczu,Światło dzienne,Jezdnia,EWK-107400786H,8,2018-10-25,Ciężko,20*51'260,51*47'323,P1638W,Obszar niezabudowany,Odcinek prosty,Droga powiatowa,Jednojezdniowa dwukierunkowa,N,POWIAT GRÓJECKI,BELSK DUŻY - OBSZAR WIEJSKI
1,0,1,2018,"Silny wiatr; Opady śniegu, gradu",Zderzenie pojazdów boczne,"Silny wiatr; Opady śniegu, gradu",Światło dzienne,Jezdnia,EWK-106800925C,15,2018-03-16,Lekko,20*54'359,51*40'152,P1104W,Obszar niezabudowany,,Droga powiatowa,Jednojezdniowa dwukierunkowa,N,POWIAT BIAŁOBRZESKI,PROMNA - OBSZAR WIEJSKI
1,0,0,2018,"Silny wiatr; Opady śniegu, gradu",Zderzenie pojazdów boczne,"Silny wiatr; Opady śniegu, gradu",Światło dzienne,Jezdnia,EWK-106800925C,15,2018-03-16,Nieokreślone (puste pole),20*54'359,51*40'152,P1104W,Obszar niezabudowany,,Droga powiatowa,Jednojezdniowa dwukierunkowa,N,POWIAT BIAŁOBRZESKI,PROMNA - OBSZAR WIEJSKI
1,0,4,2018,"Silny wiatr; Opady śniegu, gradu",Zderzenie pojazdów czołowe,"Silny wiatr; Opady śniegu, gradu",Światło dzienne,Jezdnia,EWK-106799934Q,16,2018-03-16,Lekko,21*20'394,51*53'085,801,Obszar zabudowany,Odcinek prosty,Droga wojewódzka,Jednojezdniowa dwukierunkowa,N,POWIAT GARWOLIŃSKI,WILGA - OBSZAR WIEJSKI
1,0,0,2018,"Silny wiatr; Opady śniegu, gradu",Zderzenie pojazdów czołowe,"Silny wiatr; Opady śniegu, gradu",Światło dzienne,Jezdnia,EWK-106799934Q,16,2018-03-16,Nieokreślone (puste pole),21*20'394,51*53'085,801,Obszar zabudowany,Odcinek prosty,Droga wojewódzka,Jednojezdniowa dwukierunkowa,N,POWIAT GARWOLIŃSKI,WILGA - OBSZAR WIEJSKI
1,0,1,2018,Silny wiatr; Pochmurno,Wywrócenie się pojazdu,Silny wiatr; Pochmurno,Światło dzienne,Pobocze,EWK-107402279D,16,2018-10-25,Lekko,20*13'536,53*06'474,P2328W,Obszar zabudowany,Odcinek prosty,Droga powiatowa,Jednojezdniowa dwukierunkowa,N,POWIAT MŁAWSKI,LIPOWIEC KOŚCIELNY - OBSZAR WIEJSKI
1,0,0,2018,Silny wiatr; Pochmurno,Wywrócenie się pojazdu,Silny wiatr; Pochmurno,Światło dzienne,Pobocze,EWK-107402279D,16,2018-10-25,Nieokreślone (puste pole),20*13'536,53*06'474,P2328W,Obszar zabudowany,Odcinek prosty,Droga powiatowa,Jednojezdniowa dwukierunkowa,N,POWIAT MŁAWSKI,LIPOWIEC KOŚCIELNY - OBSZAR WIEJSKI
1,0,1,2018,Silny wiatr; Pochmurno,Zderzenie pojazdów czołowe,Silny wiatr; Pochmurno,Noc - droga nieoświetlona,Jezdnia,EWK-106660530H,23,2018-01-04,Lekko,21*34'116,53*25'442,2519W,Obszar niezabudowany,"Zakręt, łuk",Droga powiatowa,Jednojezdniowa dwukierunkowa,T,POWIAT OSTROŁĘCKI,ŁYSE - OBSZAR WIEJSKI
1,0,0,2018,Silny wiatr; Pochmurno,Zderzenie pojazdów czołowe,Silny wiatr; Pochmurno,Noc - droga nieoświetlona,Jezdnia,EWK-106660530H,23,2018-01-04,Nieokreślone (puste pole),21*34'116,53*25'442,2519W,Obszar niezabudowany,"Zakręt, łuk",Droga powiatowa,Jednojezdniowa dwukierunkowa,T,POWIAT OSTROŁĘCKI,ŁYSE - OBSZAR WIEJSKI
1,0,1,2018,Silny wiatr; Pochmurno,Zderzenie pojazdów tylne,Silny wiatr; Pochmurno,"Świt, zmrok",Jezdnia,EWK-107338630L,6,2018-10-03,Lekko,21*33'373,51*53'126,76,Obszar niezabudowany,Odcinek prosty,Droga krajowa,Jednojezdniowa dwukierunkowa,N,POWIAT GARWOLIŃSKI,GARWOLIN - OBSZAR WIEJSKI
1,0,0,2018,Silny wiatr; Pochmurno,Zderzenie pojazdów tylne,Silny wiatr; Pochmurno,"Świt, zmrok",Jezdnia,EWK-107338630L,6,2018-10-03,Nieokreślone (puste pole),21*33'373,51*53'126,76,Obszar niezabudowany,Odcinek prosty,Droga krajowa,Jednojezdniowa dwukierunkowa,N,POWIAT GARWOLIŃSKI,GARWOLIN - OBSZAR WIEJSKI
1,0,1,2018,Silny wiatr; Pochmurno; Opady deszczu,Najechanie na pieszego,Silny wiatr; Pochmurno; Opady deszczu,Noc - droga oświetlona,Jezdnia,EWK-106656864D,16,2018-01-03,Lekko,20*34'065,52*54'561,G120808W,Obszar zabudowany,Odcinek prosty,Droga gminna,Jednojezdniowa dwukierunkowa,T,POWIAT CIECHANOWSKI,REGIMIN - OBSZAR WIEJSKI
1,0,0,2018,Silny wiatr; Pochmurno; Opady deszczu,Najechanie na pieszego,Silny wiatr; Pochmurno; Opady deszczu,Noc - droga oświetlona,Jezdnia,EWK-106656864D,16,2018-01-03,Nieokreślone (puste pole),20*34'065,52*54'561,G120808W,Obszar zabudowany,Odcinek prosty,Droga gminna,Jednojezdniowa dwukierunkowa,T,POWIAT CIECHANOWSKI,REGIMIN - OBSZAR WIEJSKI
1,0,1,2018,Silny wiatr; Pochmurno; Opady deszczu,Najechanie na pieszego,Silny wiatr; Pochmurno; Opady deszczu,Światło dzienne,Przejście dla pieszych,EWK-107398627R,15,2018-10-23,Ciężko,22*16'003,52*09'472,,Obszar zabudowany,Odcinek prosty,Nieokreślone (puste pole),Jednojezdniowa dwukierunkowa,N,POWIAT SIEDLCE,SIEDLCE - OBSZAR MIEJSKI
1,0,0,2018,Silny wiatr; Pochmurno; Opady deszczu,Najechanie na pieszego,Silny wiatr; Pochmurno; Opady deszczu,Światło dzienne,Przejście dla pieszych,EWK-107398627R,15,2018-10-23,Nieokreślone (puste pole),22*16'003,52*09'472,,Obszar zabudowany,Odcinek prosty,Nieokreślone (puste pole),Jednojezdniowa dwukierunkowa,N,POWIAT SIEDLCE,SIEDLCE - OBSZAR MIEJSKI
1,0,1,2018,Silny wiatr; Pochmurno; Opady deszczu,Zderzenie pojazdów boczne,Silny wiatr; Pochmurno; Opady deszczu,Światło dzienne,Jezdnia,EWK-107402822E,15,2018-10-25,Lekko,20*17'267,52*49'082,60,Obszar zabudowany,,Droga krajowa,Jednojezdniowa dwukierunkowa,N,POWIAT CIECHANOWSKI,GLINOJECK - OBSZAR MIEJSKI
1,0,0,2018,Silny wiatr; Pochmurno; Opady deszczu,Zderzenie pojazdów boczne,Silny wiatr; Pochmurno; Opady deszczu,Światło dzienne,Jezdnia,EWK-107402822E,15,2018-10-25,Nieokreślone (puste pole),20*17'267,52*49'082,60,Obszar zabudowany,,Droga krajowa,Jednojezdniowa dwukierunkowa,N,POWIAT CIECHANOWSKI,GLINOJECK - OBSZAR MIEJSKI
1,0,2,2018,Silny wiatr; Pochmurno; Opady deszczu,Zderzenie pojazdów czołowe,Silny wiatr; Pochmurno; Opady deszczu,Światło dzienne,Jezdnia,EWK-107399337W,10,2018-10-24,Lekko,20*25'651,53*10'741,7,Obszar niezabudowany,Odcinek prosty,Droga krajowa,Jednojezdniowa dwukierunkowa,N,POWIAT MŁAWSKI,WIECZFNIA KOŚCIELNA - OBSZAR WIEJSKI
1,0,0,2018,Silny wiatr; Pochmurno; Opady deszczu,Zderzenie pojazdów czołowe,Silny wiatr; Pochmurno; Opady deszczu,Światło dzienne,Jezdnia,EWK-107399337W,10,2018-10-24,Nieokreślone (puste pole),20*25'651,53*10'741,7,Obszar niezabudowany,Odcinek prosty,Droga krajowa,Jednojezdniowa dwukierunkowa,N,POWIAT MŁAWSKI,WIECZFNIA KOŚCIELNA - OBSZAR WIEJSKI